Workbook
Name _1: #REF!
Name _1: #REF!
Name _1: #REF!
Name _1: #REF!
Name _1: #REF!
Name _2: #REF!
Name _2: #REF!
Name _2: #REF!
Name _2: #REF!
Name _3: #REF!
Name _3: #REF!
Name _3: #REF!
Name _3: #REF!
Name _4: #REF!
Name a: #REF!
Name a: #REF!
Name AA: #REF!
Name AA: #REF!
Name AB: #REF!
Name AB: #REF!
Name AC: #REF!
Name AD: #REF!
Name AE: #REF!
Name AF: #REF!
Name AG: #REF!
Name AH: #REF!
Name AI: #REF!
Name AK: #REF!
Name AL: #REF!
Name AM: #REF!
Name AN: #REF!
Name AS: #REF!
Name CL: #REF!
Name D: #REF!
Name E: #REF!
Name F: #REF!
Name G: #REF!
Name H: #REF!
Name I: #REF!
Name J: #REF!
Name K: #REF!
Name L: #REF!
Name M: #REF!
Name N: #REF!
Name O: #REF!
Name P: #REF!
Name Q: #REF!
Name Q: #REF!
Name RL: #REF!
Name RL: #REF!
Name RM: #REF!
Name rmisp: #REF!
Name S: #REF!
Name S: #REF!
Name T: #REF!
Name U: #REF!
Name V: #REF!
Name W: #REF!
Name X: #REF!
Name Y: #REF!

Sheet Maj Production Summ
B1: MAJOR PRODUCTION SUMMARY | D1: 365 | E1: 30 | F1: 30 | G1: 31 | H1: 31 | I1: =+E1+G1 -> 61 | J1: =+F1+H1 -> 61 | K1: 30 | L1: 30 | M1: =+I1+K1 -> 91 | N1: =+J1+L1 -> 91 | O1: 31 | P1: 31 | Q1: =+M1+O1 -> 122 | R1: =+N1+P1 -> 122 | S1: 31 | T1: 31 | U1: =+Q1+S1 -> 153 | V1: =+R1+T1 -> 153 | W1: 30 | X1: 30 | Y1: =+O1+S1+W1 -> 92 | Z1: =+P1+T1+X1 -> 92 | AA1: =+U1+W1 -> 183 | AB1: =+V1+X1 -> 183 | AC1: 31 | AD1: 31 | AE1: =+AA1+AC1 -> 214 | AF1: =+AB1+AD1 -> 214 | AG1: 30 | AH1: 30 | AI1: =+AE1+AG1 -> 244 | AJ1: =+AF1+AH1 -> 244 | AK1: 31 | AL1: 31 | AM1: =+AC1+AG1+AK1 -> 92 | AN1: =+AD1+AH1+AL1 -> 92 | AO1: =+AI1+AK1 -> 275 | AP1: =+AJ1+AL1 -> 275 | AQ1: 31 | AR1: 31 | AS1: =+AO1+AQ1 -> 306 | AT1: =+AP1+AR1 -> 306 | AU1: 28 | AV1: 28 | AW1: =+AS1+AU1 -> 334 | AX1: =+AT1+AV1 -> 334 | AY1: 31 | AZ1: 31 | BA1: =+AQ1+AU1+AY1 -> 90 | BB1: =+AR1+AV1+AZ1 -> 90 | BC1: =+BA1+AM1 -> 182 | BD1: =+BB1+AN1 -> 182 | BE1: =+AW1+AY1 -> 365 | BF1: =+AX1+AZ1 -> 365 | BG1: 365 | BH1: 365 | BI1: 366 | BJ1: 366
D2: 365 | E2: 30 | F2: 30 | G2: 31 | H2: 31 | I2: =+E2+G2 -> 61 | J2: =+F2+H2 -> 61 | K2: 30 | L2: 30 | M2: =+I2+K2 -> 91 | N2: =+J2+L2 -> 91 | O2: 31 | P2: 31 | Q2: =+M2+O2 -> 122 | R2: =+N2+P2 -> 122 | S2: 31 | T2: 31 | U2: =+Q2+S2 -> 153 | V2: =+R2+T2 -> 153 | W2: 30 | X2: 30 | Y2: =+O2+S2+W2 -> 92 | Z2: =+P2+T2+X2 -> 92 | AA2: =+U2+W2 -> 183 | AB2: =+V2+X2 -> 183 | AC2: 31 | AD2: 31 | AE2: =+AA2+AC2 -> 214 | AF2: =+AB2+AD2 -> 214 | AG2: 30 | AH2: 30 | AI2: =+AE2+AG2 -> 244 | AJ2: =+AF2+AH2 -> 244 | AK2: 31 | AL2: 31 | AM2: =+AC2+AG2+AK2 -> 92 | AN2: =+AD2+AH2+AL2 -> 92 | AO2: =+AI2+AK2 -> 275 | AP2: =+AJ2+AL2 -> 275 | AQ2: 31 | AR2: 31 | AS2: =+AO2+AQ2 -> 306 | AT2: =+AP2+AR2 -> 306 | AU2: 28 | AV2: 28 | AW2: =+AS2+AU2 -> 334 | AX2: =+AT2+AV2 -> 334 | AY2: 31 | AZ2: 31 | BA2: =+AQ2+AU2+AY2 -> 90 | BB2: =+AR2+AV2+AZ2 -> 90 | BC2: =+BA2+AM2 -> 182 | BD2: =+BB2+AN2 -> 182 | BE2: =+AW2+AY2 -> 365 | BF2: =+AX2+AZ2 -> 365 | BG2: 365 | BH2: 365 | BI2: 366 | BJ2: 366
B3: ITEM | C3: Unit | D3: 2021-22 ABP | E3: Apr'21 | G3: May'21 | I3: 2M | K3: Jun'21 | M3: QTR-1 | O3: Jul'21 | Q3: 4M | S3: Aug'21 | U3: 5M | W3: Sep'21 | Y3: QTR 2 | AA3: H1 | AC3: Oct'21 | AE3: 7M | AG3: Nov'21 | AI3: 8M | AK3: Dec'21 | AM3: QTR 3 | AO3: 9 M | AQ3: Jan'22 | AS3: 10M | AU3: Feb'22 | AW3: 11M | AY3: Mar'22 | BA3: QTR 4 | BC3: H2 | BE3: 2021-22 | BG3: 2020-21 | BI3: 2019-20 | BL3: 350 | BM3: =2.7*1000000 -> 2700000
E4: ABP | F4: ACT | G4: ABP | H4: ACT | I4: ABP | J4: ACT | K4: ABP | L4: ACT | M4: ABP | N4: ACT | O4: ABP | P4: ACT | Q4: ABP | R4: ACT | S4: ABP | T4: ACT | U4: ABP | V4: ACT | W4: ABP | X4: ACT | Y4: ABP | Z4: ACT | AA4: ABP | AB4: ACT | AC4: ABP | AD4: ACT | AE4: ABP | AF4: ACT | AG4: ABP | AH4: ACT | AI4: ABP | AJ4: ACT | AK4: ABP | AL4: ACT | AM4: ABP | AN4: ACT | AO4: ABP | AP4: ACT | AQ4: ABP | AR4: ACT | AS4: ABP | AT4: ACT | AU4: ABP | AV4: ACT | AW4: ABP | AX4: ACT | AY4: ABP | AZ4: ACT | BA4: ABP | BB4: ACT | BC4: ABP | BD4: ACT | BE4: ABP | BF4: ACT | BG4: ABP | BH4: ACT | BI4: ABP | BJ4: ACT | BL4: 1 | BM4: =+BM3/BL3 -> 7714.2857
B5: COKE OVENS PUSHING | BL5: 336 | BM5: =+BM4*BL5 -> 2592000
B6: (COB#10) | C6: Nos/ day | D6: 99 | E6: 99 | F6: =+F9/F2 -> 97.666667 | G6: 99 | H6: =+H9/H2 -> 97.83871 | I6: =+((E6*$E$2)+(G6*$G$2))/$I$2 -> 99 | J6: =+((F6*$F$2)+(H6*$H$2))/$J$2 -> 97.754098 | K6: 99 | L6: =+L9/L2 -> 96.266667 | M6: =+((I6*$I$2)+(K6*$K$2))/$M$2 -> 99 | N6: =+((J6*$J$2)+(L6*$L$2))/$N$2 -> 97.263736 | O6: 99 | P6: =+P9/P2 -> 97.677419 | Q6: =+((M6*M$2)+(O6*O$2))/Q$2 -> 99 | R6: =+((N6*N$2)+(P6*P$2))/R$2 -> 97.368852 | S6: 99 | T6: =+T9/T2 -> 98.967742 | U6: =+((Q6*Q$2)+(S6*S$2))/U$2 -> 99 | V6: =+((R6*R$2)+(T6*T$2))/V$2 -> 97.69281 | W6: 99 | X6: =+X9/X2 -> 97.266667 | Y6: =+((O$6*O$1)+(S$6*S$1)+(W$6*W$1))/Y$1 -> 99 | Z6: =+((P$6*P$1)+(T$6*T$1)+(X$6*X$1))/Z$1 -> 97.978261 | AA6: =+((U6*U$2)+(W6*W$2))/AA$2 -> 99 | AB6: =+((V6*V$2)+(X6*X$2))/AB$2 -> 97.622951 | AC6: 99 | AD6: =+AD9/AD2 -> 95.193548 | AE6: =+((AA6*AA$2)+(AC6*AC$2))/AE$2 -> 99 | AF6: =+((AB6*AB$2)+(AD6*AD$2))/AF$2 -> 97.271028 | AG6: 99 | AH6: =+AH9/AH2 -> 98.533333 | AI6: =+((AE6*AE$2)+(AG6*AG$2))/AI$2 -> 99 | AJ6: =+((AF6*AF$2)+(AH6*AH$2))/AJ$2 -> 97.42623 | AK6: 99 | AL6: =+AL9/AL2 -> 99.096774 | AM6: =+((AC$6*AC$1)+(AG$6*AG$1)+(AK$6*AK$1))/AM$1 -> 99 | AN6: =+((AD$6*AD$1)+(AH$6*AH$1)+(AL$6*AL$1))/AN$1 -> 97.597826 | AO6: =+((AI6*AI$2)+(AK6*AK$2))/AO$2 -> 99 | AP6: =+((AJ6*AJ$2)+(AL6*AL$2))/AP$2 -> 97.614545 | AQ6: 99 | AR6: =+AR9/AR2 -> 99 | AS6: =+((AO6*AO$2)+(AQ6*AQ$2))/AS$2 -> 99 | AT6: =+((AP6*AP$2)+(AR6*AR$2))/AT$2 -> 97.754902 | AU6: 99 | AV6: =+AV9/AV2 -> 98.892857 | AW6: =+((AS6*AS$2)+(AU6*AU$2))/AW$2 -> 99 | AX6: =+((AT6*AT$2)+(AV6*AV$2))/AX$2 -> 97.850299 | AY6: 99 | AZ6: =+AZ9/AZ2 -> 97.548387 | BA6: =+((AQ$6*AQ$1)+(AU$6*AU$1)+(AY$6*AY$1))/BA$1 -> 99 | BB6: =+((AR$6*AR$1)+(AV$6*AV$1)+(AZ$6*AZ$1))/BB$1 -> 98.466667 | BC6: =+((AM6*AM$2)+(BA6*BA$2))/BC$2 -> 99 | BD6: =+((AN6*AN$2)+(BB6*BB$2))/BD$2 -> 98.027473 | BE6: =+((AW6*AW$2)+(AY6*AY$2))/BE$2 -> 99 | BF6: =+((AX6*AX$2)+(AZ6*AZ$2))/BF$2 -> 97.824658 | BG6: 95.547945 | BH6: 95.342466 | BI6: 97 | BJ6: 97.10959
B7: (COB#11) | C7: Nos/ day | D7: 99 | E7: 99 | F7: =+F10/F2 -> 92.033333 | G7: 99 | H7: =+H10/H2 -> 93.225806 | I7: =+((E7*$E$2)+(G7*$G$2))/$I$2 -> 99 | J7: =+((F7*$F$2)+(H7*$H$2))/$J$2 -> 92.639344 | K7: 99 | L7: =+L10/L2 -> 95.133333 | M7: =+((I7*$I$2)+(K7*$K$2))/$M$2 -> 99 | N7: =+((J7*$J$2)+(L7*$L$2))/$N$2 -> 93.461538 | O7: 99 | P7: =+P10/P2 -> 92.935484 | Q7: =+((M7*M$2)+(O7*O$2))/Q$2 -> 99 | R7: =+((N7*N$2)+(P7*P$2))/R$2 -> 93.327869 | S7: 99 | T7: =+T10/T2 -> 97.967742 | U7: =+((Q7*Q$2)+(S7*S$2))/U$2 -> 99 | V7: =+((R7*R$2)+(T7*T$2))/V$2 -> 94.267974 | W7: 99 | X7: =+X10/X2 -> 98.133333 | Y7: =+((O$7*O$1)+(S$7*S$1)+(W$7*W$1))/Y$1 -> 99 | Z7: =+((P$7*P$1)+(T$7*T$1)+(X$7*X$1))/Z$1 -> 96.326087 | AA7: =+((U7*U$2)+(W7*W$2))/AA$2 -> 99 | AB7: =+((V7*V$2)+(X7*X$2))/AB$2 -> 94.901639 | AC7: 99 | AD7: =+AD10/AD2 -> 98.83871 | AE7: =+((AA7*AA$2)+(AC7*AC$2))/AE$2 -> 99 | AF7: =+((AB7*AB$2)+(AD7*AD$2))/AF$2 -> 95.471963 | AG7: 99 | AH7: =+AH10/AH2 -> 98.8 | AI7: =+((AE7*AE$2)+(AG7*AG$2))/AI$2 -> 99 | AJ7: =+((AF7*AF$2)+(AH7*AH$2))/AJ$2 -> 95.881148 | AK7: 99 | AL7: =+AL10/AL2 -> 98.387097 | AM7: =+((AC$7*AC$1)+(AG$7*AG$1)+(AK$7*AK$1))/AM$1 -> 99 | AN7: =+((AD$7*AD$1)+(AH$7*AH$1)+(AL$7*AL$1))/AN$1 -> 98.673913 | AO7: =+((AI7*AI$2)+(AK7*AK$2))/AO$2 -> 99 | AP7: =+((AJ7*AJ$2)+(AL7*AL$2))/AP$2 -> 96.163636 | AQ7: 99 | AR7: =+AR10/AR2 -> 98.709677 | AS7: =+((AO7*AO$2)+(AQ7*AQ$2))/AS$2 -> 99 | AT7: =+((AP7*AP$2)+(AR7*AR$2))/AT$2 -> 96.421569 | AU7: 99 | AV7: =+AV10/AV2 -> 98.857143 | AW7: =+((AS7*AS$2)+(AU7*AU$2))/AW$2 -> 99 | AX7: =+((AT7*AT$2)+(AV7*AV$2))/AX$2 -> 96.625749 | AY7: 99 | AZ7: =+AZ10/AZ2 -> 98.870968 | BA7: =+((AQ$7*AQ$1)+(AU$7*AU$1)+(AY$7*AY$1))/BA$1 -> 99 | BB7: =+((AR$7*AR$1)+(AV$7*AV$1)+(AZ$7*AZ$1))/BB$1 -> 98.811111 | BC7: =+((AM7*AM$2)+(BA7*BA$2))/BC$2 -> 99 | BD7: =+((AN7*AN$2)+(BB7*BB$2))/BD$2 -> 98.741758 | BE7: =+((AW7*AW$2)+(AY7*AY$2))/BE$2 -> 99 | BF7: =+((AX7*AX$2)+(AZ7*AZ$2))/BF$2 -> 96.816438 | BG7: 94.2 | BH7: 90.778082 | BI7: 97 | BJ7: 95.710246
B8: Overall Equiv. Ovens Pushed/ Day | C8: Nos/ day | D8: 281 | E8: =E6+(E7*1.8343023255814) -> 280.59593 | F8: =F6+(F7*1.8343023255814) -> 266.48362 | G8: =G6+(G7*1.8343023255814) -> 280.59593 | H8: =H6+(H7*1.8343023255814) -> 268.84302 | I8: =I6+(I7*1.8343023255814) -> 280.59593 | J8: =J6+(J7*1.8343023255814) -> 267.68266 | K8: =K6+(K7*1.8343023255814) -> 280.59593 | L8: =L6+(L7*1.8343023255814) -> 270.76996 | ... BF8: =BF6+(BF7*1.8343023255814) -> 275.41528 | BG8: 268.33922 | BH8: 261.85691 | BI8: 274.92733 | BJ8: 272.67112
B9: (COB#10) | C9: Nos | D9: =+D6*D2 -> 36135 | E9: =+E6*E2 -> 2970 | F9: 2930 | G9: =+G6*G2 -> 3069 | H9: 3033 | I9: =+I6*I2 -> 6039 | J9: =+F9+H9 -> 5963 | K9: =+K6*K2 -> 2970 | L9: 2888 | M9: =+I9+K9 -> 9009 | N9: =+J9+L9 -> 8851 | O9: =+O6*O2 -> 3069 | P9: 3028 | Q9: =+M9+O9 -> 12078 | R9: =+N9+P9 -> 11879 | S9: =+S6*S2 -> 3069 | T9: 3068 | U9: =+Q9+S9 -> 15147 | V9: =+R9+T9 -> 14947 | W9: =+W6*W2 -> 2970 | X9: 2918 | Y9: =+O9+S9+W9 -> 9108 | Z9: =+P9+T9+X9 -> 9014 | AA9: =+U9+W9 -> 18117 | AB9: =+V9+X9 -> 17865 | AC9: =+AC6*AC2 -> 3069 | AD9: 2951 | AE9: =+AA9+AC9 -> 21186 | AF9: =+AB9+AD9 -> 20816 | AG9: =+AG6*AG2 -> 2970 | AH9: 2956 | AI9: =+AE9+AG9 -> 24156 | AJ9: =+AF9+AH9 -> 23772 | AK9: =+AK6*AK2 -> 3069 | AL9: 3072 | AM9: =+AC9+AG9+AK9 -> 9108 | AN9: =+AD9+AH9+AL9 -> 8979 | AO9: =+AI9+AK9 -> 27225 | AP9: =+AJ9+AL9 -> 26844 | AQ9: =+AQ6*AQ2 -> 3069 | AR9: 3069 | AS9: =+AO9+AQ9 -> 30294 | AT9: =+AP9+AR9 -> 29913 | AU9: =+AU6*AU2 -> 2772 | AV9: 2769 | AW9: =+AS9+AU9 -> 33066 | AX9: =+AT9+AV9 -> 32682 | AY9: =+AY6*AY2 -> 3069 | AZ9: 3024 | BA9: =+AQ9+AU9+AY9 -> 8910 | BB9: =+AR9+AV9+AZ9 -> 8862 | BC9: =+AM9+BA9 -> 18018 | BD9: =+AN9+BB9 -> 17841 | BE9: =+AW9+AY9 -> 36135 | BF9: =+AX9+AZ9 -> 35706 | BG9: 34875 | BH9: 34800 | BI9: 35502 | BJ9: 35543 | BL9: =+BF17/BM5 -> 0.92854387
B10: (COB#11) | C10: Nos | D10: =+D7*D2 -> 36135 | E10: =+E7*E2 -> 2970 | F10: 2761 | G10: =+G7*G2 -> 3069 | H10: 2890 | I10: =+I7*I2 -> 6039 | J10: =+F10+H10 -> 5651 | K10: =+K7*K2 -> 2970 | L10: 2854 | M10: =+I10+K10 -> 9009 | N10: =+J10+L10 -> 8505 | O10: =+O7*O2 -> 3069 | P10: 2881 | Q10: =+M10+O10 -> 12078 | R10: =+N10+P10 -> 11386 | S10: =+S7*S2 -> 3069 | T10: 3037 | U10: =+Q10+S10 -> 15147 | V10: =+R10+T10 -> 14423 | W10: =+W7*W2 -> 2970 | X10: 2944 | Y10: =+O10+S10+W10 -> 9108 | Z10: =+P10+T10+X10 -> 8862 | AA10: =+U10+W10 -> 18117 | AB10: =+V10+X10 -> 17367 | AC10: =+AC7*AC2 -> 3069 | AD10: 3064 | AE10: =+AA10+AC10 -> 21186 | AF10: =+AB10+AD10 -> 20431 | AG10: =+AG7*AG2 -> 2970 | AH10: 2964 | AI10: =+AE10+AG10 -> 24156 | AJ10: =+AF10+AH10 -> 23395 | AK10: =+AK7*AK2 -> 3069 | AL10: 3050 | AM10: =+AC10+AG10+AK10 -> 9108 | AN10: =+AD10+AH10+AL10 -> 9078 | AO10: =+AI10+AK10 -> 27225 | AP10: =+AJ10+AL10 -> 26445 | AQ10: =+AQ7*AQ2 -> 3069 | AR10: 3060 | AS10: =+AO10+AQ10 -> 30294 | AT10: =+AP10+AR10 -> 29505 | AU10: =+AU7*AU2 -> 2772 | AV10: 2768 | AW10: =+AS10+AU10 -> 33066 | AX10: =+AT10+AV10 -> 32273 | AY10: =+AY7*AY2 -> 3069 | AZ10: 3065 | BA10: =+AQ10+AU10+AY10 -> 8910 | BB10: =+AR10+AV10+AZ10 -> 8893 | BC10: =+AM10+BA10 -> 18018 | BD10: =+AN10+BB10 -> 17971 | BE10: =+AW10+AY10 -> 36135 | BF10: =+AX10+AZ10 -> 35338 | BG10: 34383 | BH10: 33134 | BI10: 35502 | BJ10: 35030 | BL10: 350 | BM10: 2500000
B11: Overall Equiv. Ovens Pushed | C11: Nos | D11: =D9+(D10*1.8343023255814) -> 102417.51 | E11: =E9+(E10*1.8343023255814) -> 8417.8779 | F11: =F9+(F10*1.8343023255814) -> 7994.5087 | G11: =G9+(G10*1.8343023255814) -> 8698.4738 | H11: =H9+(H10*1.8343023255814) -> 8334.1337 | I11: =I9+(I10*1.8343023255814) -> 17116.352 | J11: =J9+(J10*1.8343023255814) -> 16328.642 | K11: =K9+(K10*1.8343023255814) -> 8417.8779 | ... BB11: =BB9+(BB10*1.8343023255814) -> 25174.451 | BE11: =BE9+(BE10*1.8343023255814) -> 102417.51 | BF11: =BF9+(BF10*1.8343023255814) -> 100526.58 | BG11: 97943.817 | BH11: 95577.773 | BI11: 100623.4 | BJ11: 99798.61 | BL11: 1 | BM11: =+BM10/BL10 -> 7142.8571
B12: BF COKE | BL12: 336 | BM12: =+BL12*BM11 -> 2400000
B13: COB#10 | C13: Mt | D13: =+D9*0.705*17.2 -> 438173.01 | E13: =+E9*0.705*17.2 -> 36014.22 | F13: 36261 | G13: =+G9*17.2*0.705 -> 37214.694 | H13: 37251 | I13: =+E13+G13 -> 73228.914 | J13: =+F13+H13 -> 73512 | K13: 36014 | L13: 35020 | M13: =+I13+K13 -> 109242.91 | N13: =+J13+L13 -> 108532 | O13: 37214.694 | P13: 36719 | Q13: =+M13+O13 -> 146457.61 | R13: =+N13+P13 -> 145251 | S13: 37214.694 | T13: 36826 | U13: =+Q13+S13 -> 183672.3 | V13: =+R13+T13 -> 182077 | W13: 36014.22 | X13: 34880 | Y13: =+O13+S13+W13 -> 110443.61 | Z13: =+P13+T13+X13 -> 108425 | AA13: =+U13+W13 -> 219686.52 | AB13: =+V13+X13 -> 216957 | AC13: 37214.694 | AD13: 34994 | AE13: =+AA13+AC13 -> 256901.22 | AF13: =+AB13+AD13 -> 251951 | AG13: 36014.22 | AH13: 35102 | AI13: =+AE13+AG13 -> 292915.44 | AJ13: =+AF13+AH13 -> 287053 | AK13: 37214.694 | AL13: 36508 | AM13: =+AC13+AG13+AK13 -> 110443.61 | AN13: =+AD13+AH13+AL13 -> 106604 | AO13: =+AI13+AK13 -> 330130.13 | AP13: =+AJ13+AL13 -> 323561 | AQ13: 37214.694 | AR13: 36437 | AS13: =+AO13+AQ13 -> 367344.82 | AT13: =+AP13+AR13 -> 359998 | AU13: 33613.272 | AV13: 32896 | AW13: =+AS13+AU13 -> 400958.1 | AX13: =+AT13+AV13 -> 392894 | AY13: 37214.694 | AZ13: 35912 | BA13: =+AQ13+AU13+AY13 -> 108042.66 | BB13: =+AR13+AV13+AZ13 -> 105245 | BC13: =+AM13+BA13 -> 218486.27 | BD13: =+AN13+BB13 -> 211849 | BE13: =+AW13+AY13 -> 438172.79 | BF13: =+AX13+AZ13 -> 428806 | BG13: 425506 | BH13: 430922.2 | BI13: 406071.88 | BJ13: 412610.14 | BM13: =+BF18/BM12 -> 0.92827792
B14: COB#11 | C14: Mt | D14: =+D10*31.55*0.705 -> 803741.77 | E14: =+E10*31.55*0.705 -> 66060.967 | F14: 62677 | G14: =+G10*31.55*0.705 -> 68263 | H14: 65108 | I14: =+E14+G14 -> 134323.97 | J14: =+F14+H14 -> 127785 | K14: 66061 | L14: 63481 | M14: =+I14+K14 -> 200384.97 | N14: =+J14+L14 -> 191266 | O14: 68263 | P14: 64084 | Q14: =+M14+O14 -> 268647.97 | R14: =+N14+P14 -> 255350 | S14: 68263 | T14: 66868 | U14: =+Q14+S14 -> 336910.97 | V14: =+R14+T14 -> 322218 | W14: 66060.967 | X14: 64551 | Y14: =+O14+S14+W14 -> 202586.97 | Z14: =+P14+T14+X14 -> 195503 | AA14: =+U14+W14 -> 402971.93 | AB14: =+V14+X14 -> 386769 | AC14: 68263 | AD14: 66648 | AE14: =+AA14+AC14 -> 471234.93 | AF14: =+AB14+AD14 -> 453417 | AG14: 66060.967 | AH14: 64562 | AI14: =+AE14+AG14 -> 537295.9 | AJ14: =+AF14+AH14 -> 517979 | AK14: 68263 | AL14: 66487 | AM14: =+AC14+AG14+AK14 -> 202586.97 | AN14: =+AD14+AH14+AL14 -> 197697 | AO14: =+AI14+AK14 -> 605558.9 | AP14: =+AJ14+AL14 -> 584466 | AQ14: 68263 | AR14: 66640 | AS14: =+AO14+AQ14 -> 673821.9 | AT14: =+AP14+AR14 -> 651106 | AU14: 61656.903 | AV14: 60320 | AW14: =+AS14+AU14 -> 735478.8 | AX14: =+AT14+AV14 -> 711426 | AY14: 68263 | AZ14: 66766 | BA14: =+AQ14+AU14+AY14 -> 198182.9 | BB14: =+AR14+AV14+AZ14 -> 193726 | BC14: =+AM14+BA14 -> 400769.87 | BD14: =+AN14+BB14 -> 391423 | BE14: =+AW14+AY14 -> 803741.8 | BF14: =+AX14+AZ14 -> 778192 | BG14: 770203 | BH14: 752591.4 | BI14: 744858.59 | BJ14: 745859.84
B15: TOTAL | C15: Mt | D15: =SUM(D13:D14) -> 1241914.8 | E15: =SUM(E13:E14) -> 102075.19 | F15: =SUM(F13:F14) -> 98938 | G15: =SUM(G13:G14) -> 105477.69 | H15: =SUM(H13:H14) -> 102359 | I15: =SUM(I13:I14) -> 207552.88 | J15: =SUM(J13:J14) -> 201297 | K15: =SUM(K13:K14) -> 102075 | ... BB15: =SUM(BB13:BB14) -> 298971 | BE15: =SUM(BE13:BE14) -> 1241914.6 | BF15: =SUM(BF13:BF14) -> 1206998 | BG15: 1195709 | BH15: 1183513.6 | BI15: 1150930.5 | BJ15: 1158470
B16: SINTER | C16: Mt | D16: 4183927.5 | E16: 244596 | F16: =+SINTER!F54 -> 273488 | G16: 249804 | H16: 243436 | I16: =+E16+G16 -> 494400 | J16: =+F16+H16 -> 516924 | K16: 363179 | L16: 376032 | M16: =+I16+K16 -> 857579 | N16: =+J16+L16 -> 892956 | O16: 375490.41 | P16: 375866 | Q16: =+M16+O16 -> 1233069.4 | R16: =+N16+P16 -> 1268822 | S16: 375490.41 | T16: 372177 | U16: =+Q16+S16 -> 1608559.8 | V16: =+R16+T16 -> 1640999 | W16: 365208.18 | X16: 349453 | Y16: =+O16+S16+W16 -> 1116189 | Z16: =+P16+T16+X16 -> 1097496 | AA16: =+U16+W16 -> 1973768 | AB16: =+V16+X16 -> 1990452 | AC16: 377588.12 | AD16: 372810 | AE16: =+AA16+AC16 -> 2351356.1 | AF16: =+AB16+AD16 -> 2363262 | AG16: 365208.18 | AH16: 360415 | AI16: =+AE16+AG16 -> 2716564.3 | AJ16: =+AF16+AH16 -> 2723677 | AK16: 377588.12 | AL16: 390769 | AM16: =+AC16+AG16+AK16 -> 1120384.4 | AN16: =+AD16+AH16+AL16 -> 1123994 | AO16: =+AI16+AK16 -> 3094152.4 | AP16: =+AJ16+AL16 -> 3114446 | AQ16: 377588.12 | AR16: 395037 | AS16: =+AO16+AQ16 -> 3471740.5 | AT16: =+AP16+AR16 -> 3509483 | AU16: 334599.12 | AV16: 361024 | AW16: =+AS16+AU16 -> 3806339.7 | AX16: =+AT16+AV16 -> 3870507 | AY16: 377588.12 | AZ16: 407324 | BA16: =+AQ16+AU16+AY16 -> 1089775.4 | BB16: =+AR16+AV16+AZ16 -> 1163385 | BC16: =+AM16+BA16 -> 2210159.8 | BD16: =+AN16+BB16 -> 2287379 | BE16: =+AW16+AY16 -> 4183927.8 | BF16: =+AX16+AZ16 -> 4277831 | BG16: 3665891.3 | BH16: 3629577 | BI16: 3903932.5 | BJ16: 3709525 | BK16: =+BF16/1000000 -> 4.277831 | BL16: =+BF16/BK16 -> 1000000
B17: HOT METAL | C17: Mt | D17: 2650000.5 | E17: 102000 | F17: 109815 | G17: 134000 | H17: 103466.6 | I17: =+E17+G17 -> 236000 | J17: =+F17+H17 -> 213281.6 | K17: 237623 | L17: 206937 | M17: =+I17+K17 -> 473623 | N17: =+J17+L17 -> 420218.6 | O17: 245677.5 | P17: 200202 | Q17: =+M17+O17 -> 719300.5 | R17: =+N17+P17 -> 620420.6 | S17: 245677.5 | T17: 220172 | U17: =+Q17+S17 -> 964978 | V17: =+R17+T17 -> 840592.6 | W17: 238950 | X17: 213015 | Y17: =+O17+S17+W17 -> 730305 | Z17: =+P17+T17+X17 -> 633389 | AA17: =+U17+W17 -> 1203928 | AB17: =+V17+X17 -> 1053607.6 | AC17: 247050 | AD17: 232652 | AE17: =+AA17+AC17 -> 1450978 | AF17: =+AB17+AD17 -> 1286259.6 | AG17: 238950 | AH17: 207019 | AI17: =+AE17+AG17 -> 1689928 | AJ17: =+AF17+AH17 -> 1493278.6 | AK17: 247050 | AL17: 230306 | AM17: =+AC17+AG17+AK17 -> 733050 | AN17: =+AD17+AH17+AL17 -> 669977 | AO17: =+AI17+AK17 -> 1936978 | AP17: =+AJ17+AL17 -> 1723584.6 | AQ17: 247050 | AR17: 235117 | AS17: =+AO17+AQ17 -> 2184028 | AT17: =+AP17+AR17 -> 1958701.6 | AU17: 218922.97 | AV17: 210229 | AW17: =+AS17+AU17 -> 2402951 | AX17: =+AT17+AV17 -> 2168930.6 | AY17: 247050 | AZ17: 237855.1 | BA17: =+AQ17+AU17+AY17 -> 713022.97 | BB17: =+AR17+AV17+AZ17 -> 683201.1 | BC17: =+AM17+BA17 -> 1446073 | BD17: =+AN17+BB17 -> 1353178.1 | BE17: =+AW17+AY17 -> 2650001 | BF17: =+AX17+AZ17 -> 2406785.7 | BG17: 2496672.2 | BH17: 2092798 | BI17: 2700000 | BJ17: 2505193 | BK17: =+BF17/1000000 -> 2.4067857 | BL17: =+BK17/BH17 -> 1.1500325e-06
B18: CRUDE STEEL | C18: Mt | D18: 2451737.5 | E18: 93897 | F18: 99859 | G18: 97183 | H18: 79982 | I18: =+E18+G18 -> 191080 | J18: =+F18+H18 -> 179841 | K18: 222369 | L18: 195203 | M18: =+I18+K18 -> 413449 | N18: =+J18+L18 -> 375044 | O18: 229931.92 | P18: 188123 | Q18: =+M18+O18 -> 643380.92 | R18: =+N18+P18 -> 563167 | S18: 230119.72 | T18: 204220 | U18: =+Q18+S18 -> 873500.64 | V18: =+R18+T18 -> 767387 | W18: 223802.82 | X18: 198425 | Y18: =+O18+S18+W18 -> 683854.46 | Z18: =+P18+T18+X18 -> 590768 | AA18: =+U18+W18 -> 1097303.5 | AB18: =+V18+X18 -> 965812 | AC18: 231408.45 | AD18: 211320 | AE18: =+AA18+AC18 -> 1328711.9 | AF18: =+AB18+AD18 -> 1177132 | AG18: 223802.82 | AH18: 194791 | AI18: =+AE18+AG18 -> 1552514.7 | AJ18: =+AF18+AH18 -> 1371923 | AK18: 231408 | AL18: 216681 | AM18: =+AC18+AG18+AK18 -> 686619.27 | AN18: =+AD18+AH18+AL18 -> 622792 | AO18: =+AI18+AK18 -> 1783922.7 | AP18: =+AJ18+AL18 -> 1588604 | AQ18: 231408.45 | AR18: 221653 | AS18: =+AO18+AQ18 -> 2015331.2 | AT18: =+AP18+AR18 -> 1810257 | AU18: 204998.09 | AV18: 197600 | AW18: =+AS18+AU18 -> 2220329.3 | AX18: =+AT18+AV18 -> 2007857 | AY18: 231408.45 | AZ18: 220010 | BA18: =+AQ18+AU18+AY18 -> 667815 | BB18: =+AR18+AV18+AZ18 -> 639263 | BC18: =+AM18+BA18 -> 1354434.3 | BD18: =+AN18+BB18 -> 1262055 | BE18: =+AW18+AY18 -> 2451737.7 | BF18: =+AX18+AZ18 -> 2227867 | BG18: 2297163.5 | BH18: 1847433 | BI18: 2500000 | BJ18: 2083412 | BK18: =+BF18/1000000 -> 2.227867 | BL18: =+BK18/BH18 -> 1.2059257e-06
B19: Avg Heats Cast per Day | C19: Nos. / day | D19: 48.77187 | E19: =+E48/E1 -> 20.866667 | F19: =+F48/F1 -> 21.766667 | G19: =+G48/G1 -> 20.903226 | H19: =+H48/H1 -> 16.806452 | I19: =+I48/I1 -> 20.885246 | J19: =+J48/J1 -> 19.245902 | K19: =+K48/K1 -> 49.4 | L19: =+L48/L1 -> 42.2 | ... BF19: =+BF48/BF1 -> 40.065753 | BG19: 41.920046 | BH19: 33.309589 | BI19: 47.014645 | BJ19: 38.663934
B20: Cold Pig & Pig Equivalent
B21: MOG | C21: Mt | D21: 34535.234 | E21: 1935 | F21: 3131.2 | G21: 11609 | H21: 5506.5882 | I21: =+E21+G21 -> 13544 | J21: =+F21+H21 -> 8637.7882 | K21: 774 | L21: 337 | M21: =+I21+K21 -> 14318 | N21: =+J21+L21 -> 8974.7882 | O21: 773.93075 | P21: 1227 | Q21: =+M21+O21 -> 15091.931 | R21: =+N21+P21 -> 10201.788 | S21: 580.44807 | T21: 2129 | U21: =+Q21+S21 -> 15672.379 | V21: =+R21+T21 -> 12330.788 | W21: 580.44807 | X21: 1360 | Y21: =+O21+S21+W21 -> 1934.8269 | Z21: =+P21+T21+X21 -> 4716 | AA21: =+U21+W21 -> 16252.827 | AB21: =+V21+X21 -> 13690.788 | AC21: 580.44807 | AD21: 3785 | AE21: =+AA21+AC21 -> 16833.275 | AF21: =+AB21+AD21 -> 17475.788 | AG21: 580.44807 | AH21: 947 | AI21: =+AE21+AG21 -> 17413.723 | AJ21: =+AF21+AH21 -> 18422.788 | AK21: 580.44807 | AL21: 706.9909 | AM21: =+AC21+AG21+AK21 -> 1741.3442 | AN21: =+AD21+AH21+AL21 -> 5438.9909 | AO21: =+AI21+AK21 -> 17994.171 | AP21: =+AJ21+AL21 -> 19129.779 | AQ21: 580.44807 | AR21: 0 | AS21: =+AO21+AQ21 -> 18574.619 | AT21: =+AP21+AR21 -> 19129.779 | AU21: 580.44807 | AV21: 337 | AW21: =+AS21+AU21 -> 19155.067 | AX21: =+AT21+AV21 -> 19466.779 | AY21: 580.44807 | AZ21: 2894.2933 | BA21: =+AQ21+AU21+AY21 -> 1741.3442 | BB21: =+AR21+AV21+AZ21 -> 3231.2933 | BC21: =+AM21+BA21 -> 3482.6884 | BD21: =+AN21+BB21 -> 8670.2843 | BE21: =+AW21+AY21 -> 19735.515 | BF21: =+AX21+AZ21 -> 22361.072 | BG21: 20755.018 | BH21: 58220.7 | BI21: 29957.856 | BJ21: 134629.18
B22: UPIS | C22: Mt | D22: 0 | E22: 0 | F22: 206.5 | G22: 0 | H22: 655.8483 | I22: =+E22+G22 -> 0 | J22: =+F22+H22 -> 862.3483 | K22: 0 | L22: 22 | M22: =+I22+K22 -> 0 | N22: =+J22+L22 -> 884.3483 | O22: 0 | P22: 173 | Q22: =+M22+O22 -> 0 | R22: =+N22+P22 -> 1057.3483 | S22: 0 | T22: 301 | U22: =+Q22+S22 -> 0 | V22: =+R22+T22 -> 1358.3483 | W22: 0 | X22: 192 | Y22: =+O22+S22+W22 -> 0 | Z22: =+P22+T22+X22 -> 666 | AA22: =+U22+W22 -> 0 | AB22: =+V22+X22 -> 1550.3483 | AC22: 0 | AD22: 534 | AE22: =+AA22+AC22 -> 0 | AF22: =+AB22+AD22 -> 2084.3483 | AG22: 0 | AH22: 134 | AI22: =+AE22+AG22 -> 0 | AJ22: =+AF22+AH22 -> 2218.3483 | AK22: 0 | AL22: 99.81048 | AM22: =+AC22+AG22+AK22 -> 0 | AN22: =+AD22+AH22+AL22 -> 767.81048 | AO22: =+AI22+AK22 -> 0 | AP22: =+AJ22+AL22 -> 2318.1588 | AQ22: 0 | AR22: 0 | AS22: =+AO22+AQ22 -> 0 | AT22: =+AP22+AR22 -> 2318.1588 | AU22: 0 | AV22: 48 | AW22: =+AS22+AU22 -> 0 | AX22: =+AT22+AV22 -> 2366.1588 | AY22: 0 | AZ22: 408.60612 | BA22: =+AQ22+AU22+AY22 -> 0 | BB22: =+AR22+AV22+AZ22 -> 456.60612 | BC22: =+AM22+BA22 -> 0 | BD22: =+AN22+BB22 -> 1224.4166 | BE22: =+AW22+AY22 -> 0 | BF22: =+AX22+AZ22 -> 2774.7649 | BG22: 392 | BH22: 3852.3 | BI22: 1419.0563 | BJ22: 8272.9783
B23: (Equiv. Pig Iron @ 80% of HM sent to Sand Pit. (Ref to Fax Msg from ED (O), vide SAIL/OPRNS/ PPMS/33 dt. 05.02.15) | C23: Mt | D23: 0 | E23: 0 | F23: 0 | G23: =18500*0.8 -> 14800 | H23: =11518*0.8 -> 9214.4 | I23: =+E23+G23 -> 14800 | J23: =+F23+H23 -> 9214.4 | K23: 0 | L23: 0 | M23: =+I23+K23 -> 14800 | N23: =+J23+L23 -> 9214.4 | O23: 0 | P23: 0 | Q23: =+M23+O23 -> 14800 | R23: =+N23+P23 -> 9214.4 | S23: 0 | T23: 0 | U23: =+Q23+S23 -> 14800 | V23: =+R23+T23 -> 9214.4 | W23: 0 | X23: 0 | Y23: =+O23+S23+W23 -> 0 | Z23: =+P23+T23+X23 -> 0 | AA23: =+U23+W23 -> 14800 | AB23: =+V23+X23 -> 9214.4 | AC23: 0 | AD23: 0 | AE23: =+AA23+AC23 -> 14800 | AF23: =+AB23+AD23 -> 9214.4 | AG23: 0 | AH23: 0 | AI23: =+AE23+AG23 -> 14800 | AJ23: =+AF23+AH23 -> 9214.4 | AK23: 0 | AL23: 0 | AM23: =+AC23+AG23+AK23 -> 0 | AN23: =+AD23+AH23+AL23 -> 0 | AO23: =+AI23+AK23 -> 14800 | AP23: =+AJ23+AL23 -> 9214.4 | AQ23: 0 | AR23: 0 | AS23: =+AO23+AQ23 -> 14800 | AT23: =+AP23+AR23 -> 9214.4 | AU23: 0 | AV23: 0 | AW23: =+AS23+AU23 -> 14800 | AX23: =+AT23+AV23 -> 9214.4 | AY23: 0 | AZ23: 0 | BA23: =+AQ23+AU23+AY23 -> 0 | BB23: =+AR23+AV23+AZ23 -> 0 | BC23: =+AM23+BA23 -> 0 | BD23: =+AN23+BB23 -> 0 | BE23: =+AW23+AY23 -> 14800 | BF23: =+AX23+AZ23 -> 9214.4 | BG23: 0 | BH23: 0 | BI23: 0 | BJ23: 26220.8
B24: TOTAL EQUIVALENT PIG IRON | C24: Mt | D24: =SUM(D21:D23) -> 34535.234 | E24: =SUM(E21:E23) -> 1935 | F24: =SUM(F21:F23) -> 3337.7 | G24: =SUM(G21:G23) -> 26409 | H24: =SUM(H21:H23) -> 15376.836 | I24: =SUM(I21:I23) -> 28344 | J24: =SUM(J21:J23) -> 18714.536 | K24: =SUM(K21:K23) -> 774 | ... BB24: =SUM(BB21:BB23) -> 3687.8995 | BC24: =+AM24+BA24 -> 3482.6884 | BD24: =+AN24+BB24 -> 9894.7008 | BE24: =SUM(BE21:BE23) -> 34535.515 | BF24: =SUM(BF21:BF23) -> 34350.237 | BG24: 21147.018 | BH24: 62073 | BI24: 31376.912 | BJ24: 169122.96
B25: Net PCI Production | C25: Mt | D25: 2399.04 | E25: 235 | F25: 3262 | G25: 1411 | H25: 1898.93 | I25: =+E25+G25 -> 1646 | J25: =+F25+H25 -> 5160.93 | K25: 94 | L25: 2544 | M25: =+I25+K25 -> 1740 | N25: =+J25+L25 -> 7704.93 | O25: 94.08 | P25: 2390 | Q25: =+M25+O25 -> 1834.08 | R25: =+N25+P25 -> 10094.93 | S25: 70.56 | T25: 1428 | U25: =+Q25+S25 -> 1904.64 | V25: =+R25+T25 -> 11522.93 | W25: 70.56 | X25: 243 | Y25: =+O25+S25+W25 -> 235.2 | Z25: =+P25+T25+X25 -> 4061 | AA25: =+U25+W25 -> 1975.2 | AB25: =+V25+X25 -> 11765.93 | AC25: 70.56 | AD25: 403 | AE25: =+AA25+AC25 -> 2045.76 | AF25: =+AB25+AD25 -> 12168.93 | AG25: 70.56 | AH25: 487 | AI25: =+AE25+AG25 -> 2116.32 | AJ25: =+AF25+AH25 -> 12655.93 | AK25: 70.56 | AL25: 0 | AM25: =+AC25+AG25+AK25 -> 211.68 | AN25: =+AD25+AH25+AL25 -> 890 | AO25: =+AI25+AK25 -> 2186.88 | AP25: =+AJ25+AL25 -> 12655.93 | AQ25: 70.56 | AR25: 0 | AS25: =+AO25+AQ25 -> 2257.44 | AT25: =+AP25+AR25 -> 12655.93 | AU25: 70.56 | AV25: 145.026 | AW25: =+AS25+AU25 -> 2328 | AX25: =+AT25+AV25 -> 12800.956 | AY25: 70.56 | AZ25: 576.723 | BA25: =+AQ25+AU25+AY25 -> 211.68 | BB25: =+AR25+AV25+AZ25 -> 721.749 | BC25: =+AM25+BA25 -> 423.36 | BD25: =+AN25+BB25 -> 1611.749 | BE25: =+AW25+AY25 -> 2398.56 | BF25: =+AX25+AZ25 -> 13377.679 | BG25: 11568.99 | BH25: 41093.9 | BI25: 0 | BJ25: 44255.19
B26: Net Granulated Slag Production | C26: Mt | D26: 953450.92 | E26: 36985 | F26: 45318 | G26: 46750 | H26: 37351.758 | I26: =+E26+G26 -> 83735 | J26: =+F26+H26 -> 82669.758 | K26: 91932 | L26: 110633 | M26: =+I26+K26 -> 175667 | N26: =+J26+L26 -> 193302.76 | O26: 95048.257 | P26: 80624 | Q26: =+M26+O26 -> 270715.26 | R26: =+N26+P26 -> 273926.76 | S26: 95048.257 | T26: 79299 | U26: =+Q26+S26 -> 365763.51 | V26: =+R26+T26 -> 353225.76 | W26: 92445.507 | X26: 76095 | Y26: =+O26+S26+W26 -> 282542.02 | Z26: =+P26+T26+X26 -> 236018 | AA26: =+U26+W26 -> 458209.02 | AB26: =+V26+X26 -> 429320.76 | AC26: 88165.904 | AD26: 90979 | AE26: =+AA26+AC26 -> 546374.93 | AF26: =+AB26+AD26 -> 520299.76 | AG26: 82970.483 | AH26: 74191 | AI26: =+AE26+AG26 -> 629345.41 | AJ26: =+AF26+AH26 -> 594490.76 | AK26: 83400.179 | AL26: 87939 | AM26: =+AC26+AG26+AK26 -> 254536.57 | AN26: =+AD26+AH26+AL26 -> 253109 | AO26: =+AI26+AK26 -> 712745.59 | AP26: =+AJ26+AL26 -> 682429.76 | AQ26: 83400.179 | AR26: 68221.321 | AT26: =+AP26+AR26 -> 750651.08 | AU26: 73904.938 | AV26: 73109 | AW26: =+AS26+AU26 -> 73904.938 | AX26: =+AT26+AV26 -> 823760.08 | AY26: 83400.179 | AZ26: 96369.221 | BA26: =+AQ26+AU26+AY26 -> 240705.3 | BB26: =+AR26+AV26+AZ26 -> 237699.54 | BC26: =+AM26+BA26 -> 495241.86 | BD26: =+AN26+BB26 -> 490808.54 | BE26: =+AW26+AY26 -> 157305.12 | BF26: =+AX26+AZ26 -> 920129.3 | BG26: 882599.97 | BH26: 776699 | BI26: 854658 | BJ26: 809638.21
B27: Saleable Steel Production (Mill Wise)
B28: WR Mill | C28: Mt | D28: 500000 | E28: 33000 | F28: =+WRM!F116 -> 32270.342 | G28: 41500 | H28: =+WRM!H116 -> 24699.074 | I28: =+E28+G28 -> 74500 | J28: =+F28+H28 -> 56969.416 | K28: 41500 | L28: =+WRM!L116 -> 38759.35 | M28: =+I28+K28 -> 116000 | N28: =+J28+L28 -> 95728.766 | O28: 43500 | P28: =+WRM!P116 -> 38136.15 | Q28: =+M28+O28 -> 159500 | R28: =+N28+P28 -> 133864.92 | S28: 43500 | T28: =+WRM!T116 -> 41256.25 | U28: =+Q28+S28 -> 203000 | V28: =+R28+T28 -> 175121.17 | W28: 42000 | X28: =+WRM!X116 -> 40057 | Y28: =+O28+S28+W28 -> 129000 | Z28: =+P28+T28+X28 -> 119449.4 | AA28: =+U28+W28 -> 245000 | AB28: =+V28+X28 -> 215178.17 | AC28: 43500 | AD28: 43248.85 | AE28: =+AA28+AC28 -> 288500 | AF28: =+AB28+AD28 -> 258427.02 | AG28: 42000 | AH28: 37008.65 | AI28: =+AE28+AG28 -> 330500 | AJ28: =+AF28+AH28 -> 295435.67 | AK28: 43500 | AL28: 40005.75 | AM28: =+AC28+AG28+AK28 -> 129000 | AN28: =+AD28+AH28+AL28 -> 120263.25 | AO28: =+AI28+AK28 -> 374000 | AP28: =+AJ28+AL28 -> 335441.42 | AQ28: 43500 | AR28: 40182.05 | AS28: =+AO28+AQ28 -> 417500 | AT28: =+AP28+AR28 -> 375623.47 | AU28: 39000 | AV28: 43710.1 | AW28: =+AS28+AU28 -> 456500 | AX28: =+AT28+AV28 -> 419333.57 | AY28: 43500 | AZ28: 46010.2 | BA28: =+AQ28+AU28+AY28 -> 126000 | BB28: =+AR28+AV28+AZ28 -> 129902.35 | BC28: =+AM28+BA28 -> 255000 | BD28: =+AN28+BB28 -> 250165.6 | BE28: =+AW28+AY28 -> 500000 | BF28: =+AX28+AZ28 -> 465343.77 | BG28: 435965.96 | BH28: 356518.66 | BI28: 500000 | BJ28: 412025.22 | BK28: 465.95759 | BM28: =+BK28*1000 -> 465957.59 | BN28: =+BM28-BF28 -> 613.824
B29: Bar Mill | C29: Mt | D29: 750000 | E29: 44000 | F29: =+BM!F53 -> 31471.35 | G29: 50000 | H29: =+BM!H53 -> 40050.68 | I29: =+E29+G29 -> 94000 | J29: =+F29+H29 -> 71522.03 | K29: 65000 | L29: =+BM!L53 -> 51899.88 | M29: =+I29+K29 -> 159000 | N29: =+J29+L29 -> 123421.91 | O29: 67000 | P29: =+BM!P53 -> 50651.53 | Q29: =+M29+O29 -> 226000 | R29: =+N29+P29 -> 174073.44 | S29: 67000 | T29: =+BM!T53 -> 49962.73 | U29: =+Q29+S29 -> 293000 | V29: =+R29+T29 -> 224036.17 | W29: 65000 | X29: =+BM!X53 -> 55089.31 | Y29: =+O29+S29+W29 -> 199000 | Z29: =+P29+T29+X29 -> 155703.57 | AA29: =+U29+W29 -> 358000 | AB29: =+V29+X29 -> 279125.48 | AC29: 67000 | AD29: 62348.195 | AE29: =+AA29+AC29 -> 425000 | AF29: =+AB29+AD29 -> 341473.67 | AG29: 65000 | AH29: 54525.3 | AI29: =+AE29+AG29 -> 490000 | AJ29: =+AF29+AH29 -> 395998.97 | AK29: 67000 | AL29: 68121.11 | AM29: =+AC29+AG29+AK29 -> 199000 | AN29: =+AD29+AH29+AL29 -> 184994.6 | AO29: =+AI29+AK29 -> 557000 | AP29: =+AJ29+AL29 -> 464120.08 | AQ29: 67000 | AR29: 70032.181 | AS29: =+AO29+AQ29 -> 624000 | AT29: =+AP29+AR29 -> 534152.27 | AU29: 59000 | AV29: 48122.458 | AW29: =+AS29+AU29 -> 683000 | AX29: =+AT29+AV29 -> 582274.72 | AY29: 67000 | AZ29: 67566.24 | BA29: =+AQ29+AU29+AY29 -> 193000 | BB29: =+AR29+AV29+AZ29 -> 185720.88 | BC29: =+AM29+BA29 -> 392000 | BD29: =+AN29+BB29 -> 370715.48 | BE29: =+AW29+AY29 -> 750000 | BF29: =+AX29+AZ29 -> 649840.96 | BG29: 674875.14 | BH29: 440547.27 | BI29: 800000 | BJ29: 632220.18 | BK29: 649.98881 | BM29: =+BK29*1000 -> 649988.81 | BN29: =+BM29-BF29 -> 147.85
B30: US Mill | C30: Mt | D30: 450000 | E30: 10000 | F30: =+USM!G43 -> 7869.3199 | G30: 0 | H30: =+USM!I43 -> 2728.5069 | I30: =+E30+G30 -> 10000 | J30: =+F30+H30 -> 10597.827 | K30: 40000 | L30: =+USM!M43 -> 9446.279 | M30: =+I30+K30 -> 50000 | N30: =+J30+L30 -> 20044.106 | O30: 40000 | P30: =+USM!Q43 -> 23283.083 | Q30: =+M30+O30 -> 90000 | R30: =+N30+P30 -> 43327.188 | S30: 45000 | T30: =+USM!U43 -> 18608.685 | U30: =+Q30+S30 -> 135000 | V30: =+R30+T30 -> 61935.873 | W30: 45000 | X30: =+USM!Y43 -> 7999.4363 | Y30: =+O30+S30+W30 -> 130000 | Z30: =+P30+T30+X30 -> 49891.204 | AA30: =+U30+W30 -> 180000 | AB30: =+V30+X30 -> 69935.31 | AC30: 45000 | AD30: 22485.667 | AE30: =+AA30+AC30 -> 225000 | AF30: =+AB30+AD30 -> 92420.977 | AG30: 45000 | AH30: 20909.542 | AI30: =+AE30+AG30 -> 270000 | AJ30: =+AF30+AH30 -> 113330.52 | AK30: 45000 | AL30: 29545.813 | AM30: =+AC30+AG30+AK30 -> 135000 | AN30: =+AD30+AH30+AL30 -> 72941.023 | AO30: =+AI30+AK30 -> 315000 | AP30: =+AJ30+AL30 -> 142876.33 | AQ30: 45000 | AR30: 20382.502 | AS30: =+AO30+AQ30 -> 360000 | AT30: =+AP30+AR30 -> 163258.83 | AU30: 45000 | AV30: 24125.901 | AW30: =+AS30+AU30 -> 405000 | AX30: =+AT30+AV30 -> 187384.74 | AY30: 45000 | AZ30: 25841.429 | BA30: =+AQ30+AU30+AY30 -> 135000 | BB30: =+AR30+AV30+AZ30 -> 70349.832 | BC30: =+AM30+BA30 -> 270000 | BD30: =+AN30+BB30 -> 143290.85 | BE30: =+AW30+AY30 -> 450000 | BF30: =+AX30+AZ30 -> 213226.16 | BG30: 220000 | BH30: 88943.894 | BI30: 535000 | BJ30: 171634.81 | BK30: 214.02766 | BM30: =+BK30*1000 -> 214027.66 | BN30: =+BM30-BF30 -> 801.4932
B31: Finished Steel | C31: Mt | D31: =SUM(D28:D30) -> 1700000 | E31: =SUM(E28:E30) -> 87000 | F31: =SUM(F28:F30) -> 71611.012 | G31: =SUM(G28:G30) -> 91500 | H31: =SUM(H28:H30) -> 67478.261 | I31: =SUM(I28:I30) -> 178500 | J31: =SUM(J28:J30) -> 139089.27 | K31: =SUM(K28:K30) -> 146500 | ... BB31: =SUM(BB28:BB30) -> 385973.06 | BC31: =+AM31+BA31 -> 917000 | BD31: =+AN31+BB31 -> 764171.94 | BE31: =SUM(BE28:BE30) -> 1700000 | BF31: =SUM(BF28:BF30) -> 1328410.9 | BG31: 1330841.1 | BH31: 886009.82 | BI31: =SUM(BI28:BI30) -> 1835000 | BJ31: =SUM(BJ28:BJ30) -> 1215880.2 | BN31: =SUM(BN28:BN30) -> 1563.1672
B32: 150x150 mm | C32: Mt | D32: 516407.45 | E32: 0 | F32: 12964.029 | G32: 0 | H32: 26813.326 | I32: =+E32+G32 -> 0 | J32: =+F32+H32 -> 39777.355 | K32: 51671 | L32: 59699.5 | M32: =+I32+K32 -> 51671 | N32: =+J32+L32 -> 99476.855 | O32: 52407.448 | P32: 58438.57 | Q32: =+M32+O32 -> 104078.45 | R32: =+N32+P32 -> 157915.42 | S32: 52407.448 | T32: 64215.629 | U32: =+Q32+S32 -> 156485.9 | V32: =+R32+T32 -> 222131.05 | W32: 51342.487 | X32: 60476.32 | Y32: =+O32+S32+W32 -> 156157.38 | Z32: =+P32+T32+X32 -> 183130.52 | AA32: =+U32+W32 -> 207828.38 | AB32: =+V32+X32 -> 282607.37 | AC32: 52407.448 | AD32: 59249.44 | AE32: =+AA32+AC32 -> 260235.83 | AF32: =+AB32+AD32 -> 341856.81 | AG32: 50342.487 | AH32: 58958.782 | AI32: =+AE32+AG32 -> 310578.32 | AJ32: =+AF32+AH32 -> 400815.6 | AK32: 52907.448 | AL32: 56991.49 | AM32: =+AC32+AG32+AK32 -> 155657.38 | AN32: =+AD32+AH32+AL32 -> 175199.71 | AO32: =+AI32+AK32 -> 363485.77 | AP32: =+AJ32+AL32 -> 457807.09 | AQ32: 53407.448 | AR32: 55521.43 | AS32: =+AO32+AQ32 -> 416893.22 | AT32: =+AP32+AR32 -> 513328.52 | AU32: 46106.104 | AV32: 58910.317 | AW32: =+AS32+AU32 -> 462999.32 | AX32: =+AT32+AV32 -> 572238.83 | AY32: 53407.448 | AZ32: 55445.74 | BA32: =+AQ32+AU32+AY32 -> 152921 | BB32: =+AR32+AV32+AZ32 -> 169877.49 | BC32: =+AM32+BA32 -> 308578.38 | BD32: =+AN32+BB32 -> 345077.2 | BE32: =+AW32+AY32 -> 516406.77 | BF32: =+AX32+AZ32 -> 627684.57 | BG32: 533055.82 | BH32: 608495.73 | BI32: 304999.74 | BJ32: 629438.96 | BM32: 629120.82
B33: 200x280 mm | C33: Mt | D33: 153592.7 | E33: 0 | F33: =+SMS!F41+SMS!F43 -> 5563.18 | G33: 0 | H33: =+SMS!H41+SMS!H43 -> 9537.6667 | I33: =+E33+G33 -> 0 | J33: =+F33+H33 -> 15100.847 | K33: 18121 | L33: =+SMS!L41+SMS!L43 -> 25254.5 | M33: =+I33+K33 -> 18121 | N33: =+J33+L33 -> 40355.347 | O33: 19484.642 | P33: =+SMS!P41+SMS!P43 -> 12425.84 | Q33: =+M33+O33 -> 37605.642 | R33: =+N33+P33 -> 52781.187 | S33: 14947.775 | T33: =+SMS!T41+SMS!T43 -> 24124.885 | U33: =+Q33+S33 -> 52553.416 | V33: =+R33+T33 -> 76906.072 | W33: 14330.873 | X33: =+SMS!X41+SMS!X43 -> 26955.68 | Y33: =+O33+S33+W33 -> 48763.29 | Z33: =+P33+T33+X33 -> 63506.405 | AA33: =+U33+W33 -> 66884.29 | AB33: =+V33+X33 -> 103861.75 | AC33: 16236.507 | AD33: =+SMS!AD41+SMS!AD43 -> 7598.86 | AE33: =+AA33+AC33 -> 83120.797 | AF33: =+AB33+AD33 -> 111460.61 | AG33: 13330.873 | AH33: =+SMS!AH41+SMS!AH43 -> 21760.9 | AI33: =+AE33+AG33 -> 96451.67 | AJ33: =+AF33+AH33 -> 133221.51 | AK33: 16062.507 | AL33: =+SMS!AL41+SMS!AL43 -> 15709.11 | AM33: =+AC33+AG33+AK33 -> 45629.888 | AN33: =+AD33+AH33+AL33 -> 45068.87 | AO33: =+AI33+AK33 -> 112514.18 | AP33: =+AJ33+AL33 -> 148930.62 | AQ33: 15736.507 | AR33: =+SMS!AR41+SMS!AR43 -> 24394.61 | AS33: =+AO33+AQ33 -> 128250.68 | AT33: =+AP33+AR33 -> 173325.23 | AU33: 9605.1503 | AV33: =+SMS!AV41+SMS!AV43-1782 -> 15419.12 | AW33: =+AS33+AU33 -> 137855.83 | AX33: =+AT33+AV33 -> 188744.35 | AY33: 15736.507 | AZ33: =+SMS!AZ41+SMS!AZ43-1809 -> 15586 | BA33: =+AQ33+AU33+AY33 -> 41078.165 | BB33: =+AR33+AV33+AZ33 -> 55399.73 | BC33: =+AM33+BA33 -> 86708.052 | BD33: =+AN33+BB33 -> 100468.6 | BE33: =+AW33+AY33 -> 153592.34 | BF33: =+AX33+AZ33 -> 204330.35 | BG33: 371378.01 | BH33: 329378.8 | BI33: 267000 | BJ33: 248401 | BM33: 202894.11
B34: Saleable Semis | C34: Mt | D34: =SUM(D32:D33) -> 670000.15 | E34: =SUM(E32:E33) -> 0 | F34: =SUM(F32:F33) -> 18527.209 | G34: =SUM(G32:G33) -> 0 | H34: =SUM(H32:H33) -> 36350.993 | I34: =SUM(I32:I33) -> 0 | J34: =SUM(J32:J33) -> 54878.202 | K34: =SUM(K32:K33) -> 69792 | ... BB34: =SUM(BB32:BB33) -> 225277.22 | BC34: =+AM34+BA34 -> 395286.44 | BD34: =+AN34+BB34 -> 445545.8 | BE34: =SUM(BE32:BE33) -> 669999.11 | BF34: =SUM(BF32:BF33) -> 832014.92 | BG34: 904433.83 | BH34: 937874.53 | BI34: =SUM(BI32:BI33) -> 571999.74 | BJ34: =SUM(BJ32:BJ33) -> 877839.96 | BM34: =SUM(BM28:BM33) -> 2161989 | BN34: =+BM34-BF34 -> 1329974.1
B35: TOTAL | C35: Mt | D35: =+D31+D34 -> 2370000.2 | E35: =+E31+E34 -> 87000 | F35: =+F31+F34 -> 90138.22 | G35: =+G31+G34 -> 91500 | H35: =+H31+H34 -> 103829.25 | I35: =+I31+I34 -> 178500 | J35: =+J31+J34 -> 193967.47 | K35: =+K31+K34 -> 216292 | ... BB35: =+BB31+BB34 -> 611250.28 | BC35: =+AM35+BA35 -> 1312286.4 | BD35: =+AN35+BB35 -> 1209717.7 | BE35: =+BE31+BE34 -> 2369999.1 | BF35: =+BF31+BF34 -> 2160425.8 | BG35: 2235274.9 | BH35: 1823884.4 | BI35: =+BI31+BI34 -> 2406999.7 | BJ35: =+BJ31+BJ34 -> 2093720.2 | BK35: =+BF35/1000000 -> 2.1604258
B36: SAL STEEL PRODN (CATEGORY WISE)
B37: Wire Rod Plain Coils | C37: Mt | D37: =+D28 -> 500000 | E37: =+E28 -> 33000 | F37: 32270.342 | G37: =+G28 -> 41500 | H37: 21668.994 | I37: =+E37+G37 -> 74500 | J37: =+F37+H37 -> 53939.336 | K37: =+K28 -> 41500 | L37: 38759.35 | M37: =+I37+K37 -> 116000 | N37: =+J37+L37 -> 92698.686 | O37: =+O28 -> 43500 | P37: 38136.15 | Q37: =+M37+O37 -> 159500 | R37: =+N37+P37 -> 130834.84 | S37: =+S28 -> 43500 | T37: 41256.25 | U37: =+Q37+S37 -> 203000 | V37: =+R37+T37 -> 172091.09 | W37: =+W28 -> 42000 | X37: 40057 | Y37: =+O37+S37+W37 -> 129000 | Z37: =+P37+T37+X37 -> 119449.4 | AA37: =+U37+W37 -> 245000 | AB37: =+V37+X37 -> 212148.09 | AC37: =+AC28 -> 43500 | AD37: 43248.85 | AE37: =+AA37+AC37 -> 288500 | AF37: =+AB37+AD37 -> 255396.94 | AG37: =+AG28 -> 42000 | AH37: 37008.65 | AI37: =+AE37+AG37 -> 330500 | AJ37: =+AF37+AH37 -> 292405.59 | AK37: =+AK28 -> 43500 | AL37: 34066.9 | AM37: =+AC37+AG37+AK37 -> 129000 | AN37: =+AD37+AH37+AL37 -> 114324.4 | AO37: =+AI37+AK37 -> 374000 | AP37: =+AJ37+AL37 -> 326472.49 | AQ37: =+AQ28 -> 43500 | AR37: 40182.05 | AS37: =+AO37+AQ37 -> 417500 | AT37: =+AP37+AR37 -> 366654.54 | AU37: =+AU28 -> 39000 | AV37: =+AV28 -> 43710.1 | AW37: =+AS37+AU37 -> 456500 | AX37: =+AT37+AV37 -> 410364.64 | AY37: =+AY28 -> 43500 | AZ37: =+AZ28 -> 46010.2 | BA37: =+AQ37+AU37+AY37 -> 126000 | BB37: =+AR37+AV37+AZ37 -> 129902.35 | BC37: =+AM37+BA37 -> 255000 | BD37: =+AN37+BB37 -> 244226.75 | BE37: =+AW37+AY37 -> 500000 | BF37: =+AX37+AZ37 -> 456374.84 | BG37: 435965.96 | BH37: 337036.56 | BI37: =+BI28 -> 500000 | BJ37: 270654.57 | BM37: =+BM34-BF35 -> 1563.1741
B38: TMT Coils | C38: Mt | F38: 0 | H38: 3030.08 | J38: =+F38+H38 -> 3030.08 | L38: 0 | N38: =+J38+L38 -> 3030.08 | P38: 0 | R38: =+N38+P38 -> 3030.08 | T38: 0 | V38: =+R38+T38 -> 3030.08 | X38: 0 | Z38: =+P38+T38+X38 -> 0 | AB38: =+V38+X38 -> 3030.08 | AD38: 0 | AF38: =+AB38+AD38 -> 3030.08 | AH38: 0 | AJ38: =+AF38+AH38 -> 3030.08 | AL38: 5938.85 | AN38: =+AD38+AH38+AL38 -> 5938.85 | AP38: =+AJ38+AL38 -> 8968.93 | AR38: 0 | AT38: =+AP38+AR38 -> 8968.93 | AV38: 0 | AX38: =+AT38+AV38 -> 8968.93 | AZ38: 0 | BB38: =+AR38+AV38+AZ38 -> 0 | BC38: =+AM38+BA38 -> 0 | BD38: =+AN38+BB38 -> 5938.85 | BF38: =+AX38+AZ38 -> 8968.93 | BH38: 19481.814 | BJ38: 141370.65
B39: TMT Bars | C39: Mt | D39: =+D29 -> 750000 | E39: =+E29 -> 44000 | F39: =+F29 -> 31471.35 | G39: =+G29 -> 50000 | H39: =+H29 -> 40050.68 | I39: =+E39+G39 -> 94000 | J39: =+F39+H39 -> 71522.03 | K39: =+K29 -> 65000 | L39: =+L29 -> 51899.88 | M39: =+I39+K39 -> 159000 | N39: =+J39+L39 -> 123421.91 | O39: =+O29 -> 67000 | P39: =+P29 -> 50651.53 | Q39: =+M39+O39 -> 226000 | R39: =+N39+P39 -> 174073.44 | S39: =+S29 -> 67000 | T39: =+T29 -> 49962.73 | U39: =+Q39+S39 -> 293000 | V39: =+R39+T39 -> 224036.17 | W39: =+W29 -> 65000 | X39: =+X29 -> 55089.31 | Y39: =+O39+S39+W39 -> 199000 | Z39: =+P39+T39+X39 -> 155703.57 | AA39: =+U39+W39 -> 358000 | AB39: =+V39+X39 -> 279125.48 | AC39: =+AC29 -> 67000 | AD39: =AD29 -> 62348.195 | AE39: =+AA39+AC39 -> 425000 | AF39: =+AB39+AD39 -> 341473.67 | AG39: =+AG29 -> 65000 | AH39: =AH29 -> 54525.3 | AI39: =+AE39+AG39 -> 490000 | AJ39: =+AF39+AH39 -> 395998.97 | AK39: =+AK29 -> 67000 | AL39: =AL29 -> 68121.11 | AM39: =+AC39+AG39+AK39 -> 199000 | AN39: =+AD39+AH39+AL39 -> 184994.6 | AO39: =+AI39+AK39 -> 557000 | AP39: =+AJ39+AL39 -> 464120.08 | AQ39: =+AQ29 -> 67000 | AR39: =+AR29 -> 70032.181 | AS39: =+AO39+AQ39 -> 624000 | AT39: =+AP39+AR39 -> 534152.27 | AU39: =+AU29 -> 59000 | AV39: =+AV29 -> 48122.458 | AW39: =+AS39+AU39 -> 683000 | AX39: =+AT39+AV39 -> 582274.72 | AY39: =+AY29 -> 67000 | AZ39: =+AZ29 -> 67566.24 | BA39: =+AQ39+AU39+AY39 -> 193000 | BB39: =+AR39+AV39+AZ39 -> 185720.88 | BC39: =+AM39+BA39 -> 392000 | BD39: =+AN39+BB39 -> 370715.48 | BE39: =+AW39+AY39 -> 750000 | BF39: =+AX39+AZ39 -> 649840.96 | BG39: 674875.14 | BH39: 440547.14 | BI39: =+BI29 -> 800000 | BJ39: 632220.18
B40: Parallel Flange Beams | C40: Mt | D40: =+D30 -> 450000 | E40: =+E30 -> 10000 | F40: =6276.41-98.6 -> 6177.81 | G40: =+G30 -> 0 | H40: =1415.21-24.18 -> 1391.03 | I40: =+E40+G40 -> 10000 | J40: =+F40+H40 -> 7568.84 | K40: =+K30 -> 40000 | L40: =7983.23416703449-7.1-135.16 -> 7840.9742 | M40: =+I40+K40 -> 50000 | N40: =+J40+L40 -> 15409.814 | O40: =+O30 -> 40000 | P40: =19195.0787899673-313.98 -> 18881.099 | Q40: =+M40+O40 -> 90000 | R40: =+N40+P40 -> 34290.913 | S40: =+S30 -> 45000 | T40: =15219.8668473+4.8 -> 15224.667 | U40: =+Q40+S40 -> 135000 | V40: =+R40+T40 -> 49515.58 | W40: =+W30 -> 45000 | X40: =7068.013821-19 -> 7049.0138 | Y40: =+O40+S40+W40 -> 130000 | Z40: =+P40+T40+X40 -> 41154.779 | AA40: =+U40+W40 -> 180000 | AB40: =+V40+X40 -> 56564.594 | AC40: =+AC30 -> 45000 | AD40: 17875.446 | AE40: =+AA40+AC40 -> 225000 | AF40: =+AB40+AD40 -> 74440.039 | AG40: =+AG30 -> 45000 | AH40: 12302.024 | AI40: =+AE40+AG40 -> 270000 | AJ40: =+AF40+AH40 -> 86742.064 | AK40: =+AK30 -> 45000 | AL40: 22613.71 | AM40: =+AC40+AG40+AK40 -> 135000 | AN40: =+AD40+AH40+AL40 -> 52791.18 | AO40: =+AI40+AK40 -> 315000 | AP40: =+AJ40+AL40 -> 109355.77 | AQ40: =+AQ30 -> 45000 | AR40: 15435.383 | AS40: =+AO40+AQ40 -> 360000 | AT40: =+AP40+AR40 -> 124791.16 | AU40: =+AU30 -> 45000 | AV40: 20418.945 | AW40: =+AS40+AU40 -> 405000 | AX40: =+AT40+AV40 -> 145210.1 | AY40: =+AY30 -> 45000 | AZ40: 22909.409 | BA40: =+AQ40+AU40+AY40 -> 135000 | BB40: =+AR40+AV40+AZ40 -> 58763.737 | BC40: =+AM40+BA40 -> 270000 | BD40: =+AN40+BB40 -> 111554.92 | BE40: =+AW40+AY40 -> 450000 | BF40: =+AX40+AZ40 -> 168119.51 | BG40: 220000 | BH40: 73866.149 | BI40: =+BI30 -> 535000 | BJ40: 171635 | BL40: =+BF35-BH35 -> 336541.46
B41: Channels | C41: Mt | F41: =1720.55-29.04 -> 1691.51 | H41: =1359.79-22.78 -> 1337.01 | I41: =+E41+G41 -> 0 | J41: =+F41+H41 -> 3028.52 | L41: =1640.5347891555-35.23 -> 1605.3048 | M41: =+I41+K41 -> 0 | N41: =+J41+L41 -> 4633.8248 | P41: =4476.1938375168-74.21 -> 4401.9838 | Q41: =+M41+O41 -> 0 | R41: =+N41+P41 -> 9035.8086 | T41: 3384.018 | U41: =+Q41+S41 -> 0 | V41: =+R41+T41 -> 12419.827 | X41: 950.53158 | Y41: =+O41+S41+W41 -> 0 | Z41: =+P41+T41+X41 -> 8736.5334 | AA41: =+U41+W41 -> 0 | AB41: =+V41+X41 -> 13370.358 | AD41: 4610.2216 | AE41: =+AA41+AC41 -> 0 | AF41: =+AB41+AD41 -> 17980.58 | AH41: 8608.719 | AI41: =+AE41+AG41 -> 0 | AJ41: =+AF41+AH41 -> 26589.299 | AL41: 6932.103 | AM41: =+AC41+AG41+AK41 -> 0 | AN41: =+AD41+AH41+AL41 -> 20151.043 | AO41: =+AI41+AK41 -> 0 | AP41: =+AJ41+AL41 -> 33521.402 | AR41: 4947.1184 | AS41: =+AO41+AQ41 -> 0 | AT41: =+AP41+AR41 -> 38468.52 | AV41: 2786.5698 | AW41: =+AS41+AU41 -> 0 | AX41: =+AT41+AV41 -> 41255.09 | AZ41: 2932.02 | BA41: =+AQ41+AU41+AY41 -> 0 | BB41: =+AR41+AV41+AZ41 -> 10665.708 | BC41: =+AM41+BA41 -> 0 | BD41: =+AN41+BB41 -> 30816.752 | BE41: =+AW41+AY41 -> 0 | BF41: =+AX41+AZ41 -> 44187.11 | BG41: 0 | BH41: 1993.219 | BL41: =+BL40/BH35 -> 0.18451908
B42: Angles | C42: Mt | F42: 0 | H42: 0 | I42: =+E42+G42 -> 0 | J42: =+F42+H42 -> 0 | L42: 0 | M42: =+I42+K42 -> 0 | N42: =+J42+L42 -> 0 | P42: 0 | Q42: =+M42+O42 -> 0 | R42: =+N42+P42 -> 0 | T42: 0 | U42: =+Q42+S42 -> 0 | V42: =+R42+T42 -> 0 | X42: 0 | Y42: =+O42+S42+W42 -> 0 | Z42: =+P42+T42+X42 -> 0 | AA42: =+U42+W42 -> 0 | AB42: =+V42+X42 -> 0 | AD42: 0 | AE42: =+AA42+AC42 -> 0 | AF42: =+AB42+AD42 -> 0 | AH42: 0 | AI42: =+AE42+AG42 -> 0 | AJ42: =+AF42+AH42 -> 0 | AL42: 0 | AM42: =+AC42+AG42+AK42 -> 0 | AN42: =+AD42+AH42+AL42 -> 0 | AO42: =+AI42+AK42 -> 0 | AP42: =+AJ42+AL42 -> 0 | AR42: 0 | AS42: =+AO42+AQ42 -> 0 | AT42: =+AP42+AR42 -> 0 | AV42: 920.38655 | AW42: =+AS42+AU42 -> 0 | AX42: =+AT42+AV42 -> 920.38655 | AZ42: 0 | BA42: =+AQ42+AU42+AY42 -> 0 | BB42: =+AR42+AV42+AZ42 -> 920.38655 | BC42: =+AM42+BA42 -> 0 | BD42: =+AN42+BB42 -> 920.38655 | BE42: =+AW42+AY42 -> 0 | BF42: =+AX42+AZ42 -> 920.38655 | BG42: 0 | BH42: 1993.5256
B43: Semis | C43: Mt | D43: =+D34 -> 670000.15 | E43: =+E34 -> 0 | F43: =+F34 -> 18527.209 | G43: =+G34 -> 0 | H43: =+H34 -> 36350.993 | I43: =+I34 -> 0 | J43: =+J34 -> 54878.202 | K43: =+K34 -> 69792 | ... BB43: =+BB34 -> 225277.22 | BC43: =+AM43+BA43 -> 395286.44 | BD43: =+AN43+BB43 -> 445545.8 | BE43: =+BE34 -> 669999.11 | BF43: =+BF34 -> 832014.92 | BG43: 904433.83 | BH43: 937874.53 | BI43: =+BI34 -> 571999.74 | BJ43: =+BJ34 -> 877839.96
B44: TOTAL | C44: Mt | D44: =SUM(D37:D43) -> 2370000.2 | E44: =SUM(E37:E43) -> 87000 | F44: =SUM(F37:F43) -> 90138.221 | G44: =SUM(G37:G43) -> 91500 | H44: =SUM(H37:H43) -> 103828.79 | I44: =SUM(I37:I43) -> 178500 | J44: =SUM(J37:J43) -> 193967.01 | K44: =SUM(K37:K43) -> 216292 | ... BB44: =SUM(BB37:BB43) -> 611250.28 | BC44: =+AM44+BA44 -> 1312286.4 | BD44: =+AN44+BB44 -> 1209718.9 | BE44: =SUM(BE37:BE43) -> 2369999.1 | BF44: =SUM(BF37:BF43) -> 2160426.7 | BG44: 2235274.9 | BH44: 1812793 | BI44: =SUM(BI37:BI43) -> 2406999.7 | BJ44: =SUM(BJ37:BJ43) -> 2093720.4
B45: COAL TAR | C45: Mt | D45: 51085.857 | E45: 4199 | F45: =2613.29+1462 -> 4075.29 | G45: 4339 | H45: =2204.4+1363.8 -> 3568.2 | I45: =+E45+G45 -> 8538 | J45: =+F45+H45 -> 7643.49 | K45: 4199 | L45: =1416.7+2701.31 -> 4118.01 | M45: =+I45+K45 -> 12737 | N45: =+J45+L45 -> 11761.5 | O45: 4338.7988 | P45: =1433.3+2722.55 -> 4155.85 | Q45: =+M45+O45 -> 17075.799 | R45: =+N45+P45 -> 15917.35 | S45: 4338.7988 | T45: =1448.6+2869.97 -> 4318.57 | U45: =+Q45+S45 -> 21414.598 | V45: =+R45+T45 -> 20235.92 | W45: 4198.8375 | X45: =1379.6+2782.08 -> 4161.68 | Y45: =+O45+S45+W45 -> 12876.435 | Z45: =+P45+T45+X45 -> 12636.1 | AA45: =+U45+W45 -> 25613.435 | AB45: =+V45+X45 -> 24397.6 | AC45: 4338.7988 | AD45: =1398+2894.54 -> 4292.54 | AE45: =+AA45+AC45 -> 29952.234 | AF45: =+AB45+AD45 -> 28690.14 | AG45: 4198.8375 | AH45: =1386.8+2800.98 -> 4187.78 | AI45: =+AE45+AG45 -> 34151.071 | AJ45: =+AF45+AH45 -> 32877.92 | AK45: 4338.7988 | AL45: =1427.3+2886.83 -> 4314.13 | AM45: =+AC45+AG45+AK45 -> 12876.435 | AN45: =+AD45+AH45+AL45 -> 12794.45 | AO45: =+AI45+AK45 -> 38489.87 | AP45: =+AJ45+AL45 -> 37192.05 | AQ45: 4338.7988 | AR45: =1436.2+2896.29 -> 4332.49 | AS45: =+AO45+AQ45 -> 42828.669 | AT45: =+AP45+AR45 -> 41524.54 | AU45: 3918.915 | AV45: =1194.1+2619.91 -> 3814.01 | AW45: =+AS45+AU45 -> 46747.584 | AX45: =+AT45+AV45 -> 45338.55 | AY45: 4338.7988 | AZ45: =1353+2901 -> 4254 | BA45: =+AQ45+AU45+AY45 -> 12596.513 | BB45: =+AR45+AV45+AZ45 -> 12400.5 | BC45: =+AM45+BA45 -> 25472.948 | BD45: =+AN45+BB45 -> 25194.95 | BE45: =+AW45+AY45 -> 51086.383 | BF45: =+AX45+AZ45 -> 49592.55 | BG45: 48584.311 | BH45: 46678.95 | BI45: 46118.873 | BJ45: 49237.57
B46: AMMONIUM SULPHATE | C46: Mt | D46: 16579.502 | E46: 1360 | F46: =528.5+350.5 -> 879 | G46: 1408 | H46: =281.5+412.5 -> 694 | I46: =+E46+G46 -> 2768 | J46: =+F46+H46 -> 1573 | K46: 1360 | L46: =225+312.2 -> 537.2 | M46: =+I46+K46 -> 4128 | N46: =+J46+L46 -> 2110.2 | O46: 1408.407 | P46: =282.1+313 -> 595.1 | Q46: =+M46+O46 -> 5536.407 | R46: =+N46+P46 -> 2705.3 | S46: 1408.407 | T46: =477.5+290 -> 767.5 | U46: =+Q46+S46 -> 6944.814 | V46: =+R46+T46 -> 3472.8 | W46: 1360.143 | X46: =355.5+336 -> 691.5 | Y46: =+O46+S46+W46 -> 4176.957 | Z46: =+P46+T46+X46 -> 2054.1 | AA46: =+U46+W46 -> 8304.957 | AB46: =+V46+X46 -> 4164.3 | AC46: 1410.107 | AD46: =407.5+270.5 -> 678 | AE46: =+AA46+AC46 -> 9715.064 | AF46: =+AB46+AD46 -> 4842.3 | AG46: 1358.729 | AH46: =401+241 -> 642 | AI46: =+AE46+AG46 -> 11073.793 | AJ46: =+AF46+AH46 -> 5484.3 | AK46: 1410.107 | AL46: =279.5+457 -> 736.5 | AM46: =+AC46+AG46+AK46 -> 4178.943 | AN46: =+AD46+AH46+AL46 -> 2056.5 | AO46: =+AI46+AK46 -> 12483.9 | AP46: =+AJ46+AL46 -> 6220.8 | AQ46: 1413.231 | AR46: =268.5+517 -> 785.5 | AS46: =+AO46+AQ46 -> 13897.131 | AT46: =+AP46+AR46 -> 7006.3 | AU46: 1268.447 | AV46: =490.5+432.1 -> 922.6 | AW46: =+AS46+AU46 -> 15165.578 | AX46: =+AT46+AV46 -> 7928.9 | AY46: 1413.231 | AZ46: =591+357 -> 948 | BA46: =+AQ46+AU46+AY46 -> 4094.909 | BB46: =+AR46+AV46+AZ46 -> 2656.1 | BC46: =+AM46+BA46 -> 8273.852 | BD46: =+AN46+BB46 -> 4712.6 | BE46: =+AW46+AY46 -> 16578.809 | BF46: =+AX46+AZ46 -> 8876.9 | BG46: 21728.852 | BH46: 10510.61 | BI46: 15654.415 | BJ46: 12312.8
B48: Total casts | C48: No | D48: 16344.917 | E48: 626 | F48: 653 | G48: 648 | H48: =232+232+57 -> 521 | I48: =+E48+G48 -> 1274 | J48: =+F48+H48 -> 1174 | K48: 1482 | L48: =481+498+287 -> 1266 | M48: =+I48+K48 -> 2756 | N48: =+J48+L48 -> 2440 | O48: 1533 | P48: =486+552+196 -> 1234 | Q48: =+M48+O48 -> 4289 | R48: =+N48+P48 -> 3674 | S48: 1534.1315 | T48: =510+522+314 -> 1346 | U48: =+Q48+S48 -> 5823.1315 | V48: =+R48+T48 -> 5020 | W48: 1492.0188 | X48: 1301 | Y48: =+O48+S48+W48 -> 4559.1502 | Z48: =+P48+T48+X48 -> 3881 | AA48: =+U48+W48 -> 7315.1502 | AB48: =+V48+X48 -> 6321 | AC48: 1542.723 | AD48: 1385 | AE48: =+AA48+AC48 -> 8857.8732 | AF48: =+AB48+AD48 -> 7706 | AG48: 1492.0188 | AH48: 1287 | AI48: =+AE48+AG48 -> 10349.892 | AJ48: =+AF48+AH48 -> 8993 | AK48: 1542.723 | AL48: =594+534+307 -> 1435 | AM48: =+AC48+AG48+AK48 -> 4577.4648 | AN48: =+AD48+AH48+AL48 -> 4107 | AO48: =+AI48+AK48 -> 11892.615 | AP48: =+AJ48+AL48 -> 10428 | AQ48: 1542.723 | AR48: 1453 | AS48: =+AO48+AQ48 -> 13435.338 | AT48: =+AP48+AR48 -> 11881 | AU48: 1366.654 | AV48: =514+510+266 -> 1290 | AW48: =+AS48+AU48 -> 14801.992 | AX48: =+AT48+AV48 -> 13171 | AY48: 1542.723 | AZ48: =585+582+286 -> 1453 | BA48: =+AQ48+AU48+AY48 -> 4452.1 | BB48: =+AR48+AV48+AZ48 -> 4196 | BC48: =+AM48+BA48 -> 9029.5648 | BD48: =+AN48+BB48 -> 8303 | BE48: =+AW48+AY48 -> 16344.715 | BF48: =+AX48+AZ48 -> 14624 | BG48: 15300.817 | BH48: 12158 | BI48: 16891.892 | BJ48: 14151

Sheet Maj Despatch Summ
B1: MAJOR DESPATCH SUMMARY 2021-22(As per Finance CENVAT report)
E2: 30 | F2: 30 | G2: 31 | H2: 31 | I2: =+G2+E2 -> 61 | J2: =+H2+F2 -> 61 | K2: 30 | L2: 30 | M2: =+E2+G2+K2 -> 91 | N2: =+F2+H2+L2 -> 91 | O2: 31 | P2: 31 | Q2: =+M2+O2 -> 122 | R2: =+N2+P2 -> 122 | S2: 31 | T2: 31 | U2: =+Q2+S2 -> 153 | V2: =+R2+T2 -> 153 | W2: 30 | X2: 30 | Y2: =+O2+S2+W2 -> 92 | Z2: =+P2+T2+X2 -> 92 | AA2: =+M2+Y2 -> 183 | AB2: =+N2+Z2 -> 183 | AC2: 31 | AD2: 31 | AE2: =+AA2+AC2 -> 214 | AF2: =+AB2+AD2 -> 214 | AG2: 30 | AH2: 30 | AI2: =+AE2+AG2 -> 244 | AJ2: =+AF2+AH2 -> 244 | AK2: 31 | AL2: 31 | AM2: =+AC2+AG2+AK2 -> 92 | AN2: =+AD2+AH2+AL2 -> 92 | AO2: =+AI2+AK2 -> 275 | AP2: =+AJ2+AL2 -> 275 | AQ2: 31 | AR2: 31 | AS2: =+AO2+AQ2 -> 306 | AT2: =+AP2+AR2 -> 306 | AU2: 28 | AV2: 28 | AW2: =+AS2+AU2 -> 334 | AX2: =+AT2+AV2 -> 334 | AY2: 31 | AZ2: 31 | BA2: =+AQ2+AU2+AY2 -> 90 | BB2: =+AR2+AV2+AZ2 -> 90 | BC2: =+AM2+BA2 -> 182 | BD2: =+AN2+BB2 -> 182 | BE2: =+AW2+AY2 -> 365 | BF2: =+AX2+AZ2 -> 365 | BG2: 365 | BH2: 365 | BI2: 366 | BJ2: 366
B3: ITEM | C3: Unit | D3: 2021-22 ABP | E3: Apr'21 | G3: May'21 | I3: 2M | K3: Jun'21 | M3: QTR-1 | O3: Jul'21 | Q3: 4M | S3: Aug'21 | U3: 5M | W3: Sep'21 | Y3: QTR-2 | AA3: H1 | AC3: Oct'21 | AE3: 7M | AG3: Nov'21 | AI3: 8M | AK3: Dec'21 | AM3: QTR-3 | AO3: 9M | AQ3: Jan'22 | AS3: 10M | AU3: Feb'22 | AW3: 11M | AY3: Mar'22 | BA3: QTR-4 | BC3: H2 | BE3: 2021-22 | BG3: 2020-21 | BI3: 2019-20
E4: ABP | F4: ACT | G4: ABP | H4: ACT | I4: ABP | J4: ACT | K4: ABP | L4: ACT | M4: ABP | N4: ACT | O4: ABP | P4: ACT | Q4: ABP | R4: ACT | S4: ABP | T4: ACT | U4: ABP | V4: ACT | W4: ABP | X4: ACT | Y4: ABP | Z4: ACT | AA4: ABP | AB4: ACT | AC4: ABP | AD4: ACT | AE4: ABP | AF4: ACT | AG4: ABP | AH4: ACT | AI4: ABP | AJ4: ACT | AK4: ABP | AL4: ACT | AM4: ABP | AN4: ACT | AO4: ABP | AP4: ACT | AQ4: ABP | AR4: ACT | AS4: ABP | AT4: ACT | AU4: ABP | AV4: ACT | AW4: ABP | AX4: ACT | AY4: ABP | AZ4: ACT | BA4: ABP | BB4: ACT | BC4: ABP | BD4: ACT | BE4: ABP | BF4: ACT | BG4: ABP | BH4: ACT | BI4: ABP | BJ4: ACT
B5: Saleable Steel (mill-wise)
B6: MKTG-MILL DEFECTIVES (ARISINGS) | C6: MT | D6: 15050 | E6: 0 | F6: 2956.91 | G6: 500 | H6: 4274.74 | I6: =+E6+G6 -> 500 | J6: =+F6+H6 -> 7231.65 | K6: 1500 | L6: 1722.87 | M6: =+I6+K6 -> 2000 | N6: =+J6+L6 -> 8954.52 | O6: 1500 | P6: 2943.97 | Q6: =+M6+O6 -> 3500 | R6: =+N6+P6 -> 11898.49 | S6: 2000 | T6: 3275.94 | U6: =+Q6+S6 -> 5500 | V6: =+R6+T6 -> 15174.43 | W6: 1500 | X6: 1628.47 | Y6: =+O6+S6+W6 -> 5000 | Z6: =+P6+T6+X6 -> 7848.38 | AA6: =+M6+Y6 -> 7000 | AB6: =+N6+Z6 -> 16802.9 | AC6: 1500 | AD6: 3324.25 | AE6: =+AA6+AC6 -> 8500 | AF6: =+AB6+AD6 -> 20127.15 | AG6: 1500 | AH6: 2214.32 | AI6: =+AE6+AG6 -> 10000 | AJ6: =+AF6+AH6 -> 22341.47 | AK6: 1500 | AL6: 2437.96 | AM6: =+AC6+AG6+AK6 -> 4500 | AN6: =+AD6+AH6+AL6 -> 7976.53 | AO6: =+AI6+AK6 -> 11500 | AP6: =+AJ6+AL6 -> 24779.43 | AQ6: 1500 | AR6: 17.6 | AS6: =+AO6+AQ6 -> 13000 | AT6: =+AP6+AR6 -> 24797.03 | AU6: 1500 | AV6: 2076.14 | AW6: =+AS6+AU6 -> 14500 | AX6: =+AT6+AV6 -> 26873.17 | AY6: 1550 | AZ6: 6327.98 | BA6: =+AQ6+AU6+AY6 -> 4550 | BB6: =+AR6+AV6+AZ6 -> 8421.72 | BC6: =+AM6+BA6 -> 9050 | BD6: =+AN6+BB6 -> 16398.25 | BE6: =+AW6+AY6 -> 16050 | BF6: =+AX6+AZ6 -> 33201.15 | BG6: 0 | BH6: 35268.25 | BI6: 2000 | BJ6: 28405.85
B7: IPT | C7: MT | D7: 0 | E7: 0 | F7: 0 | G7: 0 | H7: 5712.02 | I7: =+E7+G7 -> 0 | J7: =+F7+H7 -> 5712.02 | K7: 0 | L7: 0 | M7: =+I7+K7 -> 0 | N7: =+J7+L7 -> 5712.02 | O7: 0 | P7: 2863.68 | Q7: =+M7+O7 -> 0 | R7: =+N7+P7 -> 8575.7 | S7: 0 | T7: 8333.58 | U7: =+Q7+S7 -> 0 | V7: =+R7+T7 -> 16909.28 | W7: 0 | X7: 5479.16 | Y7: =+O7+S7+W7 -> 0 | Z7: =+P7+T7+X7 -> 16676.42 | AA7: =+M7+Y7 -> 0 | AB7: =+N7+Z7 -> 22388.44 | AC7: 0 | AD7: 11475.78 | AE7: =+AA7+AC7 -> 0 | AF7: =+AB7+AD7 -> 33864.22 | AG7: 0 | AH7: 2870.48 | AI7: =+AE7+AG7 -> 0 | AJ7: =+AF7+AH7 -> 36734.7 | AK7: 0 | AL7: 10720.04 | AM7: =+AC7+AG7+AK7 -> 0 | AN7: =+AD7+AH7+AL7 -> 25066.3 | AO7: =+AI7+AK7 -> 0 | AP7: =+AJ7+AL7 -> 47454.74 | AQ7: 0 | AR7: 5342.76 | AS7: =+AO7+AQ7 -> 0 | AT7: =+AP7+AR7 -> 52797.5 | AU7: 0 | AV7: 8560.92 | AW7: =+AS7+AU7 -> 0 | AX7: =+AT7+AV7 -> 61358.42 | AY7: 0 | AZ7: 10349 | BA7: =+AQ7+AU7+AY7 -> 0 | BB7: =+AR7+AV7+AZ7 -> 24252.68 | BC7: =+AM7+BA7 -> 0 | BD7: =+AN7+BB7 -> 49318.98 | BE7: =+AW7+AY7 -> 0 | BF7: =+AX7+AZ7 -> 71707.42 | BG7: 10800 | BH7: 9758.51 | BI7: 24210 | BJ7: 5928.095
B8: CMO-WR MILL | C8: MT | D8: 498500 | E8: 33000 | F8: 32479.46 | G8: 41000 | H8: 29307.43 | I8: =+E8+G8 -> 74000 | J8: =+F8+H8 -> 61786.89 | K8: 41500 | L8: =36293.25-127.26 -> 36165.99 | M8: =+I8+K8 -> 115500 | N8: =+J8+L8 -> 97952.88 | O8: 43500 | P8: =39274.56+127.26 -> 39401.82 | Q8: =+M8+O8 -> 159000 | R8: =+N8+P8 -> 137354.7 | S8: 43000 | T8: 41652.3 | U8: =+Q8+S8 -> 202000 | V8: =+R8+T8 -> 179007 | W8: 42000 | X8: 40286.89 | Y8: =+O8+S8+W8 -> 128500 | Z8: =+P8+T8+X8 -> 121341.01 | AA8: =+M8+Y8 -> 244000 | AB8: =+N8+Z8 -> 219293.89 | AC8: 43500 | AD8: 41035.01 | AE8: =+AA8+AC8 -> 287500 | AF8: =+AB8+AD8 -> 260328.9 | AG8: 42000 | AH8: 36699.67 | AI8: =+AE8+AG8 -> 329500 | AJ8: =+AF8+AH8 -> 297028.57 | AK8: 43000 | AL8: 37448.32 | AM8: =+AC8+AG8+AK8 -> 128500 | AN8: =+AD8+AH8+AL8 -> 115183 | AO8: =+AI8+AK8 -> 372500 | AP8: =+AJ8+AL8 -> 334476.89 | AQ8: 43500 | AR8: 41962.08 | AS8: =+AO8+AQ8 -> 416000 | AT8: =+AP8+AR8 -> 376438.97 | AU8: 39000 | AV8: 44216.67 | AW8: =+AS8+AU8 -> 455000 | AX8: =+AT8+AV8 -> 420655.64 | AY8: 43500 | AZ8: 47298 | BA8: =+AQ8+AU8+AY8 -> 126000 | BB8: =+AR8+AV8+AZ8 -> 133476.75 | BC8: =+AM8+BA8 -> 254500 | BD8: =+AN8+BB8 -> 248659.75 | BE8: =+AW8+AY8 -> 498500 | BF8: =+AX8+AZ8 -> 467953.64 | BG8: 435166.29 | BH8: 351267.02 | BI8: 498000 | BJ8: 399090.26 | BL8: =+BL10/BH12 -> 0.16009368
B9: CMO-BAR MILL | C9: MT | D9: 750000 | E9: 44000 | F9: 35076.64 | G9: 50000 | H9: 34586.76 | I9: =+E9+G9 -> 94000 | J9: =+F9+H9 -> 69663.4 | K9: 65000 | L9: 51668.42 | M9: =+I9+K9 -> 159000 | N9: =+J9+L9 -> 121331.82 | O9: 67000 | P9: 53901.93 | Q9: =+M9+O9 -> 226000 | R9: =+N9+P9 -> 175233.75 | S9: 67000 | T9: 50809.85 | U9: =+Q9+S9 -> 293000 | V9: =+R9+T9 -> 226043.6 | W9: 65000 | X9: 54227.87 | Y9: =+O9+S9+W9 -> 199000 | Z9: =+P9+T9+X9 -> 158939.65 | AA9: =+M9+Y9 -> 358000 | AB9: =+N9+Z9 -> 280271.47 | AC9: 67000 | AD9: 58924.31 | AE9: =+AA9+AC9 -> 425000 | AF9: =+AB9+AD9 -> 339195.78 | AG9: 65000 | AH9: 49365.07 | AI9: =+AE9+AG9 -> 490000 | AJ9: =+AF9+AH9 -> 388560.85 | AK9: 67000 | AL9: 75504.19 | AM9: =+AC9+AG9+AK9 -> 199000 | AN9: =+AD9+AH9+AL9 -> 183793.57 | AO9: =+AI9+AK9 -> 557000 | AP9: =+AJ9+AL9 -> 464065.04 | AQ9: 67000 | AR9: 66658.32 | AS9: =+AO9+AQ9 -> 624000 | AT9: =+AP9+AR9 -> 530723.36 | AU9: 59000 | AV9: 46901.53 | AW9: =+AS9+AU9 -> 683000 | AX9: =+AT9+AV9 -> 577624.89 | AY9: 67000 | AZ9: 71137 | BA9: =+AQ9+AU9+AY9 -> 193000 | BB9: =+AR9+AV9+AZ9 -> 184696.85 | BC9: =+AM9+BA9 -> 392000 | BD9: =+AN9+BB9 -> 368490.42 | BE9: =+AW9+AY9 -> 750000 | BF9: =+AX9+AZ9 -> 648761.89 | BG9: 674874.74 | BH9: 436958.46 | BI9: 800000 | BJ9: 612890.55
B10: CMO-US MILL | C10: MT | D10: 445000 | E10: 10000 | F10: 9066.34 | G10: 0 | H10: 2525.46 | I10: =+E10+G10 -> 10000 | J10: =+F10+H10 -> 11591.8 | K10: 39500 | L10: 7751.21 | M10: =+I10+K10 -> 49500 | N10: =+J10+L10 -> 19343.01 | O10: 39500 | P10: 22732.9 | Q10: =+M10+O10 -> 89000 | R10: =+N10+P10 -> 42075.91 | S10: 44500 | T10: 19016.82 | U10: =+Q10+S10 -> 133500 | V10: =+R10+T10 -> 61092.73 | W10: 44500 | X10: 9271.7 | Y10: =+O10+S10+W10 -> 128500 | Z10: =+P10+T10+X10 -> 51021.42 | AA10: =+M10+Y10 -> 178000 | AB10: =+N10+Z10 -> 70364.43 | AC10: 44500 | AD10: 21321.12 | AE10: =+AA10+AC10 -> 222500 | AF10: =+AB10+AD10 -> 91685.55 | AG10: 44500 | AH10: 21142.22 | AI10: =+AE10+AG10 -> 267000 | AJ10: =+AF10+AH10 -> 112827.77 | AK10: 44500 | AL10: 28432.32 | AM10: =+AC10+AG10+AK10 -> 133500 | AN10: =+AD10+AH10+AL10 -> 70895.66 | AO10: =+AI10+AK10 -> 311500 | AP10: =+AJ10+AL10 -> 141260.09 | AQ10: 44500 | AR10: 20928.53 | AS10: =+AO10+AQ10 -> 356000 | AT10: =+AP10+AR10 -> 162188.62 | AU10: 44500 | AV10: 23604.03 | AW10: =+AS10+AU10 -> 400500 | AX10: =+AT10+AV10 -> 185792.65 | AY10: 44500 | AZ10: 28527 | BA10: =+AQ10+AU10+AY10 -> 133500 | BB10: =+AR10+AV10+AZ10 -> 73059.56 | BC10: =+AM10+BA10 -> 267000 | BD10: =+AN10+BB10 -> 143955.22 | BE10: =+AW10+AY10 -> 445000 | BF10: =+AX10+AZ10 -> 214319.65 | BG10: 220000 | BH10: 100400.4 | BI10: 535000 | BJ10: 167166.99 | BL10: =+BF12-BH12 -> 300600.67
B11: CMO-SEMIS | C11: MT | D11: 659950.15 | E11: -0.0001014047 | F11: 26014.07 | G11: 0.46042229 | H11: 28054.78 | I11: =+E11+G11 -> 0.46032089 | J11: =+F11+H11 -> 54068.85 | K11: 68792.582 | L11: 76797.38 | M11: =+I11+K11 -> 68793.042 | N11: =+J11+L11 -> 130866.23 | O11: 70892.09 | P11: 66760.81 | Q11: =+M11+O11 -> 139685.13 | R11: =+N11+P11 -> 197627.04 | S11: 66355.223 | T11: 71305.95 | U11: =+Q11+S11 -> 206040.35 | V11: =+R11+T11 -> 268932.99 | W11: 64673.36 | X11: 88791.79 | Y11: =+O11+S11+W11 -> 201920.67 | Z11: =+P11+T11+X11 -> 226858.55 | AA11: =+M11+Y11 -> 270713.72 | AB11: =+N11+Z11 -> 357724.78 | AC11: 67643.955 | AD11: 48239.77 | AE11: =+AA11+AC11 -> 338357.67 | AF11: =+AB11+AD11 -> 405964.55 | AG11: 62673.36 | AH11: 73495.39 | AI11: =+AE11+AG11 -> 401031.03 | AJ11: =+AF11+AH11 -> 479459.94 | AK11: 67969.955 | AL11: 68439.61 | AM11: =+AC11+AG11+AK11 -> 198287.27 | AN11: =+AD11+AH11+AL11 -> 190174.77 | AO11: =+AI11+AK11 -> 469000.99 | AP11: =+AJ11+AL11 -> 547899.55 | AQ11: 68143.955 | AR11: 70955.83 | AS11: =+AO11+AQ11 -> 537144.94 | AT11: =+AP11+AR11 -> 618855.38 | AU11: 54711.254 | AV11: 61093.39 | AW11: =+AS11+AU11 -> 591856.2 | AX11: =+AT11+AV11 -> 679948.77 | AY11: 68093.955 | AZ11: 62363 | BA11: =+AQ11+AU11+AY11 -> 190949.16 | BB11: =+AR11+AV11+AZ11 -> 194412.22 | BC11: =+AM11+BA11 -> 389236.44 | BD11: =+AN11+BB11 -> 384586.99 | BE11: =+AW11+AY11 -> 659950.15 | BF11: =+AX11+AZ11 -> 742311.77 | BG11: 893633.78 | BH11: 944002.21 | BI11: 547789.74 | BJ11: 836451 | BL11: =+BF12-'Maj Production Summ'!BF35 -> 17829.701
B12: TOTAL | C12: MT | D12: =SUM(D6:D11) -> 2368500.2 | E12: =SUM(E6:E11) -> 87000 | F12: =SUM(F6:F11) -> 105593.42 | G12: =SUM(G6:G11) -> 91500.46 | H12: =SUM(H6:H11) -> 104461.19 | I12: =SUM(I6:I11) -> 178500.46 | J12: =SUM(J6:J11) -> 210054.61 | K12: =SUM(K6:K11) -> 216292.58 | ... BF12: =SUM(BF6:BF11) -> 2178255.5 | BG12: 2234474.8 | BH12: 1877654.8 | BI12: 2406999.7 | BJ12: 2049932.7
B13: Consideration in internal consumption | D13: Saleable production Plan: 2370000 (1500 T has been kept in plan for Internal consumption) | G13: Saleable production Plan: 91500 (500 T has been kept in plan for Internal consumption) | S13: Saleable production Plan: 222855 (500 T has been kept in plan for Internal consumption) | AK13: Saleable production Plan: 224470 (500 T has been kept in plan for Internal consumption) | AX13: =+AX12-AX6-AX7 -> 1864022 | AZ13: =+AZ12-AZ17 -> 179557.98
B14: Saleable Steel (Sale type-wise)
B15: IPT | C15: MT | D15: =+D12 -> 2368500.2 | E15: =+E12 -> 87000 | F15: 0 | G15: =+G12 -> 91500.46 | H15: =+H7 -> 5712.02 | I15: =+E15+G15 -> 178500.46 | J15: =+F15+H15 -> 5712.02 | K15: =+K12 -> 216292.58 | L15: 0 | M15: =+I15+K15 -> 394793.04 | N15: =+J15+L15 -> 5712.02 | O15: =+O12 -> 222392.09 | P15: 2863.68 | Q15: =+M15+O15 -> 617185.13 | R15: =+N15+P15 -> 8575.7 | S15: =+S12 -> 222855.22 | T15: =+T7 -> 8333.58 | U15: =+Q15+S15 -> 840040.35 | V15: =+R15+T15 -> 16909.28 | W15: =+W12 -> 217673.36 | X15: =+X7 -> 5479.16 | Y15: =+O15+S15+W15 -> 662920.67 | Z15: =+P15+T15+X15 -> 16676.42 | AA15: =+M15+Y15 -> 1057713.7 | AB15: =+N15+Z15 -> 22388.44 | AC15: =+AC12 -> 224143.96 | AD15: =+AD7 -> 11475.78 | AE15: =+AA15+AC15 -> 1281857.7 | AF15: =+AB15+AD15 -> 33864.22 | AG15: =+AG12 -> 215673.36 | AH15: =+AH7 -> 2870.48 | AI15: =+AE15+AG15 -> 1497531 | AJ15: =+AF15+AH15 -> 36734.7 | AK15: =+AK12 -> 223969.96 | AL15: =+AL7 -> 10720.04 | AM15: =+AC15+AG15+AK15 -> 663787.27 | AN15: =+AD15+AH15+AL15 -> 25066.3 | AO15: =+AI15+AK15 -> 1721501 | AP15: =+AJ15+AL15 -> 47454.74 | AQ15: =+AQ12 -> 224643.96 | AR15: =+AR7 -> 5342.76 | AS15: =+AO15+AQ15 -> 1946144.9 | AT15: =+AP15+AR15 -> 52797.5 | AU15: =+AU12 -> 198711.25 | AV15: =+AV7 -> 8560.92 | AW15: =+AS15+AU15 -> 2144856.2 | AX15: =+AT15+AV15 -> 61358.42 | AY15: =+AY12 -> 224643.96 | AZ15: =+AZ7 -> 10349 | BA15: =+AQ15+AU15+AY15 -> 647999.16 | BB15: =+AR15+AV15+AZ15 -> 24252.68 | BC15: =+AM15+BA15 -> 1311786.4 | BD15: =+AN15+BB15 -> 49318.98 | BE15: =+AW15+AY15 -> 2369500.2 | BF15: =+AX15+AZ15 -> 71707.42 | BG15: 2234474.8 | BH15: 9758.51 | BI15: =+BI12 -> 2406999.7 | BJ15: 5928.249
B16: CMO DIR | C16: MT | F16: 53811.41 | H16: 55157.91 | J16: =+F16+H16 -> 108969.32 | L16: =65178.53-127.26 -> 65051.27 | N16: =+J16+L16 -> 174020.59 | P16: =82528.9+127.26 -> 82656.16 | R16: =+N16+P16 -> 256676.75 | T16: 97004.97 | V16: =+R16+T16 -> 353681.72 | X16: 102219.46 | Z16: =+P16+T16+X16 -> 281880.59 | AB16: =+N16+Z16 -> 455901.18 | AD16: 101716.5 | AF16: =+AB16+AD16 -> 557617.68 | AH16: 81658.61 | AJ16: =+AF16+AH16 -> 639276.29 | AL16: 95716.89 | AN16: =+AD16+AH16+AL16 -> 279092 | AP16: =+AJ16+AL16 -> 734993.18 | AR16: 114017.2 | AT16: =+AP16+AR16 -> 849010.38 | AV16: 103913.77 | AX16: =+AT16+AV16 -> 952924.15 | AZ16: 144169 | BB16: =+AR16+AV16+AZ16 -> 362099.97 | BD16: =+AN16+BB16 -> 641191.97 | BF16: =+AX16+AZ16 -> 1097093.1 | BH16: 691326.52 | BJ16: 569419.83 | BL16: =+BF16/BF12 -> 0.50365677
B17: CMO SYD | C17: MT | F17: 29580.3 | H17: 23511.71 | J17: =+F17+H17 -> 53092.01 | L17: 50006.46 | N17: =+J17+L17 -> 103098.47 | P17: 57970.83 | R17: =+N17+P17 -> 161069.3 | T17: 42991.69 | V17: =+R17+T17 -> 204060.99 | X17: 36485.47 | Z17: =+P17+T17+X17 -> 137447.99 | AB17: =+N17+Z17 -> 240546.46 | AD17: 44126.7 | AF17: =+AB17+AD17 -> 284673.16 | AH17: 55003.57 | AJ17: =+AF17+AH17 -> 339676.73 | AL17: 93671.32 | AN17: =+AD17+AH17+AL17 -> 192801.59 | AP17: =+AJ17+AL17 -> 433348.05 | AR17: 52992.64 | AT17: =+AP17+AR17 -> 486340.69 | AV17: 34486.53 | AX17: =+AT17+AV17 -> 520827.22 | AZ17: 46444 | BB17: =+AR17+AV17+AZ17 -> 133923.17 | BD17: =+AN17+BB17 -> 326724.76 | BF17: =+AX17+AZ17 -> 567271.22 | BH17: 479205.15 | BJ17: 909567
B18: MKTG DIR (DEF) | C18: MT | F18: =+F6 -> 2956.91 | H18: =+H6 -> 4274.74 | J18: =+F18+H18 -> 7231.65 | L18: 1722.87 | N18: =+J18+L18 -> 8954.52 | P18: 2943.97 | R18: =+N18+P18 -> 11898.49 | T18: =+T6 -> 3275.94 | V18: =+R18+T18 -> 15174.43 | X18: =+X6 -> 1628.47 | Z18: =+P18+T18+X18 -> 7848.38 | AB18: =+N18+Z18 -> 16802.9 | AD18: =+AD6 -> 3324.25 | AF18: =+AB18+AD18 -> 20127.15 | AH18: =+AH6 -> 2214.32 | AJ18: =+AF18+AH18 -> 22341.47 | AL18: =+AL6 -> 2437.96 | AN18: =+AD18+AH18+AL18 -> 7976.53 | AP18: =+AJ18+AL18 -> 24779.43 | AR18: =+AR6 -> 17.6 | AT18: =+AP18+AR18 -> 24797.03 | AV18: =+AV6 -> 2076.14 | AX18: =+AT18+AV18 -> 26873.17 | AZ18: =+AZ6 -> 6327.98 | BB18: =+AR18+AV18+AZ18 -> 8421.72 | BD18: =+AN18+BB18 -> 16398.25 | BF18: =+AX18+AZ18 -> 33201.15 | BH18: 35268.25 | BJ18: 28405.85
B19: EXPORT DIR | C19: MT | F19: 19244.8 | H19: 15804.81 | J19: =+F19+H19 -> 35049.61 | L19: 57325.27 | N19: =+J19+L19 -> 92374.88 | P19: 42170.47 | R19: =+N19+P19 -> 134545.35 | T19: 42788.26 | V19: =+R19+T19 -> 177333.61 | X19: 53873.32 | Z19: =+P19+T19+X19 -> 138832.05 | AB19: =+N19+Z19 -> 231206.93 | AD19: 23677.01 | AF19: =+AB19+AD19 -> 254883.94 | AH19: 44040.17 | AJ19: =+AF19+AH19 -> 298924.11 | AL19: 20436.23 | AN19: =+AD19+AH19+AL19 -> 88153.41 | AP19: =+AJ19+AL19 -> 319360.34 | AR19: 33494.92 | AT19: =+AP19+AR19 -> 352855.26 | AV19: 37415.32 | AX19: =+AT19+AV19 -> 390270.58 | AZ19: 18712 | BB19: =+AR19+AV19+AZ19 -> 89622.24 | BD19: =+AN19+BB19 -> 177775.65 | BF19: =+AX19+AZ19 -> 408982.58 | BH19: 662096.98 | BJ19: 536611.98
B20: % DIRECT I/C EXPORT OF TOTAL DESPATCH | C20: % | F20: =+((F16+F18+F15+F19)/F12)*100 -> 71.986607 | H20: =+((H16+H18+H15+H19)/H12)*100 -> 77.492397 | J20: =+((+J15+J16+J18+J19)/J12)*100 -> 74.724663 | L20: =+((L16+L18+L15+L19)/L12)*100 -> 71.278131 | N20: =+((N16+N18+N15+N19)/N12)*100 -> 73.162656 | P20: =+((P16+P18+P15+P19)/P12)*100 -> 69.263383 | R20: =+((R16+R18+R19)/R12)*100 -> 70.381426 | T20: =+((T16+T18+T15+T19)/T12)*100 -> 77.884301 | V20: =+((V16+V18+V19)/V12)*100 -> 71.196327 | X20: =+((X16+X18+X15+X19)/X12)*100 -> 81.728568 | Z20: =+((Z16+Z18+Z15+Z19)/Z12)*100 -> 76.411288 | AB20: =+((AB16+AB18+AB15+AB19)/AB12)*100 -> 75.120497 | AD20: =+((AD16+AD18+AD15+AD19)/AD12)*100 -> 76.059764 | AF20: =+((AF16+AF18+AF15+AF19)/AF12)*100 -> 75.270889 | AH20: =+((AH16+AH18+AH15+AH19)/AH12)*100 -> 70.394309 | AJ20: =+((AJ16+AJ18+AJ15+AJ19)/AJ12)*100 -> 74.593224 | AL20: =+((AL16+AL18+AL15+AL19)/AL12)*100 -> 57.991616 | AN20: =+((AN16+AN18+AN15+AN19)/AN12)*100 -> 67.492009 | AP20: =+((AP16+AP18+AP15+AP19)/AP12)*100 -> 72.220135 | AR20: =+((AR16+AR18+AR15+AR19)/AR12)*100 -> 74.258563 | AT20: =+((AT16+AT18+AT15+AT19)/AT12)*100 -> 72.457784 | AV20: =+((AV16+AV18+AV15+AV19)/AV12)*100 -> 81.50387 | AX20: =+((AX16+AX18+AX15+AX19)/AX12)*100 -> 73.321743 | AZ20: =+((AZ16+AZ18+AZ15+AZ19)/AZ12)*100 -> 79.449738 | BB20: =+((BB16+BB18+BB15+BB19)/BB12)*100 -> 78.340792 | BD20: =+((BD16+BD18+BD15+BD19)/BD12)*100 -> 73.029374 | BF20: =+((BF16+BF18+BF19)/BF12)*100 -> 70.665579 | BH20: =+((BH16+BH18+BH15+BH19)/BH12)*100 -> 74.478558 | BJ20: =+((BJ16+BJ18+BJ15+BJ19)/BJ12)*100 -> 55.62943
B21: Saleable Steel (Shipping Mode-wise)
B22: RAIL | C22: MT | D22: =+D12 -> 2368500.2 | E22: =+E12 -> 87000 | F22: =+F12-F23 -> 87893.42 | G22: =+G12 -> 91500.46 | H22: =82707.82+H7 -> 88419.84 | I22: =+I12 -> 178500.46 | J22: =+F22+H22 -> 176313.26 | K22: =+K12 -> 216292.58 | L22: =156180.8-127.26 -> 156053.54 | M22: =+M12 -> 394793.04 | N22: =+J22+L22 -> 332366.8 | O22: =+O12 -> 222392.09 | P22: =168910.33+127.26 -> 169037.59 | Q22: =+Q12 -> 617185.13 | R22: =+N22+P22 -> 501404.39 | S22: =+S12 -> 222855.22 | T22: =165344.65+9553.54 -> 174898.19 | U22: =+U12 -> 840040.35 | V22: =+R22+T22 -> 676302.58 | W22: =+W12 -> 217673.36 | X22: 180394.03 | Y22: =+Y12 -> 662920.67 | Z22: =+P22+T22+X22 -> 524329.81 | AA22: =+AA12 -> 1057713.7 | AB22: =+N22+Z22 -> 856696.61 | AC22: =+AC12 -> 224143.96 | AD22: 115157.63 | AE22: =+AE12 -> 1281857.7 | AF22: =+AB22+AD22 -> 971854.24 | AG22: =+AG12 -> 215673.36 | AH22: 171729.8 | AI22: =+AI12 -> 1497531 | AJ22: =+AF22+AH22 -> 1143584 | AK22: =+AK12 -> 223969.96 | AL22: 198333.84 | AM22: =+AM12 -> 663787.27 | AN22: =+AD22+AH22+AL22 -> 485221.27 | AO22: =+AO12 -> 1721501 | AP22: =+AJ22+AL22 -> 1341917.9 | AQ22: =+AQ12 -> 224643.96 | AR22: 175450.08 | AS22: =+AS12 -> 1946144.9 | AT22: =+AP22+AR22 -> 1517368 | AU22: =+AU12 -> 198711.25 | AV22: 161776.84 | AW22: =+AW12 -> 2144856.2 | AX22: =+AT22+AV22 -> 1679144.8 | AY22: =+AY12 -> 224643.96 | AZ22: =191829.09+1268.28+10349 -> 203446.37 | BA22: =+BA12 -> 647999.16 | BB22: =+AR22+AV22+AZ22 -> 540673.29 | BC22: =+BC12 -> 1311786.4 | BD22: =+AN22+BB22 -> 1025894.6 | BE22: =+BE12 -> 2369500.2 | BF22: =+AX22+AZ22 -> 1882591.2 | BG22: 2234474.8 | BH22: 1557181.9 | BI22: =+BI12 -> 2406999.7 | BJ22: 1655527.4
B23: ROAD | C23: MT | F23: =14743.09+F18 -> 17700 | H23: =+H24-H22 -> 16041.35 | J23: =+F23+H23 -> 33741.35 | L23: 18052.33 | N23: =+J23+L23 -> 51793.68 | P23: 19567.52 | R23: =+N23+P23 -> 71361.2 | T23: =17440.27+2055.98 -> 19496.25 | V23: =+R23+T23 -> 90857.45 | X23: 19291.85 | Z23: =+P23+T23+X23 -> 58355.62 | AB23: =+N23+Z23 -> 110149.3 | AD23: 69162.61 | AF23: =+AB23+AD23 -> 179311.91 | AH23: 14057.35 | AJ23: =+AF23+AH23 -> 193369.26 | AL23: 24648.6 | AN23: =+AD23+AH23+AL23 -> 107868.56 | AP23: =+AJ23+AL23 -> 218017.86 | AR23: 30415.04 | AT23: =+AP23+AR23 -> 248432.9 | AV23: 24675.84 | AX23: =+AT23+AV23 -> 273108.74 | AZ23: =17495.69+4746.43+248.87+64.4 -> 22555.39 | BB23: =+AR23+AV23+AZ23 -> 77646.27 | BD23: =+AN23+BB23 -> 185514.83 | BF23: =+AX23+AZ23 -> 295664.13 | BH23: 320472.9 | BJ23: 394405.54
B24: TOTAL | C24: MT | F24: =SUM(F22:F23) -> 105593.42 | H24: =+H12 -> 104461.19 | J24: =SUM(J22:J23) -> 210054.61 | L24: =SUM(L22:L23) -> 174105.87 | N24: =SUM(N22:N23) -> 384160.48 | P24: =SUM(P22:P23) -> 188605.11 | R24: =SUM(R22:R23) -> 572765.59 | T24: =SUM(T22:T23) -> 194394.44 | V24: =SUM(V22:V23) -> 767160.03 | X24: =SUM(X22:X23) -> 199685.88 | Z24: =SUM(Z22:Z23) -> 582685.43 | AB24: =SUM(AB22:AB23) -> 966845.91 | AD24: =SUM(AD22:AD23) -> 184320.24 | AF24: =SUM(AF22:AF23) -> 1151166.2 | AH24: =SUM(AH22:AH23) -> 185787.15 | AJ24: =SUM(AJ22:AJ23) -> 1336953.3 | AL24: =SUM(AL22:AL23) -> 222982.44 | AN24: =SUM(AN22:AN23) -> 593089.83 | AP24: =SUM(AP22:AP23) -> 1559935.7 | AR24: =SUM(AR22:AR23) -> 205865.12 | AT24: =SUM(AT22:AT23) -> 1765800.9 | AV24: =SUM(AV22:AV23) -> 186452.68 | AX24: =SUM(AX22:AX23) -> 1952253.5 | AZ24: =SUM(AZ22:AZ23) -> 226001.76 | BB24: =SUM(BB22:BB23) -> 618319.56 | BD24: =SUM(BD22:BD23) -> 1211409.4 | BF24: =SUM(BF22:BF23) -> 2178255.3 | BH24: 1877654.8 | BJ24: =SUM(BJ22:BJ23) -> 2049932.9
B25: ROAD CO-EFFICIENT (%) | C25: % | F25: =+F23/F24*100 -> 16.762408 | H25: =+H23/H24*100 -> 15.356277 | J25: =+J23/J24*100 -> 16.063132 | L25: =+L23/L24*100 -> 10.368594 | N25: =+N23/N24*100 -> 13.482303 | P25: =+P23/P24*100 -> 10.374862 | R25: =+R23/R24*100 -> 12.459059 | T25: =+T23/T24*100 -> 10.029222 | V25: =+V23/V24*100 -> 11.84335 | X25: =+X23/X24*100 -> 9.6610987 | Z25: =+Z23/Z24*100 -> 10.014944 | AB25: =+AB23/AB24*100 -> 11.392643 | AD25: =+AD23/AD24*100 -> 37.523069 | AF25: =+AF23/AF24*100 -> 15.576545 | AH25: =+AH23/AH24*100 -> 7.5663737 | AJ25: =+AJ23/AJ24*100 -> 14.463427 | AL25: =+AL23/AL24*100 -> 11.054054 | AN25: =+AN23/AN24*100 -> 18.187559 | AP25: =+AP23/AP24*100 -> 13.97608 | AR25: =+AR23/AR24*100 -> 14.774256 | AT25: =+AT23/AT24*100 -> 14.069135 | AV25: =+AV23/AV24*100 -> 13.234371 | AX25: =+AX23/AX24*100 -> 13.989409 | AZ25: =+AZ23/AZ24*100 -> 9.9801833 | BB25: =+BB23/BB24*100 -> 12.557628 | BD25: =+BD23/BD24*100 -> 15.313967 | BF25: =+BF23/BF24*100 -> 13.573438 | BH25: =+BH23/BH24*100 -> 17.067721 | BJ25: =+BJ23/BJ24*100 -> 19.239924
B26: Pig Iron | C26: MT | D26: =+'Maj Production Summ'!D21 -> 34535.234 | E26: =+'Maj Production Summ'!E21 -> 1935 | F26: 2848.37 | G26: =+'Maj Production Summ'!G21 -> 11609 | H26: 4721.77 | I26: =+E26+G26 -> 13544 | J26: =+F26+H26 -> 7570.14 | K26: =+'Maj Production Summ'!K21 -> 774 | L26: 1038.36 | M26: =+I26+K26 -> 14318 | N26: =+J26+L26 -> 8608.5 | O26: =+'Maj Production Summ'!O21 -> 773.93075 | P26: 1060.74 | Q26: =+M26+O26 -> 15091.931 | R26: =+N26+P26 -> 9669.24 | S26: =+'Maj Production Summ'!S21 -> 580.44807 | T26: 997.9 | U26: =+Q26+S26 -> 15672.379 | V26: =+R26+T26 -> 10667.14 | W26: =+'Maj Production Summ'!W21 -> 580.44807 | X26: 2037.15 | Y26: =+O26+S26+W26 -> 1934.8269 | Z26: =+P26+T26+X26 -> 4095.79 | AA26: =+M26+Y26 -> 16252.827 | AB26: =+N26+Z26 -> 12704.29 | AC26: =+'Maj Production Summ'!AC21 -> 580.44807 | AD26: 1997.26 | AE26: =+AA26+AC26 -> 16833.275 | AF26: =+AB26+AD26 -> 14701.55 | AG26: =+'Maj Production Summ'!AG21 -> 580.44807 | AH26: 1498.02 | AI26: =+AE26+AG26 -> 17413.723 | AJ26: =+AF26+AH26 -> 16199.57 | AK26: =+'Maj Production Summ'!AK21 -> 580.44807 | AL26: 0 | AM26: =+AC26+AG26+AK26 -> 1741.3442 | AN26: =+AD26+AH26+AL26 -> 3495.28 | AO26: =+AI26+AK26 -> 17994.171 | AP26: =+AJ26+AL26 -> 16199.57 | AQ26: =+'Maj Production Summ'!AQ21 -> 580.44807 | AR26: 1493.9 | AS26: =+AO26+AQ26 -> 18574.619 | AT26: =+AP26+AR26 -> 17693.47 | AU26: =+'Maj Production Summ'!AU21 -> 580.44807 | AV26: 999.39 | AW26: =+AS26+AU26 -> 19155.067 | AX26: =+AT26+AV26 -> 18692.86 | AY26: =+'Maj Production Summ'!AY21 -> 580.44807 | AZ26: 1796 | BA26: =+AQ26+AU26+AY26 -> 1741.3442 | BB26: =+AR26+AV26+AZ26 -> 4289.29 | BC26: =+AM26+BA26 -> 3482.6884 | BD26: =+AN26+BB26 -> 7784.57 | BE26: =+AW26+AY26 -> 19735.515 | BF26: =+AX26+AZ26 -> 20488.86 | BG26: 20754.645 | BH26: 80002.18 | BI26: 29958.272 | BJ26: 124050.8
B27: PCIS (Sand Casts)-Plant Sales | C27: MT | D27: =+'Maj Production Summ'!D25 -> 2399.04 | E27: =+'Maj Production Summ'!E25 -> 235 | F27: 3043.45 | G27: =+'Maj Production Summ'!G25 -> 1411 | H27: 1483.44 | I27: =+E27+G27 -> 1646 | J27: =+F27+H27 -> 4526.89 | K27: =+'Maj Production Summ'!K25 -> 94 | L27: 4331.17 | M27: =+I27+K27 -> 1740 | N27: =+J27+L27 -> 8858.06 | O27: =+'Maj Production Summ'!O25 -> 94.08 | P27: 3852.52 | Q27: =+M27+O27 -> 1834.08 | R27: =+N27+P27 -> 12710.58 | S27: =+'Maj Production Summ'!S25 -> 70.56 | T27: 2314.79 | U27: =+Q27+S27 -> 1904.64 | V27: =+R27+T27 -> 15025.37 | W27: =+'Maj Production Summ'!W25 -> 70.56 | X27: 996.19 | Y27: =+O27+S27+W27 -> 235.2 | Z27: =+P27+T27+X27 -> 7163.5 | AA27: =+M27+Y27 -> 1975.2 | AB27: =+N27+Z27 -> 16021.56 | AC27: =+'Maj Production Summ'!AC25 -> 70.56 | AD27: 405.24 | AE27: =+AA27+AC27 -> 2045.76 | AF27: =+AB27+AD27 -> 16426.8 | AG27: =+'Maj Production Summ'!AG25 -> 70.56 | AH27: 441.81 | AI27: =+AE27+AG27 -> 2116.32 | AJ27: =+AF27+AH27 -> 16868.61 | AK27: =+'Maj Production Summ'!AK25 -> 70.56 | AL27: 0 | AM27: =+AC27+AG27+AK27 -> 211.68 | AN27: =+AD27+AH27+AL27 -> 847.05 | AO27: =+AI27+AK27 -> 2186.88 | AP27: =+AJ27+AL27 -> 16868.61 | AQ27: =+'Maj Production Summ'!AQ25 -> 70.56 | AR27: 0 | AS27: =+AO27+AQ27 -> 2257.44 | AT27: =+AP27+AR27 -> 16868.61 | AU27: =+'Maj Production Summ'!AU25 -> 70.56 | AV27: 256.97 | AW27: =+AS27+AU27 -> 2328 | AX27: =+AT27+AV27 -> 17125.58 | AY27: =+'Maj Production Summ'!AY25 -> 70.56 | AZ27: 737 | BA27: =+AQ27+AU27+AY27 -> 211.68 | BB27: =+AR27+AV27+AZ27 -> 993.97 | BC27: =+AM27+BA27 -> 423.36 | BD27: =+AN27+BB27 -> 1841.02 | BE27: =+AW27+AY27 -> 2398.56 | BF27: =+AX27+AZ27 -> 17862.58 | BG27: 6973.7102 | BH27: 29483.78 | BI27: 8472.5251 | BJ27: 59555.1
B28: UPIS-Plant Sales | C28: MT | D28: 0 | E28: 0 | F28: 0 | G28: 0 | H28: 0 | I28: =+E28+G28 -> 0 | J28: =+F28+H28 -> 0 | K28: 0 | L28: 0 | M28: =+I28+K28 -> 0 | N28: =+J28+L28 -> 0 | O28: 0 | P28: 0 | Q28: =+M28+O28 -> 0 | R28: =+N28+P28 -> 0 | S28: 0 | T28: 0 | U28: =+Q28+S28 -> 0 | V28: =+R28+T28 -> 0 | W28: 0 | X28: 0 | Y28: =+O28+S28+W28 -> 0 | Z28: =+P28+T28+X28 -> 0 | AA28: =+M28+Y28 -> 0 | AB28: =+N28+Z28 -> 0 | AC28: 0 | AD28: 0 | AE28: =+AA28+AC28 -> 0 | AF28: =+AB28+AD28 -> 0 | AG28: 0 | AH28: 0 | AI28: =+AE28+AG28 -> 0 | AJ28: =+AF28+AH28 -> 0 | AK28: 0 | AL28: 0 | AM28: =+AC28+AG28+AK28 -> 0 | AN28: =+AD28+AH28+AL28 -> 0 | AO28: =+AI28+AK28 -> 0 | AP28: =+AJ28+AL28 -> 0 | AQ28: 0 | AR28: 0 | AS28: =+AO28+AQ28 -> 0 | AT28: =+AP28+AR28 -> 0 | AU28: 0 | AV28: 0 | AW28: =+AS28+AU28 -> 0 | AX28: =+AT28+AV28 -> 0 | AY28: 0 | AZ28: 0 | BA28: =+AQ28+AU28+AY28 -> 0 | BB28: =+AR28+AV28+AZ28 -> 0 | BC28: =+AM28+BA28 -> 0 | BD28: =+AN28+BB28 -> 0 | BE28: =+AW28+AY28 -> 0 | BF28: =+AX28+AZ28 -> 0 | BG28: 0 | BH28: 0 | BI28: 4268.5371 | BJ28: 0
B29: Total Pig & Pig Equiv | C29: MT | D29: =SUM(D26:D28) -> 36934.274 | E29: =SUM(E26:E28) -> 2170 | F29: =SUM(F26:F28) -> 5891.82 | G29: =SUM(G26:G28) -> 13020 | H29: =SUM(H26:H28) -> 6205.21 | I29: =SUM(I26:I28) -> 15190 | J29: =SUM(J26:J28) -> 12097.03 | K29: =SUM(K26:K28) -> 868 | ... BF29: =SUM(BF26:BF28) -> 38351.44 | BG29: 27728.355 | BH29: 109485.96 | BI29: =SUM(BI26:BI28) -> 42699.334 | BJ29: =SUM(BJ26:BJ28) -> 183605.9
B30: BF Gran Slag (Shipping mode-wise)
B31: RAIL | C31: MT | F31: 45170.8 | H31: 60440.2 | J31: =+F31+H31 -> 105611 | L31: 56493.39 | N31: =+J31+L31 -> 162104.39 | P31: 87150.2 | R31: =+N31+P31 -> 249254.59 | T31: 105109.84 | V31: =+R31+T31 -> 354364.43 | X31: 80756.84 | Z31: =+P31+T31+X31 -> 273016.88 | AB31: =+N31+Z31 -> 435121.27 | AD31: 89058.16 | AF31: =+AB31+AD31 -> 524179.43 | AH31: 120688.66 | AJ31: =+AF31+AH31 -> 644868.09 | AL31: 94046.81 | AN31: =+AD31+AH31+AL31 -> 303793.63 | AP31: =+AJ31+AL31 -> 738914.9 | AR31: 105999.62 | AT31: =+AP31+AR31 -> 844914.52 | AV31: 98379.65 | AX31: =+AT31+AV31 -> 943294.17 | AZ31: 94500 | BB31: =+AR31+AV31+AZ31 -> 298879.27 | BD31: =+AN31+BB31 -> 602672.9 | BF31: =+AX31+AZ31 -> 1037794.2 | BH31: 798966.66 | BJ31: 895368.17
B32: ROAD | C32: MT | F32: 249.15 | H32: 249.95 | J32: =+F32+H32 -> 499.1 | L32: 998.11 | N32: =+J32+L32 -> 1497.21 | P32: 0 | R32: =+N32+P32 -> 1497.21 | T32: 998.14 | V32: =+R32+T32 -> 2495.35 | X32: 740.54 | Z32: =+P32+T32+X32 -> 1738.68 | AB32: =+N32+Z32 -> 3235.89 | AD32: 832.31 | AF32: =+AB32+AD32 -> 4068.2 | AH32: 3919.57 | AJ32: =+AF32+AH32 -> 7987.77 | AL32: 2630.42 | AN32: =+AD32+AH32+AL32 -> 7382.3 | AP32: =+AJ32+AL32 -> 10618.19 | AR32: 2367.92 | AT32: =+AP32+AR32 -> 12986.11 | AV32: 1998.24 | AX32: =+AT32+AV32 -> 14984.35 | AZ32: 1500 | BB32: =+AR32+AV32+AZ32 -> 5866.16 | BD32: =+AN32+BB32 -> 13248.46 | BF32: =+AX32+AZ32 -> 16484.35 | BH32: 248.04 | BJ32: 0
B33: TOTAL | C33: MT | D33: =+'Maj Production Summ'!D26 -> 953450.92 | E33: 36985 | F33: =SUM(F31:F32) -> 45419.95 | G33: =+'Maj Production Summ'!G26 -> 46750 | H33: =SUM(H31:H32) -> 60690.15 | I33: =+E33+G33 -> 83735 | J33: =SUM(J31:J32) -> 106110.1 | K33: 91932 | L33: =SUM(L31:L32) -> 57491.5 | M33: =+I33+K33 -> 175667 | N33: =SUM(N31:N32) -> 163601.6 | O33: 95048.257 | P33: =SUM(P31:P32) -> 87150.2 | Q33: =+M33+O33 -> 270715.26 | R33: =SUM(R31:R32) -> 250751.8 | S33: 95048.257 | T33: =SUM(T31:T32) -> 106107.98 | U33: =+Q33+S33 -> 365763.51 | V33: =SUM(V31:V32) -> 356859.78 | W33: 92445.507 | X33: =SUM(X31:X32) -> 81497.38 | Y33: =+O33+S33+W33 -> 282542.02 | Z33: =SUM(Z31:Z32) -> 274755.56 | AA33: =+M33+Y33 -> 458209.02 | AB33: =SUM(AB31:AB32) -> 438357.16 | AC33: 88166 | AD33: =SUM(AD31:AD32) -> 89890.47 | AE33: =+AA33+AC33 -> 546375.02 | AF33: =SUM(AF31:AF32) -> 528247.63 | AG33: 88166 | AH33: =SUM(AH31:AH32) -> 124608.23 | AI33: =+AE33+AG33 -> 634541.02 | AJ33: =SUM(AJ31:AJ32) -> 652855.86 | AK33: 83400.179 | AL33: =SUM(AL31:AL32) -> 96677.23 | AM33: =+AC33+AG33+AK33 -> 259732.18 | AN33: =SUM(AN31:AN32) -> 311175.93 | AO33: =+AI33+AK33 -> 717941.2 | AP33: =SUM(AP31:AP32) -> 749533.09 | AQ33: 83400.179 | AR33: =SUM(AR31:AR32) -> 108367.54 | AS33: =+AO33+AQ33 -> 801341.38 | AT33: =SUM(AT31:AT32) -> 857900.63 | AU33: 73904.938 | AV33: =SUM(AV31:AV32) -> 100377.89 | AW33: =+AS33+AU33 -> 875246.32 | AX33: =SUM(AX31:AX32) -> 958278.52 | AY33: 83400.179 | AZ33: =SUM(AZ31:AZ32) -> 96000 | BA33: =+AQ33+AU33+AY33 -> 240705.3 | BB33: =SUM(BB31:BB32) -> 304745.43 | BC33: =+AM33+BA33 -> 500437.48 | BD33: =SUM(BD31:BD32) -> 615921.36 | BE33: =+AW33+AY33 -> 958646.5 | BF33: =SUM(BF31:BF32) -> 1054278.5 | BG33: 891056.6 | BH33: 799214.7 | BI33: 850423 | BJ33: =SUM(BJ31:BJ32) -> 895368.17
B34: BF Gran Slag (Sale Type-wise)
B35: DOMESTIC | C35: MT | D35: =+D33 -> 953450.92 | E35: =+E33 -> 36985 | F35: 45419.95 | G35: =+G33 -> 46750 | H35: 53284.23 | I35: =+E35+G35 -> 83735 | J35: =+F35+H35 -> 98704.18 | K35: =+K33 -> 91932 | L35: 53807.76 | M35: =+I35+K35 -> 175667 | N35: =+J35+L35 -> 152511.94 | O35: =+O33 -> 95048.257 | P35: 69177.68 | Q35: =+M35+O35 -> 270715.26 | R35: =+N35+P35 -> 221689.62 | S35: =+S33 -> 95048.257 | T35: 95222.92 | U35: =+Q35+S35 -> 365763.51 | V35: =+R35+T35 -> 316912.54 | W35: =+W33 -> 92445.507 | X35: 70297 | Y35: =+O35+S35+W35 -> 282542.02 | Z35: =+P35+T35+X35 -> 234697.6 | AA35: =+Y35+M35 -> 458209.02 | AB35: =+N35+Z35 -> 387209.54 | AC35: =+AC33 -> 88166 | AD35: 74893.2 | AE35: =+AA35+AC35 -> 546375.02 | AF35: =+AB35+AD35 -> 462102.74 | AG35: =+AG33 -> 88166 | AH35: 102165.9 | AI35: =+AE35+AG35 -> 634541.02 | AJ35: =+AF35+AH35 -> 564268.64 | AK35: =+AK33 -> 83400.179 | AL35: 85439.11 | AM35: =+AC35+AG35+AK35 -> 259732.18 | AN35: =+AD35+AH35+AL35 -> 262498.21 | AO35: =+AI35+AK35 -> 717941.2 | AP35: =+AJ35+AL35 -> 649707.75 | AQ35: =+AQ33 -> 83400.179 | AR35: 93407.25 | AS35: =+AO35+AQ35 -> 801341.38 | AT35: =+AP35+AR35 -> 743115 | AU35: =+AU33 -> 73904.938 | AV35: 89211.8 | AW35: =+AS35+AU35 -> 875246.32 | AX35: =+AT35+AV35 -> 832326.8 | AY35: =+AY33 -> 83400.179 | AZ35: 96000 | BA35: =+AQ35+AU35+AY35 -> 240705.3 | BB35: =+AR35+AV35+AZ35 -> 278619.05 | BC35: =+BA35+AM35 -> 500437.48 | BD35: =+AN35+BB35 -> 541117.26 | BE35: =+AW35+AY35 -> 958646.5 | BF35: =+AX35+AZ35 -> 928326.8 | BG35: 891056.6 | BH35: 747068.74 | BI35: =+BI33 -> 850423 | BJ35: 843210.72
B36: EXPORT | C36: MT | F36: 0 | H36: 7405.92 | J36: =+F36+H36 -> 7405.92 | L36: 3683.74 | N36: =+J36+L36 -> 11089.66 | P36: 17972.52 | R36: =+N36+P36 -> 29062.18 | T36: 10885.06 | V36: =+R36+T36 -> 39947.24 | X36: 11200.38 | Z36: =+P36+T36+X36 -> 40057.96 | AB36: =+N36+Z36 -> 51147.62 | AD36: 14997.27 | AF36: =+AB36+AD36 -> 66144.89 | AH36: 22442.33 | AJ36: =+AF36+AH36 -> 88587.22 | AL36: 11238.12 | AN36: =+AD36+AH36+AL36 -> 48677.72 | AP36: =+AJ36+AL36 -> 99825.34 | AR36: 14960.29 | AT36: =+AP36+AR36 -> 114785.63 | AV36: 11166.09 | AX36: =+AT36+AV36 -> 125951.72 | AZ36: 0 | BB36: =+AR36+AV36+AZ36 -> 26126.38 | BD36: =+AN36+BB36 -> 74804.1 | BF36: =+AX36+AZ36 -> 125951.72 | BH36: 52145.51 | BJ36: 52157.45
B37: TOTAL | C37: MT | F37: =SUM(F35:F36) -> 45419.95 | H37: =SUM(H35:H36) -> 60690.15 | J37: =SUM(J35:J36) -> 106110.1 | L37: =SUM(L35:L36) -> 57491.5 | N37: =SUM(N35:N36) -> 163601.6 | P37: =SUM(P35:P36) -> 87150.2 | R37: =SUM(R35:R36) -> 250751.8 | T37: =SUM(T35:T36) -> 106107.98 | V37: =SUM(V35:V36) -> 356859.78 | X37: =SUM(X35:X36) -> 81497.38 | Z37: =SUM(Z35:Z36) -> 274755.56 | AB37: =SUM(AB35:AB36) -> 438357.16 | AD37: =SUM(AD35:AD36) -> 89890.47 | AF37: =SUM(AF35:AF36) -> 528247.63 | AH37: =SUM(AH35:AH36) -> 124608.23 | AJ37: =SUM(AJ35:AJ36) -> 652855.86 | AL37: =SUM(AL35:AL36) -> 96677.23 | AN37: =SUM(AN35:AN36) -> 311175.93 | AP37: =SUM(AP35:AP36) -> 749533.09 | AR37: =SUM(AR35:AR36) -> 108367.54 | AT37: =SUM(AT35:AT36) -> 857900.63 | AV37: =SUM(AV35:AV36) -> 100377.89 | AX37: =SUM(AX35:AX36) -> 958278.52 | AZ37: =SUM(AZ35:AZ36) -> 96000 | BB37: =SUM(BB35:BB36) -> 304745.43 | BD37: =SUM(BD35:BD36) -> 615921.36 | BF37: =SUM(BF35:BF36) -> 1054278.5 | BH37: 799214.25 | BJ37: =SUM(BJ35:BJ36) -> 895368.17
B38: Coal Tar | C38: MT | D38: =+'Maj Production Summ'!D45 -> 51085.857 | E38: =+'Maj Production Summ'!E45 -> 4199 | F38: 3879.26 | G38: =+'Maj Production Summ'!G45 -> 4339 | H38: 3790.04 | I38: =+E38+G38 -> 8538 | J38: =+F38+H38 -> 7669.3 | K38: =+'Maj Production Summ'!K45 -> 4199 | L38: 3734.08 | M38: =+I38+K38 -> 12737 | N38: =+J38+L38 -> 11403.38 | O38: =+'Maj Production Summ'!O45 -> 4338.7988 | P38: 4335.43 | Q38: =+M38+O38 -> 17075.799 | R38: =+N38+P38 -> 15738.81 | S38: =+'Maj Production Summ'!S45 -> 4338.7988 | T38: 4464.18 | U38: =+Q38+S38 -> 21414.598 | V38: =+R38+T38 -> 20202.99 | W38: =+'Maj Production Summ'!W45 -> 4198.8375 | X38: 3796.38 | Y38: =+O38+S38+W38 -> 12876.435 | Z38: =+P38+T38+X38 -> 12595.99 | AA38: =+M38+Y38 -> 25613.435 | AB38: =+N38+Z38 -> 23999.37 | AC38: =+'Maj Production Summ'!AC45 -> 4338.7988 | AD38: 4373.6 | AE38: =+AA38+AC38 -> 29952.234 | AF38: =+AB38+AD38 -> 28372.97 | AG38: =+'Maj Production Summ'!AG45 -> 4198.8375 | AH38: 3918.34 | AI38: =+AE38+AG38 -> 34151.071 | AJ38: =+AF38+AH38 -> 32291.31 | AK38: =+'Maj Production Summ'!AK45 -> 4338.7988 | AL38: 4123.43 | AM38: =+AC38+AG38+AK38 -> 12876.435 | AN38: =+AD38+AH38+AL38 -> 12415.37 | AO38: =+AI38+AK38 -> 38489.87 | AP38: =+AJ38+AL38 -> 36414.74 | AQ38: =+'Maj Production Summ'!AQ45 -> 4338.7988 | AR38: 4090.85 | AS38: =+AO38+AQ38 -> 42828.669 | AT38: =+AP38+AR38 -> 40505.59 | AU38: =+'Maj Production Summ'!AU45 -> 3918.915 | AV38: 3938.19 | AW38: =+AS38+AU38 -> 46747.584 | AX38: =+AT38+AV38 -> 44443.78 | AY38: =+'Maj Production Summ'!AY45 -> 4338.7988 | AZ38: 4456 | BA38: =+AQ38+AU38+AY38 -> 12596.513 | BB38: =+AR38+AV38+AZ38 -> 12485.04 | BC38: =+AM38+BA38 -> 25472.948 | BD38: =+AN38+BB38 -> 24900.41 | BE38: =+AW38+AY38 -> 51086.383 | BF38: =+AX38+AZ38 -> 48899.78 | BG38: 48732.014 | BH38: 49421.52 | BI38: 46118.873 | BJ38: 46910.34
B39: Ammonium Sulphate | C39: MT | D39: =+'Maj Production Summ'!D46 -> 16579.502 | E39: =+'Maj Production Summ'!E46 -> 1360 | F39: 179.83 | G39: =+'Maj Production Summ'!G46 -> 1408 | H39: 1089.04 | I39: =+E39+G39 -> 2768 | J39: =+F39+H39 -> 1268.87 | K39: =+'Maj Production Summ'!K46 -> 1360 | L39: 691.5 | M39: =+I39+K39 -> 4128 | N39: =+J39+L39 -> 1960.37 | O39: =+'Maj Production Summ'!O46 -> 1408.407 | P39: 1204.92 | Q39: =+M39+O39 -> 5536.407 | R39: =+N39+P39 -> 3165.29 | S39: =+'Maj Production Summ'!S46 -> 1408.407 | T39: 972.05 | U39: =+Q39+S39 -> 6944.814 | V39: =+R39+T39 -> 4137.34 | W39: =+'Maj Production Summ'!W46 -> 1360.143 | X39: 732.52 | Y39: =+O39+S39+W39 -> 4176.957 | Z39: =+P39+T39+X39 -> 2909.49 | AA39: =+M39+Y39 -> 8304.957 | AB39: =+N39+Z39 -> 4869.86 | AC39: =+'Maj Production Summ'!AC46 -> 1410.107 | AD39: 595.41 | AE39: =+AA39+AC39 -> 9715.064 | AF39: =+AB39+AD39 -> 5465.27 | AG39: =+'Maj Production Summ'!AG46 -> 1358.729 | AH39: 728.94 | AI39: =+AE39+AG39 -> 11073.793 | AJ39: =+AF39+AH39 -> 6194.21 | AK39: =+'Maj Production Summ'!AK46 -> 1410.107 | AL39: 730.03 | AM39: =+AC39+AG39+AK39 -> 4178.943 | AN39: =+AD39+AH39+AL39 -> 2054.38 | AO39: =+AI39+AK39 -> 12483.9 | AP39: =+AJ39+AL39 -> 6924.24 | AQ39: =+'Maj Production Summ'!AQ46 -> 1413.231 | AR39: 770.63 | AS39: =+AO39+AQ39 -> 13897.131 | AT39: =+AP39+AR39 -> 7694.87 | AU39: =+'Maj Production Summ'!AU46 -> 1268.447 | AV39: 947.42 | AW39: =+AS39+AU39 -> 15165.578 | AX39: =+AT39+AV39 -> 8642.29 | AY39: =+'Maj Production Summ'!AY46 -> 1413.231 | AZ39: 951 | BA39: =+AQ39+AU39+AY39 -> 4094.909 | BB39: =+AR39+AV39+AZ39 -> 2669.05 | BC39: =+AM39+BA39 -> 8273.852 | BD39: =+AN39+BB39 -> 4723.43 | BE39: =+AW39+AY39 -> 16578.809 | BF39: =+AX39+AZ39 -> 9593.29 | BG39: 21939.637 | BH39: 10514.48 | BI39: 15654.415 | BJ39: 12285.02

Sheet Maj Techno Summ
B1: MAJOR TECHNO PARAMETERS 2021-22
E2: 30 | F2: 30 | G2: 31 | H2: 31 | I2: =+E2+G2 -> 61 | J2: =+F2+H2 -> 61 | K2: 30 | L2: 30 | M2: =+I2+K2 -> 91 | N2: =+J2+L2 -> 91 | O2: 31 | P2: 31 | Q2: =+M2+O2 -> 122 | R2: =+N2+P2 -> 122 | S2: 31 | T2: 31 | U2: =+Q2+S2 -> 153 | V2: =+R2+T2 -> 153 | W2: 30 | X2: 30 | Y2: =+O2+S2+W2 -> 92 | Z2: =+P2+T2+X2 -> 92 | AA2: =+U2+W2 -> 183 | AB2: =+V2+X2 -> 183 | AC2: 31 | AD2: 31 | AE2: =+AA2+AC2 -> 214 | AF2: =+AB2+AD2 -> 214 | AG2: 30 | AH2: 30 | AI2: =+AE2+AG2 -> 244 | AJ2: =+AF2+AH2 -> 244 | AK2: 31 | AL2: 31 | AM2: =+AC2+AG2+AK2 -> 92 | AN2: =+AD2+AH2+AL2 -> 92 | AO2: =+AI2+AK2 -> 275 | AP2: =+AJ2+AL2 -> 275 | AQ2: 31 | AR2: 31 | AS2: =+AO2+AQ2 -> 306 | AT2: =+AP2+AR2 -> 306 | AU2: 28 | AV2: 28 | AW2: =+AS2+AU2 -> 334 | AX2: =+AT2+AV2 -> 334 | AY2: 31 | AZ2: 31 | BA2: =+AQ2+AU2+AY2 -> 90 | BB2: =+AR2+AV2+AZ2 -> 90 | BC2: =+AM2+BA2 -> 182 | BD2: =+AN2+BB2 -> 182 | BE2: =+AW2+AY2 -> 365 | BF2: =+AX2+AZ2 -> 365 | BG2: 365 | BH2: 365 | BI2: 366 | BJ2: 366 | BK2: 365
B3: ITEM | C3: Unit | D3: 2021-22 Norm | E3: Apr'21 | G3: May'21 | I3: 2M | K3: Jun'21 | M3: QTR-1 | O3: Jul'21 | Q3: 4M | S3: Aug'21 | U3: 5M | W3: Sep'21 | Y3: QTR-2 | AA3: H1 | AC3: Oct'21 | AE3: 7M | AG3: Nov'21 | AI3: 8M | AK3: Dec'21 | AM3: QTR-3 | AO3: 9 M | AQ3: Jan'22 | AS3: 10M | AU3: Feb'22 | AW3: 11M | AY3: Mar'22 | BA3: QTR-4 | BC3: H2 | BE3: 2021-22 | BG3: 2020-21 | BI3: 2019-20 | BK3: 2018-19
E4: ABP | F4: ACT | G4: ABP | H4: ACT | I4: ABP | J4: ACT | K4: ABP | L4: ACT | M4: ABP | N4: ACT | O4: ABP | P4: ACT | Q4: ABP | R4: ACT | S4: ABP | T4: ACT | U4: ABP | V4: ACT | W4: ABP | X4: ACT | Y4: ABP | Z4: ACT | AA4: ABP | AB4: ACT | AC4: ABP | AD4: ACT | AE4: ABP | AF4: ACT | AG4: ABP | AH4: ACT | AI4: ABP | AJ4: ACT | AK4: ABP | AL4: ACT | AM4: ABP | AN4: ACT | AO4: ABP | AP4: ACT | AQ4: ABP | AR4: ACT | AS4: ABP | AT4: ACT | AU4: ABP | AV4: ACT | AW4: ABP | AX4: ACT | AY4: ABP | AZ4: ACT | BA4: ABP | BB4: ACT | BC4: ABP | BD4: ACT | BE4: ABP | BF4: ACT | BG4: ABP | BH4: ACT | BI4: ABP | BJ4: ACT | BK4: ACT
B5: B.F.Coke Yield | C5: % | D5: 70.5 | E5: =('Maj Production Summ'!E14*100)/('Maj Production Summ'!E10*31.55) -> 70.5 | F5: =('Maj Production Summ'!F14*100)/('Maj Production Summ'!F10*31.55) -> 71.951927 | G5: =('Maj Production Summ'!G14*100)/('Maj Production Summ'!G10*31.55) -> 70.5 | H5: =('Maj Production Summ'!H14*100)/('Maj Production Summ'!H10*31.55) -> 71.406402 | I5: =('Maj Production Summ'!I14*100)/('Maj Production Summ'!I10*31.55) -> 70.5 | J5: =('Maj Production Summ'!J14*100)/('Maj Production Summ'!J10*31.55) -> 71.672938 | K5: =('Maj Production Summ'!K14*100)/('Maj Production Summ'!K10*31.55) -> 70.500035 | L5: =('Maj Production Summ'!L14*100)/('Maj Production Summ'!L10*31.55) -> 70.500213 | ... BF5: =('Maj Production Summ'!BF14*100)/('Maj Production Summ'!BF10*31.55) -> 69.798394 | BG5: 70.999787 | BH5: 72.813877 | BI5: 66.5 | BJ5: 67.48567 | BK5: 67.015011
B6: ICC in Coal Blend
B7: (COB#10) | C7: % | D7: 95 | E7: 95 | F7: ='COKE OVENS'!F112 -> 94.998184 | G7: 95 | H7: ='COKE OVENS'!H112 -> 96.930632 | I7: 95 | J7: ='COKE OVENS'!J112 -> 95.981087 | K7: 95 | L7: ='COKE OVENS'!L112 -> 96.168724 | M7: 95 | N7: ='COKE OVENS'!N112 -> 96.042312 | O7: 95 | P7: ='COKE OVENS'!P112 -> 95.314145 | Q7: 95 | R7: ='COKE OVENS'!R112 -> 95.856558 | S7: 95 | T7: ='COKE OVENS'!T112 -> 95.003031 | U7: 95 | V7: ='COKE OVENS'!V112 -> 95.681252 | W7: 95 | X7: ='COKE OVENS'!X112 -> 94.799054 | Y7: 95 | Z7: ='COKE OVENS'!Z112 -> 95.041395 | AA7: 95 | AB7: ='COKE OVENS'!AB112 -> 95.53691 | AC7: 95 | AD7: ='COKE OVENS'!AD112 -> 92.005408 | AE7: 95 | AF7: ='COKE OVENS'!AF112 -> 95.036584 | AG7: 95 | AH7: ='COKE OVENS'!AH112 -> 93.332134 | AI7: 95 | AJ7: ='COKE OVENS'!AJ112 -> 94.824771 | AK7: 95 | AL7: ='COKE OVENS'!AL112 -> 96.701013 | AM7: 95 | AN7: ='COKE OVENS'!AN112 -> 94.048642 | AO7: ='COKE OVENS'!AO112 -> 95.002887 | AP7: ='COKE OVENS'!AP112 -> 95.039366 | AQ7: ='COKE OVENS'!AQ112 -> 95.003298 | AR7: ='COKE OVENS'!AR112 -> 90.890969 | AS7: ='COKE OVENS'!AS112 -> 95.002928 | AT7: ='COKE OVENS'!AT112 -> 94.613956 | AU7: ='COKE OVENS'!AU112 -> 95.003014 | AV7: ='COKE OVENS'!AV112 -> 89.99808 | AW7: 95 | AX7: ='COKE OVENS'!AX112 -> 94.222775 | AY7: ='COKE OVENS'!AY112 -> 95.003298 | AZ7: ='COKE OVENS'!AZ112 -> 90.007916 | BA7: 95 | BB7: ='COKE OVENS'!BB112 -> 90.310578 | BC7: 95 | BD7: ='COKE OVENS'!BD112 -> 92.191646 | BE7: 95 | BF7: ='COKE OVENS'!BF112 -> 93.865972 | BG7: 94.377235 | BH7: 95.478511 | BI7: 90 | BJ7: 91.425995 | BK7: 91.808306
B8: (COB#11) | C8: % | D8: 95 | E8: 95 | F8: ='COKE OVENS'!F137 -> 94.306067 | G8: 95 | H8: ='COKE OVENS'!H137 -> 95.33038 | I8: 95 | J8: ='COKE OVENS'!J137 -> 94.829914 | K8: 95 | L8: ='COKE OVENS'!L137 -> 95.502779 | M8: 95 | N8: ='COKE OVENS'!N137 -> 95.055707 | O8: 95 | P8: ='COKE OVENS'!P137 -> 96.667871 | Q8: 95 | R8: ='COKE OVENS'!R137 -> 95.463633 | S8: 95 | T8: ='COKE OVENS'!T137 -> 95.497926 | U8: 95 | V8: ='COKE OVENS'!V137 -> 95.470854 | W8: 95 | X8: ='COKE OVENS'!X137 -> 94.803345 | Y8: 95 | Z8: ='COKE OVENS'!Z137 -> 95.647527 | AA8: 95 | AB8: ='COKE OVENS'!AB137 -> 95.3577 | AC8: 95 | AD8: ='COKE OVENS'!AD137 -> 92.581568 | AE8: 95 | AF8: ='COKE OVENS'!AF137 -> 94.941368 | AG8: 95 | AH8: ='COKE OVENS'!AH137 -> 97.642018 | AI8: 95 | AJ8: ='COKE OVENS'!AJ137 -> 95.28352 | AK8: 95 | AL8: ='COKE OVENS'!AL137 -> 95.153435 | AM8: 95 | AN8: ='COKE OVENS'!AN137 -> 95.097901 | AO8: ='COKE OVENS'!AO137 -> 95.002485 | AP8: ='COKE OVENS'!AP137 -> 95.268516 | AQ8: ='COKE OVENS'!AQ137 -> 95.002341 | AR8: ='COKE OVENS'!AR137 -> 93.352939 | AS8: ='COKE OVENS'!AS137 -> 95.00247 | AT8: ='COKE OVENS'!AT137 -> 95.069848 | AU8: ='COKE OVENS'!AU137 -> 95.002805 | AV8: ='COKE OVENS'!AV137 -> 93.071532 | AW8: 95 | AX8: ='COKE OVENS'!AX137 -> 94.898456 | AY8: ='COKE OVENS'!AY137 -> 95.002341 | AZ8: ='COKE OVENS'!AZ137 -> 93.226432 | BA8: 95 | BB8: ='COKE OVENS'!BB137 -> 93.221748 | BC8: 95 | BD8: ='COKE OVENS'!BD137 -> 94.169477 | BE8: 95 | BF8: ='COKE OVENS'!BF137 -> 94.753433 | BG8: 94.836589 | BH8: 95.080613 | BI8: 90 | BJ8: 96.370935 | BK8: 94.117213
B9: Overall ICC in Blend | C9: % | D9: 95 | E9: 95 | F9: ='COKE OVENS'!F174 -> 94.558857 | G9: 95 | H9: ='COKE OVENS'!H174 -> 95.910734 | I9: 95 | J9: ='COKE OVENS'!J174 -> 95.248855 | K9: 95 | L9: ='COKE OVENS'!L174 -> 95.738711 | M9: 95 | N9: ='COKE OVENS'!N174 -> 95.411597 | O9: 95 | P9: ='COKE OVENS'!P174 -> 96.176141 | Q9: 95 | R9: ='COKE OVENS'!R174 -> 95.605621 | S9: 95 | T9: ='COKE OVENS'!T174 -> 95.322664 | U9: 95 | V9: ='COKE OVENS'!V174 -> 95.546567 | W9: 95 | X9: ='COKE OVENS'!X174 -> 94.801843 | Y9: 95 | Z9: ='COKE OVENS'!Z174 -> 95.431859 | AA9: 95 | AB9: ='COKE OVENS'!AB174 -> 95.421897 | AC9: 95 | AD9: ='COKE OVENS'!AD174 -> 92.383909 | AE9: 95 | AF9: ='COKE OVENS'!AF174 -> 94.975264 | AG9: 95 | AH9: ='COKE OVENS'!AH174 -> 96.129456 | AI9: 95 | AJ9: ='COKE OVENS'!AJ174 -> 95.120498 | AK9: 95 | AL9: ='COKE OVENS'!AL174 -> 95.700043 | AM9: 95 | AN9: ='COKE OVENS'!AN174 -> 94.731631 | AO9: ='COKE OVENS'!AO174 -> 95.002627 | AP9: ='COKE OVENS'!AP174 -> 95.187142 | AQ9: ='COKE OVENS'!AQ174 -> 95.002679 | AR9: ='COKE OVENS'!AR174 -> 92.485743 | AS9: ='COKE OVENS'!AS174 -> 95.002632 | AT9: ='COKE OVENS'!AT174 -> 94.90809 | AU9: ='COKE OVENS'!AU174 -> 95.002879 | AV9: ='COKE OVENS'!AV174 -> 91.990221 | AW9: 95 | AX9: ='COKE OVENS'!AX174 -> 94.658887 | AY9: ='COKE OVENS'!AY174 -> 95.002679 | AZ9: ='COKE OVENS'!AZ174 -> 92.104763 | BA9: 95 | BB9: ='COKE OVENS'!BB174 -> 92.200434 | BC9: 95 | BD9: ='COKE OVENS'!BD174 -> 93.47735 | BE9: 95 | BF9: ='COKE OVENS'!BF174 -> 94.439237 | BG9: 94.673168 | BH9: 94.71202 | BI9: 90 | BJ9: 94.617133 | BK9: 93.297278
B10: BF Coke Rate | C10: Kg/ THM | D10: 377.88521 | E10: 410 | F10: =+('B-FCE'!F22/'Maj Production Summ'!F$17)*1000 -> 395.28298 | G10: 440 | H10: =+('B-FCE'!H22/'Maj Production Summ'!H$17)*1000 -> 422.48282 | I10: =+('B-FCE'!I22/'Maj Production Summ'!I$17)*1000 -> 427.0339 | J10: =+('B-FCE'!J22/'Maj Production Summ'!J$17)*1000 -> 408.47809 | K10: 380 | L10: =+('B-FCE'!L22/'Maj Production Summ'!L$17)*1000 -> 404.78986 | M10: =+('B-FCE'!M22/'Maj Production Summ'!M$17)*1000 -> 403.43636 | N10: =+('B-FCE'!N22/'Maj Production Summ'!N$17)*1000 -> 406.66182 | O10: 385 | P10: =+('B-FCE'!P22/'Maj Production Summ'!P$17)*1000 -> 424.54621 | Q10: =+('B-FCE'!Q22/'Maj Production Summ'!Q$17)*1000 -> 397.13941 | R10: =+('B-FCE'!R22/'Maj Production Summ'!R$17)*1000 -> 412.43289 | S10: 385 | T10: =+('B-FCE'!T22/'Maj Production Summ'!T$17)*1000 -> 387.96941 | U10: =+('B-FCE'!U22/'Maj Production Summ'!U$17)*1000 -> 394.04879 | V10: =+('B-FCE'!V22/'Maj Production Summ'!V$17)*1000 -> 406.0253 | W10: 380 | X10: =+('B-FCE'!X22/'Maj Production Summ'!X$17)*1000 -> 383.96827 | Y10: =+('B-FCE'!Y22/'Maj Production Summ'!Y$17)*1000 -> 383.36404 | Z10: =+('B-FCE'!Z22/'Maj Production Summ'!Z$17)*1000 -> 398.185 | AA10: =+('B-FCE'!AA22/'Maj Production Summ'!AA$17)*1000 -> 391.26045 | AB10: =+('B-FCE'!AB22/'Maj Production Summ'!AB$17)*1000 -> 401.56588 | AC10: 375 | AD10: =+('B-FCE'!AD22/'Maj Production Summ'!AD$17)*1000 -> 389.85266 | AE10: =+('B-FCE'!AE22/'Maj Production Summ'!AE$17)*1000 -> 388.49188 | AF10: =+('B-FCE'!AF22/'Maj Production Summ'!AF$17)*1000 -> 399.44725 | AG10: 375 | AH10: =+('B-FCE'!AH22/'Maj Production Summ'!AH$17)*1000 -> 401.55734 | AI10: =+('B-FCE'!AI22/'Maj Production Summ'!AI$17)*1000 -> 386.58417 | AJ10: =+('B-FCE'!AJ22/'Maj Production Summ'!AJ$17)*1000 -> 399.73978 | AK10: 370 | AL10: =+('B-FCE'!AL22/'Maj Production Summ'!AL$17)*1000 -> 394.7357 | AM10: =+('B-FCE'!AM22/'Maj Production Summ'!AM$17)*1000 -> 373.31492 | AN10: =+('B-FCE'!AN22/'Maj Production Summ'!AN$17)*1000 -> 395.14789 | AO10: =+('B-FCE'!AO22/'Maj Production Summ'!AO$17)*1000 -> 384.46896 | AP10: =+('B-FCE'!AP22/'Maj Production Summ'!AP$17)*1000 -> 399.07113 | AQ10: 360 | AR10: =+('B-FCE'!AR22/'Maj Production Summ'!AR$17)*1000 -> 390.96789 | AS10: =+('B-FCE'!AS22/'Maj Production Summ'!AS$17)*1000 -> 381.70111 | AT10: =+('B-FCE'!AT22/'Maj Production Summ'!AT$17)*1000 -> 398.09844 | AU10: 360 | AV10: =+('B-FCE'!AV22/'Maj Production Summ'!AV$17)*1000 -> 391.80282 | AW10: =+('B-FCE'!AW22/'Maj Production Summ'!AW$17)*1000 -> 379.72401 | AX10: =+('B-FCE'!AX22/'Maj Production Summ'!AX$17)*1000 -> 397.48823 | AY10: 360 | AZ10: =+('B-FCE'!AZ22/'Maj Production Summ'!AZ$17)*1000 -> 389.66004 | BA10: =+('B-FCE'!BA22/'Maj Production Summ'!BA$17)*1000 -> 360 | BB10: =+('B-FCE'!BB22/'Maj Production Summ'!BB$17)*1000 -> 390.76948 | BC10: =+('B-FCE'!BC22/'Maj Production Summ'!BC$17)*1000 -> 366.74966 | BD10: =+('B-FCE'!BD22/'Maj Production Summ'!BD$17)*1000 -> 392.93729 | BE10: =+('B-FCE'!BE22/'Maj Production Summ'!BE$17)*1000 -> 377.88521 | BF10: =+('B-FCE'!BF22/'Maj Production Summ'!BF$17)*1000 -> 396.71459 | BG10: 373.87865 | BH10: 423.66105 | BI10: 370.47898 | BJ10: 381.58771 | BK10: 388.39311
B11: Nut Coke rate | C11: Kg/ THM | D11: 23.751424 | E11: 16 | F11: =+('B-FCE'!F23/'Maj Production Summ'!F$17)*1000 -> 46.651186 | G11: 25 | H11: =+('B-FCE'!H23/'Maj Production Summ'!H$17)*1000 -> 33.665405 | I11: =+('B-FCE'!I23/'Maj Production Summ'!I$17)*1000 -> 21.110169 | J11: =+('B-FCE'!J23/'Maj Production Summ'!J$17)*1000 -> 40.351559 | K11: 30 | L11: =+('B-FCE'!L23/'Maj Production Summ'!L$17)*1000 -> 44.970208 | M11: =+('B-FCE'!M23/'Maj Production Summ'!M$17)*1000 -> 25.570316 | N11: =+('B-FCE'!N23/'Maj Production Summ'!N$17)*1000 -> 42.626017 | O11: 30 | P11: =+('B-FCE'!P23/'Maj Production Summ'!P$17)*1000 -> 37.482143 | Q11: =+('B-FCE'!Q23/'Maj Production Summ'!Q$17)*1000 -> 27.083277 | R11: =+('B-FCE'!R23/'Maj Production Summ'!R$17)*1000 -> 40.966153 | S11: 30 | T11: =+('B-FCE'!T23/'Maj Production Summ'!T$17)*1000 -> 41.140563 | U11: =+('B-FCE'!U23/'Maj Production Summ'!U$17)*1000 -> 27.825857 | V11: =+('B-FCE'!V23/'Maj Production Summ'!V$17)*1000 -> 41.011835 | W11: 30 | X11: =+('B-FCE'!X23/'Maj Production Summ'!X$17)*1000 -> 40.105157 | Y11: =+('B-FCE'!Y23/'Maj Production Summ'!Y$17)*1000 -> 30 | Z11: =+('B-FCE'!Z23/'Maj Production Summ'!Z$17)*1000 -> 39.63599 | AA11: =+('B-FCE'!AA23/'Maj Production Summ'!AA$17)*1000 -> 28.257371 | AB11: =+('B-FCE'!AB23/'Maj Production Summ'!AB$17)*1000 -> 40.828526 | AC11: 20 | AD11: =+('B-FCE'!AD23/'Maj Production Summ'!AD$17)*1000 -> 36.165604 | AE11: =+('B-FCE'!AE23/'Maj Production Summ'!AE$17)*1000 -> 26.851434 | AF11: =+('B-FCE'!AF23/'Maj Production Summ'!AF$17)*1000 -> 39.98512 | AG11: 20 | AH11: =+('B-FCE'!AH23/'Maj Production Summ'!AH$17)*1000 -> 38.740405 | AI11: =+('B-FCE'!AI23/'Maj Production Summ'!AI$17)*1000 -> 25.882665 | AJ11: =+('B-FCE'!AJ23/'Maj Production Summ'!AJ$17)*1000 -> 39.812561 | AK11: 20 | AL11: =+('B-FCE'!AL23/'Maj Production Summ'!AL$17)*1000 -> 31.536304 | AM11: =+('B-FCE'!AM23/'Maj Production Summ'!AM$17)*1000 -> 20 | AN11: =+('B-FCE'!AN23/'Maj Production Summ'!AN$17)*1000 -> 35.369871 | AO11: =+('B-FCE'!AO23/'Maj Production Summ'!AO$17)*1000 -> 25.132366 | AP11: =+('B-FCE'!AP23/'Maj Production Summ'!AP$17)*1000 -> 38.706684 | AQ11: 20 | AR11: =+('B-FCE'!AR23/'Maj Production Summ'!AR$17)*1000 -> 34.317246 | AS11: =+('B-FCE'!AS23/'Maj Production Summ'!AS$17)*1000 -> 24.55181 | AT11: =+('B-FCE'!AT23/'Maj Production Summ'!AT$17)*1000 -> 38.179789 | AU11: 20 | AV11: =+('B-FCE'!AV23/'Maj Production Summ'!AV$17)*1000 -> 31.914393 | AW11: =+('B-FCE'!AW23/'Maj Production Summ'!AW$17)*1000 -> 24.137113 | AX11: =+('B-FCE'!AX23/'Maj Production Summ'!AX$17)*1000 -> 37.5725 | AY11: 20 | AZ11: =+('B-FCE'!AZ23/'Maj Production Summ'!AZ$17)*1000 -> 32.222436 | BA11: =+('B-FCE'!BA23/'Maj Production Summ'!BA$17)*1000 -> 20 | BB11: =+('B-FCE'!BB23/'Maj Production Summ'!BB$17)*1000 -> 32.848556 | BC11: =+('B-FCE'!BC23/'Maj Production Summ'!BC$17)*1000 -> 20 | BD11: =+('B-FCE'!BD23/'Maj Production Summ'!BD$17)*1000 -> 34.096894 | BE11: =+('B-FCE'!BE23/'Maj Production Summ'!BE$17)*1000 -> 23.751425 | BF11: =+('B-FCE'!BF23/'Maj Production Summ'!BF$17)*1000 -> 37.043769 | BG11: 34.857516 | BH11: 41.208946 | BI11: 25 | BJ11: 44.993877 | BK11: 29.180384
B12: CDI rate | C12: Kg/ THM | D12: 133.64292 | E12: 108 | F12: =+('B-FCE'!F24/'Maj Production Summ'!F$17)*1000 -> 110.29459 | G12: 75 | H12: =+('B-FCE'!H24/'Maj Production Summ'!H$17)*1000 -> 99.06421 | I12: =+('B-FCE'!I24/'Maj Production Summ'!I$17)*1000 -> 89.262712 | J12: =+('B-FCE'!J24/'Maj Production Summ'!J$17)*1000 -> 104.84654 | K12: 125 | L12: =+('B-FCE'!L24/'Maj Production Summ'!L$17)*1000 -> 110.20745 | M12: =+('B-FCE'!M24/'Maj Production Summ'!M$17)*1000 -> 107.19259 | N12: =+('B-FCE'!N24/'Maj Production Summ'!N$17)*1000 -> 107.48652 | O12: 130 | P12: =+('B-FCE'!P24/'Maj Production Summ'!P$17)*1000 -> 100.34365 | Q12: =+('B-FCE'!Q24/'Maj Production Summ'!Q$17)*1000 -> 114.98247 | R12: =+('B-FCE'!R24/'Maj Production Summ'!R$17)*1000 -> 105.18161 | S12: 130 | T12: =+('B-FCE'!T24/'Maj Production Summ'!T$17)*1000 -> 117.28103 | U12: =+('B-FCE'!U24/'Maj Production Summ'!U$17)*1000 -> 118.80584 | V12: =+('B-FCE'!V24/'Maj Production Summ'!V$17)*1000 -> 108.35075 | W12: 135 | X12: =+('B-FCE'!X24/'Maj Production Summ'!X$17)*1000 -> 124.09924 | Y12: =+('B-FCE'!Y24/'Maj Production Summ'!Y$17)*1000 -> 131.63596 | Z12: =+('B-FCE'!Z24/'Maj Production Summ'!Z$17)*1000 -> 114.22049 | AA12: =+('B-FCE'!AA24/'Maj Production Summ'!AA$17)*1000 -> 122.01998 | AB12: =+('B-FCE'!AB24/'Maj Production Summ'!AB$17)*1000 -> 111.53473 | AC12: 140 | AD12: =+('B-FCE'!AD24/'Maj Production Summ'!AD$17)*1000 -> 125.49645 | AE12: =+('B-FCE'!AE24/'Maj Production Summ'!AE$17)*1000 -> 125.08134 | AF12: =+('B-FCE'!AF24/'Maj Production Summ'!AF$17)*1000 -> 114.06005 | AG12: 140 | AH12: =+('B-FCE'!AH24/'Maj Production Summ'!AH$17)*1000 -> 110.53575 | AI12: =+('B-FCE'!AI24/'Maj Production Summ'!AI$17)*1000 -> 127.19079 | AJ12: =+('B-FCE'!AJ24/'Maj Production Summ'!AJ$17)*1000 -> 113.57146 | AK12: 145 | AL12: =+('B-FCE'!AL24/'Maj Production Summ'!AL$17)*1000 -> 121.41238 | AM12: =+('B-FCE'!AM24/'Maj Production Summ'!AM$17)*1000 -> 141.68508 | AN12: =+('B-FCE'!AN24/'Maj Production Summ'!AN$17)*1000 -> 119.46977 | AO12: =+('B-FCE'!AO24/'Maj Production Summ'!AO$17)*1000 -> 129.46225 | AP12: =+('B-FCE'!AP24/'Maj Production Summ'!AP$17)*1000 -> 114.61917 | AQ12: 145 | AR12: =+('B-FCE'!AR24/'Maj Production Summ'!AR$17)*1000 -> 125.93206 | AS12: =+('B-FCE'!AS24/'Maj Production Summ'!AS$17)*1000 -> 131.21983 | AT12: =+('B-FCE'!AT24/'Maj Production Summ'!AT$17)*1000 -> 115.97714 | AU12: 145 | AV12: =+('B-FCE'!AV24/'Maj Production Summ'!AV$17)*1000 -> 123.86497 | AW12: =+('B-FCE'!AW24/'Maj Production Summ'!AW$17)*1000 -> 132.47528 | AX12: =+('B-FCE'!AX24/'Maj Production Summ'!AX$17)*1000 -> 116.74169 | AY12: 145 | AZ12: =+('B-FCE'!AZ24/'Maj Production Summ'!AZ$17)*1000 -> 130.24316 | BA12: =+('B-FCE'!BA24/'Maj Production Summ'!BA$17)*1000 -> 145 | BB12: =+('B-FCE'!BB24/'Maj Production Summ'!BB$17)*1000 -> 126.79689 | BC12: =+('B-FCE'!BC24/'Maj Production Summ'!BC$17)*1000 -> 143.31959 | BD12: =+('B-FCE'!BD24/'Maj Production Summ'!BD$17)*1000 -> 123.16914 | BE12: =+('B-FCE'!BE24/'Maj Production Summ'!BE$17)*1000 -> 133.64292 | BF12: =+('B-FCE'!BF24/'Maj Production Summ'!BF$17)*1000 -> 118.07599 | BG12: 128.57732 | BH12: 89.175353 | BI12: 139.85352 | BJ12: 118.98027 | BK12: 123.03826
B13: Total Fuel | C13: Kg/ THM | D13: =SUM(D10:D12) -> 535.27955 | E13: =SUM(E10:E12) -> 534 | F13: =SUM(F10:F12) -> 552.22875 | G13: =SUM(G10:G12) -> 540 | H13: =SUM(H10:H12) -> 555.21244 | I13: =SUM(I10:I12) -> 537.40678 | J13: =SUM(J10:J12) -> 553.67619 | K13: =SUM(K10:K12) -> 535 | ... BF13: =SUM(BF10:BF12) -> 551.83435 | BG13: 537.31348 | BH13: 554.04535 | BI13: 535.3325 | BJ13: 545.56186 | BK13: 540.61176
B14: BF PRODUCTIVITY | C14: T/M³/Day | D14: 2.2268039 | E14: 2.112 | F14: 1.934 | G14: 1.448 | H14: 1.432 | I14: =+('Maj Production Summ'!I17/3551)/('B-FCE'!E46+'B-FCE'!G46) -> 1.6756973 | J14: =+('Maj Production Summ'!J17/3551)/('B-FCE'!F46+'B-FCE'!H46) -> 1.6529037 | K14: 2.268 | L14: 1.943 | M14: =+('Maj Production Summ'!M17/3551)/('B-FCE'!I46+'B-FCE'!K46) -> 1.9283622 | N14: =+('Maj Production Summ'!N17/3551)/('B-FCE'!J46+'B-FCE'!L46) -> 1.7840772 | O14: 2.2683751 | P14: 1.878 | Q14: =+('Maj Production Summ'!Q17/3551)/('B-FCE'!M46+'B-FCE'!O46) -> 2.0324136 | R14: =+('Maj Production Summ'!R17/3551)/('B-FCE'!N46+'B-FCE'!P46) -> 1.8133414 | S14: 2.2683751 | T14: 2.058 | U14: =+('Maj Production Summ'!U17/3551)/('B-FCE'!Q46+'B-FCE'!S46) -> 2.0877031 | V14: =+('Maj Production Summ'!V17/3551)/('B-FCE'!R46+'B-FCE'!T46) -> 1.87162 | W14: 2.2810476 | X14: 2.062 | Y14: =+('Maj Production Summ'!Y17/3551)/('B-FCE'!O46+'B-FCE'!S46+'B-FCE'!W46) -> 2.2725059 | Z14: =+('Maj Production Summ'!Z17/3551)/('B-FCE'!P46+'B-FCE'!T46+'B-FCE'!X46) -> 1.9987513 | AA14: =+('Maj Production Summ'!AA17/3551)/('B-FCE'!M46+'B-FCE'!Y46) -> 2.1234255 | AB14: =+('Maj Production Summ'!AB17/3551)/('B-FCE'!N46+'B-FCE'!Z46) -> 1.9072213 | AC14: 2.2810476 | AD14: 2.113 | AE14: =+('Maj Production Summ'!AE17/3551)/('B-FCE'!AA46+'B-FCE'!AC46) -> 2.1487059 | AF14: =+('Maj Production Summ'!AF17/3551)/('B-FCE'!AB46+'B-FCE'!AD46) -> 1.9414191 | AG14: 2.2810476 | AH14: 1.943 | AI14: =+('Maj Production Summ'!AI17/3551)/('B-FCE'!AE46+'B-FCE'!AG46) -> 2.1664787 | AJ14: =+('Maj Production Summ'!AJ17/3551)/('B-FCE'!AF46+'B-FCE'!AH46) -> 1.9416381 | AK14: 2.2810476 | AL14: 2.1091597 | AM14: =+('Maj Production Summ'!AM17/3551)/('B-FCE'!AC46+'B-FCE'!AG46+'B-FCE'!AK46) -> 2.2810476 | AN14: =+('Maj Production Summ'!AN17/3551)/('B-FCE'!AD46+'B-FCE'!AH46+'B-FCE'!AL46) -> 2.0561257 | AO14: =+('Maj Production Summ'!AO17/3551)/('B-FCE'!AK46+'B-FCE'!AI46) -> 2.1804468 | AP14: =+('Maj Production Summ'!AP17/3551)/('B-FCE'!AL46+'B-FCE'!AJ46) -> 1.9624655 | AQ14: 2.2810476 | AR14: 2.1693867 | AS14: =+('Maj Production Summ'!AS17/3551)/('B-FCE'!AO46+'B-FCE'!AQ46) -> 2.1913791 | AT14: =+('Maj Production Summ'!AT17/3551)/('B-FCE'!AP46+'B-FCE'!AR46) -> 1.9851949 | AU14: 2.2808389 | AV14: 2.1848276 | AW14: =+('Maj Production Summ'!AW17/3551)/('B-FCE'!AS46+'B-FCE'!AU46) -> 2.1992378 | AX14: =+('Maj Production Summ'!AX17/3551)/('B-FCE'!AT46+'B-FCE'!AV46) -> 2.0029338 | AY14: 2.2810476 | AZ14: 2.181 | BA14: =+('Maj Production Summ'!BA17/3551)/('B-FCE'!AQ46+'B-FCE'!AU46+'B-FCE'!AY46) -> 2.2809835 | BB14: =+('Maj Production Summ'!BB17/3551)/('B-FCE'!AR46+'B-FCE'!AV46+'B-FCE'!AZ46) -> 2.1781614 | BC14: =+('Maj Production Summ'!BC17/3551)/('B-FCE'!AM46+'B-FCE'!BA46) -> 2.281016 | BD14: =+('Maj Production Summ'!BD17/3551)/('B-FCE'!AN46+'B-FCE'!BB46) -> 2.115981 | BE14: =+('Maj Production Summ'!BE17/3551)/('B-FCE'!AW46+'B-FCE'!AY46) -> 2.2066158 | BF14: =+('Maj Production Summ'!BF17/3551)/('B-FCE'!AX46+'B-FCE'!AZ46) -> 2.0192263 | BG14: 2.0565754 | BH14: 1.7450413 | BI14: 2.1585499 | BJ14: 2.0057992 | BK14: 1.7419242
B15: Gross Coal to Hot Metal Ratio | C15: Kg/ THM | D15: 908 | E15: 982 | F15: =+'Coal to Hot Metal'!F19 -> 948.46406 | G15: =+'Coal to Hot Metal'!G19 -> 1051.5031 | H15: =+'Coal to Hot Metal'!H19 -> 1024.9108 | I15: =+'Coal to Hot Metal'!I19 -> 1021.6231 | J15: =+'Coal to Hot Metal'!J19 -> 985.55053 | K15: 906.6341 | L15: =+'Coal to Hot Metal'!L19 -> 983.61628 | M15: =+((I15*'Maj Production Summ'!I$17)+('Maj Production Summ'!K$17*K15))/('Maj Production Summ'!M$17) -> 963.93158 | N15: =+'Coal to Hot Metal'!N19 -> 982.08184 | O15: 921.47599 | P15: =+'Coal to Hot Metal'!P19 -> 976.41611 | Q15: =+((M15*'Maj Production Summ'!M$17)+('Maj Production Summ'!O$17*O15))/('Maj Production Summ'!Q$17) -> 949.43085 | R15: =+'Coal to Hot Metal'!R19 -> 979.1856 | S15: 921.47599 | T15: =+'Coal to Hot Metal'!T19 -> 935.25446 | U15: =+((Q15*'Maj Production Summ'!Q$17)+('Maj Production Summ'!S$17*S15))/('Maj Production Summ'!U$17) -> 942.31371 | V15: =+'Coal to Hot Metal'!V19 -> 966.78308 | W15: 917.94419 | X15: =+'Coal to Hot Metal'!X19 -> 894.56168 | Y15: =+((O15*'Maj Production Summ'!O$17)+(S15*'Maj Production Summ'!S17)+('Maj Production Summ'!W$17*W15))/('Maj Production Summ'!Y$17) -> 920.32042 | Z15: =+'Coal to Hot Metal'!Z19 -> 934.78552 | AA15: =+((M15*'Maj Production Summ'!M$17)+('Maj Production Summ'!Y$17*Y15))/('Maj Production Summ'!AA$17) -> 937.47697 | AB15: =+'Coal to Hot Metal'!AB19 -> 951.86651 | AC15: 895.63344 | AD15: =+'Coal to Hot Metal'!AD19 -> 929.88524 | AE15: =+((AA15*'Maj Production Summ'!AA$17)+('Maj Production Summ'!AC$17*AC15))/('Maj Production Summ'!AE$17) -> 930.3525 | AF15: =+'Coal to Hot Metal'!AF19 -> 947.29292 | AG15: 895.74368 | AH15: =+'Coal to Hot Metal'!AH19 -> 957.83018 | AI15: =+((AE15*'Maj Production Summ'!AE$17)+('Maj Production Summ'!AG$17*AG15))/('Maj Production Summ'!AI$17) -> 925.45893 | AJ15: =+'Coal to Hot Metal'!AJ19 -> 948.50499 | AK15: 892.00956 | AL15: =+'Coal to Hot Metal'!AL19 -> 928.91574 | AM15: =+((AC15*'Maj Production Summ'!AC$17)+(AG15*'Maj Production Summ'!AG17)+('Maj Production Summ'!AK$17*AK15))/('Maj Production Summ'!AM$17) -> 894.44806 | AN15: =+'Coal to Hot Metal'!AN19 -> 938.17487 | AO15: =+((AK15*'Maj Production Summ'!AK$17)+(AI15*'Maj Production Summ'!AI$17))/('Maj Production Summ'!AO$17) -> 921.19266 | AP15: =+'Coal to Hot Metal'!AP19 -> 945.71878 | AQ15: 873.43293 | AR15: =+'Coal to Hot Metal'!AR19 -> 904.16594 | AS15: =+((AO15*'Maj Production Summ'!AO$17)+('Maj Production Summ'!AQ$17*AQ15))/('Maj Production Summ'!AS$17) -> 915.79024 | AT15: =+'Coal to Hot Metal'!AT19 -> 940.6446 | AU15: 873.85076 | AV15: =+'Coal to Hot Metal'!AV19 -> 906.14392 | AW15: =+((AS15*'Maj Production Summ'!AS$17)+('Maj Production Summ'!AU$17*AU15))/('Maj Production Summ'!AW$17) -> 911.96931 | AX15: =+'Coal to Hot Metal'!AX19 -> 937.2538 | AY15: 873.43293 | AZ15: =+'Coal to Hot Metal'!AZ19 -> 916.99897 | BA15: =+((AQ15*'Maj Production Summ'!AQ$17)+(AU15*'Maj Production Summ'!AU17)+('Maj Production Summ'!AY$17*AY15))/('Maj Production Summ'!BA$17) -> 873.56121 | BB15: =+'Coal to Hot Metal'!BB19 -> 909.25395 | BC15: =+((AM15*'Maj Production Summ'!AM$17)+('Maj Production Summ'!BA$17*BA15))/('Maj Production Summ'!BC$17) -> 884.14927 | BD15: =+'Coal to Hot Metal'!BD19 -> 923.55845 | BE15: =+((AW15*'Maj Production Summ'!AW$17)+('Maj Production Summ'!AY$17*AY15))/('Maj Production Summ'!BE$17) -> 908.3767 | BF15: =+'Coal to Hot Metal'!BF19 -> 935.21205 | BG15: 907.50854 | BH15: 991.44637 | BI15: 886.42712 | BJ15: 931.68363 | BK15: 905.6097
B16: Hot Metal to Crude Steel | C16: Kg/ TCS | D16: 1065 | E16: 1065 | F16: =+(F43/'Maj Production Summ'!F18)*1000 -> 1061.7091 | G16: 1065 | H16: =+(H43/'Maj Production Summ'!H18)*1000 -> 1049.6362 | I16: 1065 | J16: =+(J43/'Maj Production Summ'!J18)*1000 -> 1056.3398 | K16: 1065 | L16: =+(L43/'Maj Production Summ'!L18)*1000 -> 1055.0811 | M16: =+(M43/'Maj Production Summ'!M18)*1000 -> 1064.9983 | N16: =+(N43/'Maj Production Summ'!N18)*1000 -> 1055.6847 | O16: 1065 | P16: =+(P43/'Maj Production Summ'!P18)*1000 -> 1059.4345 | Q16: =+(Q43/'Maj Production Summ'!Q18)*1000 -> 1064.9989 | R16: =+(R43/'Maj Production Summ'!R18)*1000 -> 1056.9373 | S16: 1065 | T16: =+(T43/'Maj Production Summ'!T18)*1000 -> 1068.4899 | U16: =+(U43/'Maj Production Summ'!U18)*1000 -> 1064.9992 | V16: =+(V43/'Maj Production Summ'!V18)*1000 -> 1060.0117 | W16: 1065 | X16: =+(X43/'Maj Production Summ'!X18)*1000 -> 1065.904 | Y16: =+(Y43/'Maj Production Summ'!Y18)*1000 -> 1065 | Z16: =+(Z43/'Maj Production Summ'!Z18)*1000 -> 1064.7378 | AA16: =+(AA43/'Maj Production Summ'!AA18)*1000 -> 1064.9994 | AB16: =+(AB43/'Maj Production Summ'!AB18)*1000 -> 1061.2223 | AC16: 1065 | AD16: =+(AD43/'Maj Production Summ'!AD18)*1000 -> 1072.5156 | AE16: =+(AE43/'Maj Production Summ'!AE18)*1000 -> 1064.9995 | AF16: =+(AF43/'Maj Production Summ'!AF18)*1000 -> 1063.2497 | AG16: 1065 | AH16: =+(AH43/'Maj Production Summ'!AH18)*1000 -> 1057.6207 | AI16: =+(AI43/'Maj Production Summ'!AI18)*1000 -> 1064.9996 | AJ16: =+(AJ43/'Maj Production Summ'!AJ18)*1000 -> 1062.4505 | AK16: 1065 | AL16: =+(AL43/'Maj Production Summ'!AL18)*1000 -> 1056.6639 | AM16: =+(AM43/'Maj Production Summ'!AM18)*1000 -> 1065.0007 | AN16: =+(AN43/'Maj Production Summ'!AN18)*1000 -> 1062.3418 | AO16: =+(AO43/'Maj Production Summ'!AO18)*1000 -> 1064.9999 | AP16: =+(AP43/'Maj Production Summ'!AP18)*1000 -> 1061.6612 | AQ16: 1065 | AR16: =+(AR43/'Maj Production Summ'!AR18)*1000 -> 1060.8699 | AS16: =+(AS43/'Maj Production Summ'!AS18)*1000 -> 1064.9999 | AT16: =+(AT43/'Maj Production Summ'!AT18)*1000 -> 1061.5643 | AU16: 1065 | AV16: =+(AV43/'Maj Production Summ'!AV18)*1000 -> 1064.3522 | AW16: =+(AW43/'Maj Production Summ'!AW18)*1000 -> 1064.9999 | AX16: =+(AX43/'Maj Production Summ'!AX18)*1000 -> 1061.8387 | AY16: 1065 | AZ16: =+(AZ43/'Maj Production Summ'!AZ18)*1000 -> 1064.0562 | BA16: =+(BA43/'Maj Production Summ'!BA18)*1000 -> 1065 | BB16: =+(BB43/'Maj Production Summ'!BB18)*1000 -> 1063.0429 | BC16: =+(BC43/'Maj Production Summ'!BC18)*1000 -> 1065.0004 | BD16: =+(BD43/'Maj Production Summ'!BD18)*1000 -> 1062.697 | BE16: =+(BE43/'Maj Production Summ'!BE18)*1000 -> 1064.9999 | BF16: =+(BF43/'Maj Production Summ'!BF18)*1000 -> 1062.0577 | BG16: 1077.0434 | BH16: 1071.1761 | BI16: 1065 | BJ16: 1093.6626 | BK16: 1078.33
B17: Scrap consumption at SMS | C17: Kg/ TCS | D17: 50 | E17: 50 | F17: =+(F44/'Maj Production Summ'!F18)*1000 -> 47.43989 | G17: 50 | H17: =+(H44/'Maj Production Summ'!H18)*1000 -> 57.115351 | I17: 50 | J17: =+(J44/'Maj Production Summ'!J18)*1000 -> 51.742928 | K17: 50 | L17: =+(L44/'Maj Production Summ'!L18)*1000 -> 52.432596 | M17: =+(M44/'Maj Production Summ'!M18)*1000 -> 50 | N17: =+(N44/'Maj Production Summ'!N18)*1000 -> 52.101887 | O17: 50 | P17: =+(P44/'Maj Production Summ'!P18)*1000 -> 45.991187 | Q17: =+(Q44/'Maj Production Summ'!Q18)*1000 -> 50 | R17: =+(R44/'Maj Production Summ'!R18)*1000 -> 50.060639 | S17: 50 | T17: =+(T44/'Maj Production Summ'!T18)*1000 -> 43.502106 | U17: =+(U44/'Maj Production Summ'!U18)*1000 -> 50 | V17: =+(V44/'Maj Production Summ'!V18)*1000 -> 48.315257 | W17: 50 | X17: =+(X44/'Maj Production Summ'!X18)*1000 -> 41.678216 | Y17: =+(Y44/'Maj Production Summ'!Y18)*1000 -> 50 | Z17: =+(Z44/'Maj Production Summ'!Z18)*1000 -> 43.682122 | AA17: =+(AA44/'Maj Production Summ'!AA18)*1000 -> 50 | AB17: =+(AB44/'Maj Production Summ'!AB18)*1000 -> 46.951684 | AC17: 50 | AD17: =+(AD44/'Maj Production Summ'!AD18)*1000 -> 34.653606 | AE17: =+(AE44/'Maj Production Summ'!AE18)*1000 -> 50 | AF17: =+(AF44/'Maj Production Summ'!AF18)*1000 -> 44.74392 | AG17: 50 | AH17: =+(AH44/'Maj Production Summ'!AH18)*1000 -> 50.094717 | AI17: =+(AI44/'Maj Production Summ'!AI18)*1000 -> 50 | AJ17: =+(AJ44/'Maj Production Summ'!AJ18)*1000 -> 45.503647 | AK17: 50 | AL17: =+(AL44/'Maj Production Summ'!AL18)*1000 -> 51.21815 | AM17: =+(AM44/'Maj Production Summ'!AM18)*1000 -> 50 | AN17: =+(AN44/'Maj Production Summ'!AN18)*1000 -> 45.246246 | AO17: =+(AO44/'Maj Production Summ'!AO18)*1000 -> 50 | AP17: =+(AP44/'Maj Production Summ'!AP18)*1000 -> 46.283089 | AQ17: 50 | AR17: =+(AR44/'Maj Production Summ'!AR18)*1000 -> 46.733949 | AS17: =+(AS44/'Maj Production Summ'!AS18)*1000 -> 50 | AT17: =+(AT44/'Maj Production Summ'!AT18)*1000 -> 46.338293 | AU17: 50 | AV17: =+(AV44/'Maj Production Summ'!AV18)*1000 -> 42.540486 | AW17: =+(AW44/'Maj Production Summ'!AW18)*1000 -> 50 | AX17: =+(AX44/'Maj Production Summ'!AX18)*1000 -> 45.964538 | AY17: 50 | AZ17: =+(AZ44/'Maj Production Summ'!AZ18)*1000 -> 42.386892 | BA17: =+(BA44/'Maj Production Summ'!BA18)*1000 -> 50 | BB17: =+(BB44/'Maj Production Summ'!BB18)*1000 -> 43.941633 | BC17: =+(BC44/'Maj Production Summ'!BC18)*1000 -> 50 | BD17: =+(BD44/'Maj Production Summ'!BD18)*1000 -> 44.585426 | BE17: =+(BE44/'Maj Production Summ'!BE18)*1000 -> 50 | BF17: =+(BF44/'Maj Production Summ'!BF18)*1000 -> 45.611233 | BG17: 40.465028 | BH17: 41.122433 | BI17: 50 | BJ17: 25.532166 | BK17: 41.130412
B18: TMI | C18: Kg/ TCS | D18: 1115 | E18: =SUM(E16:E17) -> 1115 | F18: =SUM(F16:F17) -> 1109.149 | G18: =SUM(G16:G17) -> 1115 | H18: =SUM(H16:H17) -> 1106.7515 | I18: =SUM(I16:I17) -> 1115 | J18: =SUM(J16:J17) -> 1108.0828 | K18: =SUM(K16:K17) -> 1115 | L18: =SUM(L16:L17) -> 1107.5137 | ... BF18: =SUM(BF16:BF17) -> 1107.6689 | BG18: 1117.5084 | BH18: 1112.2985 | BI18: 1115 | BJ18: 1119.1948 | BK18: 1119.4604
B19: Total Ferro Alloys (FeMn+FeSi+SiMn) | C19: Kg/ TCS | D19: 22 | E19: =E53+E54+E55 -> 21.95779 | F19: =F53+F54+F55 -> 19.287195 | G19: =G53+G54+G55 -> 21.95779 | H19: =H53+H54+H55 -> 19.663424 | I19: =I53+I54+I55 -> 21.95779 | J19: =J53+J54+J55 -> 19.454518 | K19: =K53+K54+K55 -> 21.95779 | L19: =L53+L54+L55 -> 19.482283 | ... BF19: =BF53+BF54+BF55 -> 20.936322 | BG19: 20.938578 | BH19: 20.212673 | BI19: 21 | BJ19: 21.832464 | BK19: 23.120676
B20: Mill yield
B21: WR Mill | C21: % | D21: 96 | E21: =+WRM!E118 -> 96 | F21: =+WRM!F118 -> 94.596207 | G21: =+WRM!G118 -> 95.999999 | H21: =+WRM!H118 -> 94.668703 | I21: =+WRM!I118 -> 96 | J21: =+WRM!J118 -> 94.627624 | K21: =+WRM!K118 -> 96 | L21: =+WRM!L118 -> 95.456321 | ... BF21: =+WRM!BF118 -> 95.505336 | BG21: 96.222984 | BH21: 94.958654 | BI21: 96.5 | BJ21: 96.195271 | BK21: 96.032659
B22: Bar Mill | C22: % | D22: 96.5 | E22: =+BM!E55 -> 96.499693 | F22: =+BM!F55 -> 96.011265 | G22: =+BM!G55 -> 96.499999 | H22: =+BM!H55 -> 92.888093 | I22: =+BM!I55 -> 0 | J22: =+BM!J55 -> 94.236964 | K22: =+BM!K55 -> 96.5 | L22: =+BM!L55 -> 95.58845 | ... BF22: =+BM!BF55 -> 95.423966 | BG22: 96.209843 | BH22: 95.175924 | BI22: 96.5 | BJ22: 96.065593 | BK22: 96.05494
B23: US Mill | C23: % | D23: 95.7 | E23: =+USM!F45 -> 95.702938 | F23: =+USM!G45 -> 93.890168 | G23: =+USM!H45 -> #DIV/0! | H23: =+USM!I45 -> 91.729936 | I23: =+USM!J45 -> 95.702938 | J23: =+USM!K45 -> 93.324329 | K23: =+USM!L45 -> 95.7 | L23: =+USM!M45 -> 93.15056 | ... BF23: =+USM!BG45 -> 93.445481 | BG23: 95.699819 | BH23: 95.266762 | BI23: 95.7 | BJ23: 95.476013 | BK23: 95.486333
B24: Overall Sp Energy Consumpt | C24: G.cal/TCS | D24: 5.987 | E24: 7.321 | F24: 7.1032829 | G24: 8.252 | H24: 8.385479 | I24: =+((E33*E24)+(G33*G24))/I33 -> 7.7945052 | J24: =+((F33*F24)+(H33*H24))/J33 -> 7.6735233 | K24: 5.8292322 | L24: 6.2324448 | M24: =+((I33*I24)+(K33*K24))/M33 -> 6.7375047 | N24: =+((J33*J24)+(L33*L24))/N33 -> 6.9234704 | O24: 5.8872141 | P24: 6.2565282 | Q24: =+((M33*M24)+(O33*O24))/Q33 -> 6.4336273 | R24: =+((N33*N24)+(P33*P24))/R33 -> 6.7006818 | S24: 5.8930627 | T24: 6.0410061 | U24: =+((Q33*Q24)+(S33*S24))/U33 -> 6.291218 | V24: =+((R33*R24)+(T33*T24))/V33 -> 6.5251264 | W24: 5.8835537 | X24: 6.0824688 | Y24: =+((O33*O24)+(S24*S33)+(W33*W24))/Y33 -> 5.8879843 | Z24: =+((P33*P24)+(T24*T33)+(X33*X24))/Z33 -> 6.1235629 | AA24: =+((M33*M24)+(Y33*Y24))/AA33 -> 6.208072 | AB24: =+((N33*N24)+(Z33*Z24))/AB33 -> 6.4341829 | AC24: 5.8274836 | AD24: 6.1103524 | AE24: =+((AA33*AA24)+(AC33*AC24))/AE33 -> 6.1417887 | AF24: =+((AB33*AB24)+(AD33*AD24))/AF33 -> 6.3760485 | AG24: 5.8408093 | AH24: 6.171426 | AI24: =+((AE33*AE24)+(AG33*AG24))/AI33 -> 6.098401 | AJ24: =+((AF33*AF24)+(AH33*AH24))/AJ33 -> 6.3469954 | AK24: 5.8435621 | AL24: 6.1066156 | AM24: =+((AC33*AC24)+(AG24*AG33)+(AK33*AK24))/AM33 -> 5.8372459 | AN24: =+((AD33*AD24)+(AH24*AH33)+(AL33*AL24))/AN33 -> 6.1281544 | AO24: =+((AI33*AI24)+(AK33*AK24))/AO33 -> 6.0653437 | AP24: =+((AJ33*AJ24)+(AL33*AL24))/AP33 -> 6.3142083 | AQ24: 5.7623996 | AR24: 6.1598177 | AS24: =+((AO33*AO24)+(AQ33*AQ24))/AS33 -> 6.0305584 | AT24: =+((AP33*AP24)+(AR33*AR24))/AT33 -> 6.2953043 | AU24: 5.7941095 | AV24: 6.2728732 | AW24: =+((AS33*AS24)+(AU33*AU24))/AW33 -> 6.0087276 | AX24: =+((AT33*AT24)+(AV33*AV24))/AX33 -> 6.2930967 | AY24: 5.7623996 | AZ24: 6.318426 | BA24: =+((AQ33*AQ24)+(AU24*AU33)+(AY33*AY24))/BA33 -> 5.7721335 | BB24: =+((AR33*AR24)+(AV24*AV33)+(AZ33*AZ24))/BB33 -> 6.2493508 | BC24: =+((AM33*AM24)+(BA33*BA24))/BC33 -> 5.8051417 | BD24: =+((AN33*AN24)+(BB33*BB24))/BD33 -> 6.1895434 | BE24: =+((AW33*AW24)+(AY33*AY24))/BE33 -> 5.9854778 | BF24: 6.300637 | BG24: 6.1969869 | BH24: 6.4827566 | BI24: 5.95 | BJ24: 6.1800191 | BK24: 6.3116941
B25: Overall Specific Power Consumption(Kwh) | C25: KwH/TSS | D25: 501 | E25: =+'POWER DISTRIBUTION'!I17/('Maj Production Summ'!E35+0.25*'Maj Production Summ'!E24) -> 909.25908 | F25: =+'POWER DISTRIBUTION'!J17/('Maj Production Summ'!F35+0.25*'Maj Production Summ'!F24) -> 810.06262 | G25: =+'POWER DISTRIBUTION'!K17/('Maj Production Summ'!G35+0.25*'Maj Production Summ'!G24) -> 835.6234 | H25: =+'POWER DISTRIBUTION'!L17/('Maj Production Summ'!H35+0.25*'Maj Production Summ'!H24) -> 740.71693 | I25: =+'POWER DISTRIBUTION'!M17/('Maj Production Summ'!I35+0.25*'Maj Production Summ'!I24) -> 870.33467 | J25: =+'POWER DISTRIBUTION'!N17/('Maj Production Summ'!J35+0.25*'Maj Production Summ'!J24) -> 772.47472 | K25: 468.63115 | L25: =+'POWER DISTRIBUTION'!P17/('Maj Production Summ'!L35+0.25*'Maj Production Summ'!L24) -> 526.78216 | M25: =+'POWER DISTRIBUTION'!Q17/('Maj Production Summ'!M35+0.25*'Maj Production Summ'!M24) -> 654.04795 | N25: =+'POWER DISTRIBUTION'!R17/('Maj Production Summ'!N35+0.25*'Maj Production Summ'!N24) -> 653.94855 | O25: 469.14544 | P25: =+'POWER DISTRIBUTION'!T17/('Maj Production Summ'!P35+0.25*'Maj Production Summ'!P24) -> 542.65259 | Q25: =+'POWER DISTRIBUTION'!U17/('Maj Production Summ'!Q35+0.25*'Maj Production Summ'!Q24) -> 588.16119 | R25: =+'POWER DISTRIBUTION'!V17/('Maj Production Summ'!R35+0.25*'Maj Production Summ'!R24) -> 617.97676 | S25: 470.81128 | T25: =+'POWER DISTRIBUTION'!X17/('Maj Production Summ'!T35+0.25*'Maj Production Summ'!T24) -> 506.04961 | U25: =+'POWER DISTRIBUTION'!Y17/('Maj Production Summ'!U35+0.25*'Maj Production Summ'!U24) -> 557.28897 | V25: =+'POWER DISTRIBUTION'!Z17/('Maj Production Summ'!V35+0.25*'Maj Production Summ'!V24) -> 588.92641 | W25: 468.1829 | X25: =+'POWER DISTRIBUTION'!AB17/('Maj Production Summ'!X35+0.25*'Maj Production Summ'!X24) -> 509.11695 | Y25: =+'POWER DISTRIBUTION'!AC17/('Maj Production Summ'!Y35+0.25*'Maj Production Summ'!Y24) -> 469.38937 | Z25: =+'POWER DISTRIBUTION'!AD17/('Maj Production Summ'!Z35+0.25*'Maj Production Summ'!Z24) -> 518.77946 | AA25: =+'POWER DISTRIBUTION'!AE17/('Maj Production Summ'!AA35+0.25*'Maj Production Summ'!AA24) -> 539.07274 | AB25: =+'POWER DISTRIBUTION'!AF17/('Maj Production Summ'!AB35+0.25*'Maj Production Summ'!AB24) -> 572.99777 | AC25: 469.22233 | AD25: =+'POWER DISTRIBUTION'!AH17/('Maj Production Summ'!AD35+0.25*'Maj Production Summ'!AD24) -> 525.18285 | AE25: =+'POWER DISTRIBUTION'!AI17/('Maj Production Summ'!AE35+0.25*'Maj Production Summ'!AE24) -> 526.92581 | AF25: =+'POWER DISTRIBUTION'!AJ17/('Maj Production Summ'!AF35+0.25*'Maj Production Summ'!AF24) -> 564.86802 | AG25: 472.52158 | AH25: =+'POWER DISTRIBUTION'!AL17/('Maj Production Summ'!AH35+0.25*'Maj Production Summ'!AH24) -> 500.48338 | AI25: =+'POWER DISTRIBUTION'!AM17/('Maj Production Summ'!AI35+0.25*'Maj Production Summ'!AI24) -> 519.12721 | AJ25: =+'POWER DISTRIBUTION'!AN17/('Maj Production Summ'!AJ35+0.25*'Maj Production Summ'!AJ24) -> 555.61714 | AK25: 468.54131 | AL25: =+'POWER DISTRIBUTION'!AP17/('Maj Production Summ'!AL35+0.25*'Maj Production Summ'!AL24) -> 488.01897 | AM25: =+'POWER DISTRIBUTION'!AQ17/('Maj Production Summ'!AM35+0.25*'Maj Production Summ'!AM24) -> 470.06339 | AN25: =+'POWER DISTRIBUTION'!AR17/('Maj Production Summ'!AN35+0.25*'Maj Production Summ'!AN24) -> 504.17771 | AO25: =+((AI25*'Maj Production Summ'!AI35)+('Maj Production Summ'!AK35*AK25))/'Maj Production Summ'!AO35 -> 512.53313 | AP25: =+((AJ25*'Maj Production Summ'!AJ35)+('Maj Production Summ'!AL35*AL25))/'Maj Production Summ'!AP35 -> 546.43752 | AQ25: 468.17863 | AR25: =+'POWER DISTRIBUTION'!AV17/('Maj Production Summ'!AR35+0.25*'Maj Production Summ'!AR24) -> 481.95186 | AS25: =+((AO25*'Maj Production Summ'!AO35)+('Maj Production Summ'!AQ35*AQ25))/'Maj Production Summ'!AS35 -> 507.41459 | AT25: =+((AP25*'Maj Production Summ'!AP35)+('Maj Production Summ'!AR35*AR25))/'Maj Production Summ'!AT35 -> 538.72305 | AU25: 475.67971 | AV25: =+'POWER DISTRIBUTION'!AZ17/('Maj Production Summ'!AV35+0.25*'Maj Production Summ'!AV24) -> 475.63824 | AW25: =+'POWER DISTRIBUTION'!BA17/('Maj Production Summ'!AW35+0.25*'Maj Production Summ'!AW24) -> 504.52316 | AX25: =+'POWER DISTRIBUTION'!BB17/('Maj Production Summ'!AX35+0.25*'Maj Production Summ'!AX24) -> 532.64743 | AY25: 468.17863 | AZ25: =+'POWER DISTRIBUTION'!BD17/('Maj Production Summ'!AZ35+0.25*'Maj Production Summ'!AZ24) -> 488.44646 | BA25: =+'POWER DISTRIBUTION'!BE17/('Maj Production Summ'!BA35+0.25*'Maj Production Summ'!BA24) -> 470.479 | BB25: =+'POWER DISTRIBUTION'!BF17/('Maj Production Summ'!BB35+0.25*'Maj Production Summ'!BB24) -> 482.22978 | BC25: =+'POWER DISTRIBUTION'!BG17/('Maj Production Summ'!BC35+0.25*'Maj Production Summ'!BC24) -> 312.46547 | BD25: =+'POWER DISTRIBUTION'!BH17/('Maj Production Summ'!BD35+0.25*'Maj Production Summ'!BD24) -> 328.66458 | BE25: =+'POWER DISTRIBUTION'!BI17/('Maj Production Summ'!BE35+0.25*'Maj Production Summ'!BE24) -> 501.08848 | BF25: =+'POWER DISTRIBUTION'!BJ17/('Maj Production Summ'!BF35+0.25*'Maj Production Summ'!BF24) -> 528.34198 | BG25: 500.04339 | BH25: 579.80533 | BI25: 483.423 | BJ25: 525.26173 | BK25: 552.03691
C26: KwH/TCS | D26: 486 | E26: =+'POWER DISTRIBUTION'!I17/'Maj Production Summ'!E18 -> 847.15586 | F26: =+'POWER DISTRIBUTION'!J17/'Maj Production Summ'!F18 -> 737.97594 | G26: =+'POWER DISTRIBUTION'!K17/'Maj Production Summ'!G18 -> 843.52752 | H26: =+'POWER DISTRIBUTION'!L17/'Maj Production Summ'!H18 -> 997.16882 | I26: =+'POWER DISTRIBUTION'!M17/'Maj Production Summ'!I18 -> 845.3105 | J26: =+'POWER DISTRIBUTION'!N17/'Maj Production Summ'!J18 -> 853.24868 | K26: 456.2341 | L26: =+'POWER DISTRIBUTION'!P17/'Maj Production Summ'!L18 -> 499.65076 | M26: =+'POWER DISTRIBUTION'!Q17/'Maj Production Summ'!M18 -> 636.04953 | N26: =+'POWER DISTRIBUTION'!R17/'Maj Production Summ'!N18 -> 669.20794 | O26: 454.15618 | P26: =+'POWER DISTRIBUTION'!T17/'Maj Production Summ'!P18 -> 528.69757 | Q26: =+'POWER DISTRIBUTION'!U17/'Maj Production Summ'!Q18 -> 571.04436 | R26: =+'POWER DISTRIBUTION'!V17/'Maj Production Summ'!R18 -> 622.27119 | S26: 456.24544 | T26: =+'POWER DISTRIBUTION'!X17/'Maj Production Summ'!T18 -> 492.55878 | U26: =+'POWER DISTRIBUTION'!Y17/'Maj Production Summ'!U18 -> 540.80111 | V26: =+'POWER DISTRIBUTION'!Z17/'Maj Production Summ'!V18 -> 587.75162 | W26: 455.66399 | X26: =+'POWER DISTRIBUTION'!AB17/'Maj Production Summ'!X18 -> 489.97807 | Y26: =+'POWER DISTRIBUTION'!AC17/'Maj Production Summ'!Y18 -> 455.35268 | Z26: =+'POWER DISTRIBUTION'!AD17/'Maj Production Summ'!Z18 -> 503.19995 | AA26: =+'POWER DISTRIBUTION'!AE17/'Maj Production Summ'!AA18 -> 523.43679 | AB26: =+'POWER DISTRIBUTION'!AF17/'Maj Production Summ'!AB18 -> 567.66415 | AC26: 454.78649 | AD26: =+'POWER DISTRIBUTION'!AH17/'Maj Production Summ'!AD18 -> 487.13558 | AE26: =+'POWER DISTRIBUTION'!AI17/'Maj Production Summ'!AE18 -> 511.48066 | AF26: =+'POWER DISTRIBUTION'!AJ17/'Maj Production Summ'!AF18 -> 553.20758 | AG26: 455.66399 | AH26: =+'POWER DISTRIBUTION'!AL17/'Maj Production Summ'!AH18 -> 496.99531 | AI26: =+'POWER DISTRIBUTION'!AM17/'Maj Production Summ'!AI18 -> 503.4344 | AJ26: =+'POWER DISTRIBUTION'!AN17/'Maj Production Summ'!AJ18 -> 545.22634 | AK26: 454.78649 | AL26: =+'POWER DISTRIBUTION'!AP17/'Maj Production Summ'!AL18 -> 474.26669 | AM26: =+'POWER DISTRIBUTION'!AQ17/'Maj Production Summ'!AM18 -> 455.07281 | AN26: =+'POWER DISTRIBUTION'!AR17/'Maj Production Summ'!AN18 -> 485.74209 | AO26: =+((AI26*AI33)+(AK33*AK26))/AO33 -> 497.12386 | AP26: =+((AJ26*AJ33)+(AL33*AL26))/(AP33) -> 535.54765 | AQ26: 454.78649 | AR26: =+'POWER DISTRIBUTION'!AV17/'Maj Production Summ'!AR18 -> 457.72907 | AS26: =+((AO26*AO33)+(AQ33*AQ26))/AS33 -> 492.26252 | AT26: =+((AP26*AP33)+(AR33*AR26))/(AT33) -> 526.01932 | AU26: 461.42838 | AV26: =+'POWER DISTRIBUTION'!AZ17/'Maj Production Summ'!AV18 -> 458.26913 | AW26: =+'POWER DISTRIBUTION'!BA17/'Maj Production Summ'!AW18 -> 489.41576 | AX26: =+'POWER DISTRIBUTION'!BB17/'Maj Production Summ'!AX18 -> 519.3518 | AY26: 454.78649 | AZ26: =+'POWER DISTRIBUTION'!BD17/'Maj Production Summ'!AZ18 -> 469.05453 | BA26: =+'POWER DISTRIBUTION'!BE17/'Maj Production Summ'!BA18 -> 456.82534 | BB26: =+'POWER DISTRIBUTION'!BF17/'Maj Production Summ'!BB18 -> 461.7938 | BC26: =+'POWER DISTRIBUTION'!BG17/'Maj Production Summ'!BC18 -> 302.94291 | BD26: =+'POWER DISTRIBUTION'!BH17/'Maj Production Summ'!BD18 -> 315.67909 | BE26: =+'POWER DISTRIBUTION'!BI17/'Maj Production Summ'!BE18 -> 486.14726 | BF26: =+'POWER DISTRIBUTION'!BJ17/'Maj Production Summ'!BF18 -> 514.38476 | BG26: 487.74658 | BH26: 580.20286 | BI26: 448.29125 | BJ26: 538.52024 | BK26: 565.51994
B27: Overall Sp Water Consumption | C27: M³/TCS | D27: 4.3 | E27: 4.3 | F27: 3.7175599 | G27: 4.3 | H27: 4.1764989 | I27: =+((E27*E33)+(G27*G33))/I33 -> 4.3 | J27: =+((F27*F33)+(H27*H33))/J33 -> 3.9216672 | K27: 4.3 | L27: 3.3800539 | M27: =+((I27*I33)+(K27*K33))/M33 -> 4.3 | N27: =+((J27*J33)+(L27*L33))/N33 -> 3.6397682 | O27: 4.3 | P27: 3.760987 | Q27: =+((M27*M33)+(O27*O33))/Q33 -> 4.3 | R27: =+((N27*N33)+(P27*P33))/R33 -> 3.6802607 | S27: 4.3 | T27: 3.500792 | U27: =+((Q27*Q33)+(S27*S33))/U33 -> 4.3 | V27: =+((R27*R33)+(T27*T33))/V33 -> 3.6324998 | W27: 4.3 | X27: 3.65 | Y27: =+((O27*O33)+(S27*S33)+(W27*W33))/Y33 -> 4.3 | Z27: =+((P27*P33)+(T27*T33)+(X27*X33))/Z33 -> 3.6337634 | AA27: =+((M27*M33)+(Y27*Y33))/AA33 -> 4.3 | AB27: =+((N27*N33)+(Z27*Z33))/AB33 -> 3.6360952 | AC27: 4.3 | AD27: 3.4 | AE27: =+((AA27*AA33)+(AC27*AC33))/AE33 -> 4.3 | AF27: =+((AB27*AB33)+(AD27*AD33))/AF33 -> 3.5937111 | AG27: 4.3 | AH27: 3.28 | AI27: =+((AE27*AE33)+(AG27*AG33))/AI33 -> 4.3 | AJ27: =+((AF27*AF33)+(AH27*AH33))/AJ33 -> 3.5491692 | AK27: 4.3 | AL27: 3.04 | AM27: =+((AC27*AC33)+(AG27*AG33)+(AK27*AK33))/AM33 -> 4.3 | AN27: =+((AD27*AD33)+(AH27*AH33)+(AL27*AL33))/AN33 -> 3.2372168 | AO27: =+((AI27*AI33)+(AK27*AK33))/AO33 -> 4.3 | AP27: =+((AJ27*AJ33)+(AL27*AL33))/AP33 -> 3.47972 | AQ27: 4.3 | AR27: 2.91 | AS27: =+((AO27*AO33)+(AQ27*AQ33))/AS33 -> 4.3 | AT27: =+((AP27*AP33)+(AR27*AR33))/AT33 -> 3.4099619 | AU27: 4.3 | AV27: 2.86 | AW27: =+((AS27*AS33)+(AU27*AU33))/AW33 -> 4.3 | AX27: =+((AT27*AT33)+(AV27*AV33))/AX33 -> 3.3558382 | AY27: 4.3 | AZ27: 2.99 | BA27: =+((AQ27*AQ33)+(AU27*AU33)+(AY27*AY33))/BA33 -> 4.3 | BB27: =+((AR27*AR33)+(AV27*AV33)+(AZ27*AZ33))/BB33 -> 2.9220777 | BC27: =+((AM27*AM33)+(BA27*BA33))/BC33 -> 4.3 | BD27: =+((AN27*AN33)+(BB27*BB33))/BD33 -> 3.0775908 | BE27: =+((AW27*AW33)+(AY27*AY33))/BE33 -> 4.3 | BF27: =+((AX27*AX33)+(AZ27*AZ33))/BF33 -> 3.3197104 | BG27: 4.3 | BH27: 5.0407394 | BI27: 4.6 | BJ27: 5.0056729 | BK27: 5.0192042
B28: Sp. CO2 emission | C28: T/TCS | D28: 2.45 | E28: 2.45 | F28: 4.2 | G28: 2.45 | H28: 4.09 | I28: =+((E28*E33)+(G28*G33))/I33 -> 2.45 | J28: =+((F28*F33)+(H28*H33))/J33 -> 4.1510789 | K28: 2.45 | L28: 2.44 | M28: =+((I28*I33)+(K28*K33))/M33 -> 2.45 | N28: =+((J28*J33)+(L28*L33))/N33 -> 3.2604961 | O28: 2.45 | P28: 2.43 | Q28: =+((M28*M33)+(O28*O33))/Q33 -> 2.45 | R28: 2.94 | S28: 2.45 | T28: 2.18 | U28: =+((Q28*Q33)+(S28*S33))/U33 -> 2.45 | V28: 2.74 | W28: 2.45 | X28: 2.41 | Y28: =+((O28*O33)+(S28*S33)+(W28*W33))/Y33 -> 2.45 | Z28: =+((P28*P33)+(T28*T33)+(X28*X33))/Z33 -> 2.3368611 | AA28: =+((M28*M33)+(Y28*Y33))/AA33 -> 2.45 | AB28: 2.67 | AC28: 2.45 | AD28: 2.36 | AE28: =+((AA28*AA33)+(AC28*AC33))/AE33 -> 2.45 | AF28: =+((AB28*AB33)+(AD28*AD33))/AF33+0.01 -> 2.6243485 | AG28: 2.45 | AH28: 2.3 | AI28: =+((AE28*AE33)+(AG28*AG33))/AI33 -> 2.45 | AJ28: =+((AF28*AF33)+(AH28*AH33))/AJ33-0.01 -> 2.5682962 | AK28: 2.45 | AL28: 2.32 | AM28: =+((AC28*AC33)+(AG28*AG33)+(AK28*AK33))/AM33 -> 2.45 | AN28: =+((AD28*AD33)+(AH28*AH33)+(AL28*AL33))/AN33 -> 2.327317 | AO28: =+((AI28*AI33)+(AK28*AK33))/AO33 -> 2.45 | AP28: =+((AJ28*AJ33)+(AL28*AL33))/AP33 -> 2.5344293 | AQ28: 2.45 | AR28: 2.28 | AS28: =+((AO28*AO33)+(AQ28*AQ33))/AS33 -> 2.45 | AT28: =+((AP28*AP33)+(AR28*AR33))/AT33 -> 2.5032763 | AU28: 2.45 | AV28: 2.27 | AW28: =+((AS28*AS33)+(AU28*AU33))/AW33 -> 2.45 | AX28: =+((AT28*AT33)+(AV28*AV33))/AX33 -> 2.4803188 | AY28: 2.45 | AZ28: 2.31 | BA28: =+((AQ28*AQ33)+(AU28*AU33)+(AY28*AY33))/BA33 -> 2.45 | BB28: =+((AR28*AR33)+(AV28*AV33)+(AZ28*AZ33))/BB33 -> 2.2872338 | BC28: =+((AM28*AM33)+(BA28*BA33))/BC33 -> 2.45 | BD28: =+((AN28*AN33)+(BB28*BB33))/BD33 -> 2.3070138 | BE28: =+((AW28*AW33)+(AY28*AY33))/BE33 -> 2.45 | BF28: =+((AX28*AX33)+(AZ28*AZ33))/BF33+0.01 -> 2.4734992 | BG28: 2.45 | BH28: 2.6211068 | BI28: 2.456658 | BJ28: 2.4355942 | BK28: 2.609953
B29: Sp. PM emissions | C29: kg/TCS | D29: 0.55 | E29: 0.55 | F29: 0.58 | G29: 0.55 | H29: 0.69 | I29: =+((E29*E33)+(G29*G33))/I33 -> 0.55 | J29: =+((F29*F33)+(H29*H33))/J33 -> 0.6289211 | K29: 0.55 | L29: 0.48 | M29: =+((I29*I33)+(K29*K33))/M33 -> 0.55 | N29: =+((J29*J33)+(L29*L33))/N33 -> 0.55141061 | O29: 0.55 | P29: 0.54 | Q29: =+((M29*M33)+(O29*O33))/Q33 -> 0.55 | R29: 0.55 | S29: 0.55 | T29: 0.53 | U29: =+((Q29*Q33)+(S29*S33))/U33 -> 0.55 | V29: 0.54 | W29: 0.55 | X29: 0.53 | Y29: =+((O29*O33)+(S29*S33)+(W29*W33))/Y33 -> 0.55 | Z29: =+((P29*P33)+(T29*T33)+(X29*X33))/Z33 -> 0.53318438 | AA29: =+((M29*M33)+(Y29*Y33))/AA33 -> 0.55 | AB29: =+((N29*N33)+(Z29*Z33))/AB33 -> 0.54026199 | AC29: 0.55 | AD29: 0.55 | AE29: =+((AA29*AA33)+(AC29*AC33))/AE33 -> 0.55 | AF29: =+((AB29*AB33)+(AD29*AD33))/AF33 -> 0.54201017 | AG29: 0.55 | AH29: 0.52 | AI29: =+((AE29*AE33)+(AG29*AG33))/AI33 -> 0.55 | AJ29: =+((AF29*AF33)+(AH29*AH33))/AJ33 -> 0.53888508 | AK29: 0.55 | AL29: 0.56 | AM29: =+((AC29*AC33)+(AG29*AG33)+(AK29*AK33))/AM33 -> 0.55 | AN29: =+((AD29*AD33)+(AH29*AH33)+(AL29*AL33))/AN33 -> 0.54409607 | AO29: =+((AI29*AI33)+(AK29*AK33))/AO33 -> 0.55 | AP29: =+((AJ29*AJ33)+(AL29*AL33))/AP33 -> 0.54176509 | AQ29: 0.55 | AR29: 0.51 | AS29: =+((AO29*AO33)+(AQ29*AQ33))/AS33 -> 0.55 | AT29: =+((AP29*AP33)+(AR29*AR33))/AT33 -> 0.53787568 | AU29: 0.55 | AV29: 0.55 | AW29: =+((AS29*AS33)+(AU29*AU33))/AW33 -> 0.55 | AX29: =+((AT29*AT33)+(AV29*AV33))/AX33 -> 0.53906888 | AY29: 0.55 | AZ29: 0.54 | BA29: =+((AQ29*AQ33)+(AU29*AU33)+(AY29*AY33))/BA33 -> 0.55 | BB29: =+((AR29*AR33)+(AV29*AV33)+(AZ29*AZ33))/BB33 -> 0.5326891 | BC29: =+((AM29*AM33)+(BA29*BA33))/BC33 -> 0.55 | BD29: =+((AN29*AN33)+(BB29*BB33))/BD33 -> 0.53831815 | BE29: =+((AW29*AW33)+(AY29*AY33))/BE33 -> 0.55 | BF29: =+((AX29*AX33)+(AZ29*AZ33))/BF33 -> 0.53916083 | BG29: 0.55 | BH29: 0.62328215 | BI29: 0.551124 | BJ29: 0.57147495 | BK29: 0.55061804
B30: Labour Productivity | C30: TCS/Man/Year | D30: 614.3 | E30: =+E39 -> 282.4039 | F30: =+F39 -> 303.6518 | G30: =+G39 -> 318.55975 | H30: =+H39 -> 254.4364 | I30: =+I39 -> 300.75847 | J30: =+J39 -> 278.66782 | K30: =+K39 -> 666.05997 | L30: =+L39 -> 588.69583 | ... BF30: =+BF39 -> 561.88094 | BG30: 549.90658 | BH30: 459.2495 | BI30: 562.64319 | BJ30: 490.34382 | BK30: 421.02863
B31: Average Manpower (Works) | C31: Nos. | D31: 4020 | E31: 4087 | F31: 4068 | G31: 4080 | H31: 4057 | I31: =+AVERAGE(E31,G31) -> 4083.5 | J31: =+AVERAGE(F31,H31) -> 4062.5 | K31: 4069 | L31: 4038 | M31: =+AVERAGE(E31,G31,K31) -> 4078.6667 | N31: =+AVERAGE(F31,H31,L31) -> 4054.3333 | O31: 4056 | P31: 4025 | Q31: =+AVERAGE(E31,G31,K31,O31) -> 4073 | R31: =+AVERAGE(F31,H31,L31,P31) -> 4047 | S31: 4044 | T31: 4004 | U31: =AVERAGE(E31,G31,K31,O31,S31) -> 4067.2 | V31: =AVERAGE(F31,H31,L31,P31,T31) -> 4038.4 | W31: 4026 | X31: 4004 | Y31: =+AVERAGE(O31,S31,W31) -> 4042 | Z31: =+AVERAGE(P31,T31,X31) -> 4011 | AA31: =+AVERAGE(M31,Y31) -> 4060.3333 | AB31: =+AVERAGE(N31,Z31) -> 4032.6667 | AC31: 3998 | AD31: 4006 | AE31: =+AVERAGE(E31,G31,K31,O31,S31,W31,AC31) -> 4051.4286 | AF31: =+AVERAGE(F31,H31,L31,P31,T31,X31,AD31) -> 4028.8571 | AG31: 3990 | AH31: 3995 | AI31: =+AVERAGE(E31,G31,K31,O31,S31,W31,AC31,AG31) -> 4043.75 | AJ31: =+AVERAGE(F31,H31,L31,P31,T31,X31,AD31,AH31) -> 4024.625 | AK31: 3974 | AL31: 3975 | AM31: =+AVERAGE(AC31,AG31,AK31) -> 3987.3333 | AN31: =+AVERAGE(AD31,AH31,AL31) -> 3992 | AO31: =+AVERAGE(E31,G31,K31,O31,S31,W31,AC31,AG31,AK31) -> 4036 | AP31: =+AVERAGE(F31,H31,L31,P31,T31,X31,AD31,AH31,AL31) -> 4019.1111 | AQ31: 3949 | AR31: 3945 | AS31: =+AVERAGE(E31,G31,K31,O31,S31,W31,AC31,AG31,AK31,AQ31) -> 4027.3 | AT31: =+AVERAGE(F31,H31,L31,P31,T31,X31,AD31,AH31,AL31,AR31) -> 4011.7 | AU31: 3925 | AV31: 3922 | AW31: =+AVERAGE(E31,G31,K31,O31,S31,W31,AC31,AG31,AK31,AQ31,AU31) -> 4018 | AX31: =+AVERAGE(F31,H31,L31,P31,T31,X31,AD31,AH31,AL31,AR31,AV31) -> 4003.5455 | AY31: 3917 | AZ31: 3908 | BA31: =+AVERAGE(AQ31,AU31,AY31) -> 3930.3333 | BB31: =+AVERAGE(AR31,AV31,AZ31) -> 3925 | BC31: =+AVERAGE(AM31,BA31) -> 3958.8333 | BD31: =+AVERAGE(AN31,BB31) -> 3958.5 | BE31: =+AVERAGE(E31,G31,K31,O31,S31,W31,AC31,AG31,AK31,AQ31,AU31,AY31) -> 4009.5833 | BF31: =+AVERAGE(F31,H31,L31,P31,T31,X31,AD31,AH31,AL31,AR31,AV31,AZ31) -> 3995.5833 | BG31: 4196.5983 | BH31: 4090.3027 | BI31: 4470.8033 | BJ31: 4421.3333 | BK31: 4614.4192
C33: Crude Steel | E33: ='Maj Production Summ'!E18 -> 93897 | F33: ='Maj Production Summ'!F18 -> 99859 | G33: ='Maj Production Summ'!G18 -> 97183 | H33: ='Maj Production Summ'!H18 -> 79982 | I33: =+E33+G33 -> 191080 | J33: =+F33+H33 -> 179841 | K33: ='Maj Production Summ'!K18 -> 222369 | L33: ='Maj Production Summ'!L18 -> 195203 | M33: =+I33+K33 -> 413449 | N33: =+J33+L33 -> 375044 | O33: ='Maj Production Summ'!O18 -> 229931.92 | P33: ='Maj Production Summ'!P18 -> 188123 | Q33: =+M33+O33 -> 643380.92 | R33: =+N33+P33 -> 563167 | S33: ='Maj Production Summ'!S18 -> 230119.72 | T33: ='Maj Production Summ'!T18 -> 204220 | U33: =+Q33+S33 -> 873500.64 | V33: =+R33+T33 -> 767387 | W33: ='Maj Production Summ'!W18 -> 223802.82 | X33: ='Maj Production Summ'!X18 -> 198425 | Y33: =+O33+S33+W33 -> 683854.46 | Z33: =+P33+T33+X33 -> 590768 | AA33: =+M33+Y33 -> 1097303.5 | AB33: =+N33+Z33 -> 965812 | AC33: ='Maj Production Summ'!AC18 -> 231408.45 | AD33: ='Maj Production Summ'!AD18 -> 211320 | AE33: =+AA33+AC33 -> 1328711.9 | AF33: =+AB33+AD33 -> 1177132 | AG33: ='Maj Production Summ'!AG18 -> 223802.82 | AH33: ='Maj Production Summ'!AH18 -> 194791 | AI33: =+AE33+AG33 -> 1552514.7 | AJ33: =+AF33+AH33 -> 1371923 | AK33: ='Maj Production Summ'!AK18 -> 231408 | AL33: ='Maj Production Summ'!AL18 -> 216681 | AM33: =+AC33+AG33+AK33 -> 686619.27 | AN33: =+AD33+AH33+AL33 -> 622792 | AO33: ='Maj Production Summ'!AO18 -> 1783922.7 | AP33: ='Maj Production Summ'!AP18 -> 1588604 | AQ33: ='Maj Production Summ'!AQ18 -> 231408.45 | AR33: ='Maj Production Summ'!AR18 -> 221653 | AS33: ='Maj Production Summ'!AS18 -> 2015331.2 | AT33: ='Maj Production Summ'!AT18 -> 1810257 | AU33: ='Maj Production Summ'!AU18 -> 204998.09 | AV33: ='Maj Production Summ'!AV18 -> 197600 | AW33: =+AS33+AU33 -> 2220329.3 | AX33: =+AT33+AV33 -> 2007857 | AY33: ='Maj Production Summ'!AY18 -> 231408.45 | AZ33: ='Maj Production Summ'!AZ18 -> 220010 | BA33: =+AQ33+AU33+AY33 -> 667815 | BB33: =+AR33+AV33+AZ33 -> 639263 | BC33: =+AM33+BA33 -> 1354434.3 | BD33: =+AN33+BB33 -> 1262055 | BE33: =+AW33+AY33 -> 2451737.7 | BF33: =+AX33+AZ33 -> 2227867
B34: =81-47 -> 34 | C34: Pig+Eq | E34: ='Maj Production Summ'!E24 -> 1935 | F34: ='Maj Production Summ'!F24 -> 3337.7 | G34: ='Maj Production Summ'!G24 -> 26409 | H34: ='Maj Production Summ'!H24 -> 15376.836 | I34: =+E34+G34 -> 28344 | J34: =+F34+H34 -> 18714.536 | K34: ='Maj Production Summ'!K24 -> 774 | L34: ='Maj Production Summ'!L24 -> 359 | M34: =+I34+K34 -> 29118 | N34: =+J34+L34 -> 19073.536 | O34: ='Maj Production Summ'!O24 -> 773.93075 | P34: ='Maj Production Summ'!P24 -> 1400 | Q34: =+M34+O34 -> 29891.931 | R34: =+N34+P34 -> 20473.536 | S34: ='Maj Production Summ'!S24 -> 580.44807 | T34: ='Maj Production Summ'!T24 -> 2430 | U34: =+Q34+S34 -> 30472.379 | V34: =+R34+T34 -> 22903.536 | W34: ='Maj Production Summ'!W24 -> 580.44807 | X34: ='Maj Production Summ'!X24 -> 1552 | Y34: =+O34+S34+W34 -> 1934.8269 | Z34: =+P34+T34+X34 -> 5382 | AA34: =+M34+Y34 -> 31052.827 | AB34: =+N34+Z34 -> 24455.536 | AC34: ='Maj Production Summ'!AC24 -> 580.44807 | AD34: ='Maj Production Summ'!AD24 -> 4319 | AE34: =+AA34+AC34 -> 31633.275 | AF34: =+AB34+AD34 -> 28774.536 | AG34: ='Maj Production Summ'!AG24 -> 580.44807 | AH34: ='Maj Production Summ'!AH24 -> 1081 | AI34: =+AE34+AG34 -> 32213.723 | AJ34: =+AF34+AH34 -> 29855.536 | AK34: ='Maj Production Summ'!AK24 -> 580.44807 | AL34: ='Maj Production Summ'!AL24 -> 806.80138 | AM34: =+AC34+AG34+AK34 -> 1741.3442 | AN34: =+AD34+AH34+AL34 -> 6206.8014 | AO34: ='Maj Production Summ'!AO24 -> 32794.171 | AP34: ='Maj Production Summ'!AP24 -> 30662.338 | AQ34: ='Maj Production Summ'!AQ24 -> 580.44807 | AR34: ='Maj Production Summ'!AR24 -> 0 | AS34: ='Maj Production Summ'!AS24 -> 33374.619 | AT34: ='Maj Production Summ'!AT24 -> 30662.338 | AU34: ='Maj Production Summ'!AU24 -> 580.44807 | AV34: ='Maj Production Summ'!AV24 -> 385 | AW34: =+AS34+AU34 -> 33955.067 | AX34: =+AT34+AV34 -> 31047.338 | AY34: ='Maj Production Summ'!AY24 -> 580.44807 | AZ34: ='Maj Production Summ'!AZ24 -> 3302.8995 | BA34: =+AQ34+AU34+AY34 -> 1741.3442 | BB34: =+AR34+AV34+AZ34 -> 3687.8995 | BC34: =+AM34+BA34 -> 3482.6884 | BD34: =+AN34+BB34 -> 9894.7008 | BE34: =+AW34+AY34 -> 34535.515 | BF34: =+AX34+AZ34 -> 34350.237
C35: 50% of Pig Eq | E35: =+E34/2 -> 967.5 | F35: =+F34/2 -> 1668.85 | G35: =+G34/2 -> 13204.5 | H35: =+H34/2 -> 7688.4182 | I35: =+E35+G35 -> 14172 | J35: =+F35+H35 -> 9357.2682 | K35: =+K34/2 -> 387 | L35: =+L34/2 -> 179.5 | M35: =+I35+K35 -> 14559 | N35: =+J35+L35 -> 9536.7682 | O35: =+O34/2 -> 386.96538 | P35: =+P34/2 -> 700 | Q35: =+M35+O35 -> 14945.965 | R35: =+N35+P35 -> 10236.768 | S35: =+S34/2 -> 290.22403 | T35: =+T34/2 -> 1215 | U35: =+Q35+S35 -> 15236.189 | V35: =+R35+T35 -> 11451.768 | W35: =+W34/2 -> 290.22403 | X35: =+X34/2 -> 776 | Y35: =+O35+S35+W35 -> 967.41344 | Z35: =+P35+T35+X35 -> 2691 | AA35: =+M35+Y35 -> 15526.413 | AB35: =+N35+Z35 -> 12227.768 | AC35: =+AC34/2 -> 290.22403 | AD35: =+AD34/2 -> 2159.5 | AE35: =+AA35+AC35 -> 15816.637 | AF35: =+AB35+AD35 -> 14387.268 | AG35: =+AG34/2 -> 290.22403 | AH35: =+AH34/2 -> 540.5 | AI35: =+AE35+AG35 -> 16106.862 | AJ35: =+AF35+AH35 -> 14927.768 | AK35: =+AK34/2 -> 290.22403 | AL35: =+AL34/2 -> 403.40069 | AM35: =+AC35+AG35+AK35 -> 870.6721 | AN35: =+AD35+AH35+AL35 -> 3103.4007 | AO35: =+AO34/2 -> 16397.086 | AP35: =+AP34/2 -> 15331.169 | AQ35: =+AQ34/2 -> 290.22403 | AR35: =+AR34/2 -> 0 | AS35: =+AS34/2 -> 16687.31 | AT35: =+AT34/2 -> 15331.169 | AU35: =+AU34/2 -> 290.22403 | AV35: =+AV34/2 -> 192.5 | AW35: =+AS35+AU35 -> 16977.534 | AX35: =+AT35+AV35 -> 15523.669 | AY35: =+AY34/2 -> 290.22403 | AZ35: =+AZ34/2 -> 1651.4497 | BA35: =+AQ35+AU35+AY35 -> 870.6721 | BB35: =+AR35+AV35+AZ35 -> 1843.9497 | BC35: =+AM35+BA35 -> 1741.3442 | BD35: =+AN35+BB35 -> 4947.3504 | BE35: =+AW35+AY35 -> 17267.758 | BF35: =+AX35+AZ35 -> 17175.119
C36: CS+50%Pig Eq | E36: =+E33+E35 -> 94864.5 | F36: =+F33+F35 -> 101527.85 | G36: =+G33+G35 -> 110387.5 | H36: =+H33+H35 -> 87670.418 | I36: =+E36+G36 -> 205252 | J36: =+F36+H36 -> 189198.27 | K36: =+K33+K35 -> 222756 | L36: =+L33+L35 -> 195382.5 | M36: =+I36+K36 -> 428008 | N36: =+J36+L36 -> 384580.77 | O36: =+O33+O35 -> 230318.89 | P36: =+P33+P35 -> 188823 | Q36: =+M36+O36 -> 658326.89 | R36: =+N36+P36 -> 573403.77 | S36: =+S33+S35 -> 230409.94 | T36: =+T33+T35 -> 205435 | U36: =+Q36+S36 -> 888736.83 | V36: =+R36+T36 -> 778838.77 | W36: =+W33+W35 -> 224093.04 | X36: =+X33+X35 -> 199201 | Y36: =+O36+S36+W36 -> 684821.87 | Z36: =+P36+T36+X36 -> 593459 | AA36: =+M36+Y36 -> 1112829.9 | AB36: =+N36+Z36 -> 978039.77 | AC36: =+AC33+AC35 -> 231698.67 | AD36: =+AD33+AD35 -> 213479.5 | AE36: =+AA36+AC36 -> 1344528.5 | AF36: =+AB36+AD36 -> 1191519.3 | AG36: =+AG33+AG35 -> 224093.04 | AH36: =+AH33+AH35 -> 195331.5 | AI36: =+AE36+AG36 -> 1568621.6 | AJ36: =+AF36+AH36 -> 1386850.8 | AK36: =+AK33+AK35 -> 231698.22 | AL36: =+AL33+AL35 -> 217084.4 | AM36: =+AC36+AG36+AK36 -> 687489.94 | AN36: =+AD36+AH36+AL36 -> 625895.4 | AO36: =+AO33+AO35 -> 1800319.8 | AP36: =+AP33+AP35 -> 1603935.2 | AQ36: =+AQ33+AQ35 -> 231698.67 | AR36: =+AR33+AR35 -> 221653 | AS36: =+AS33+AS35 -> 2032018.5 | AT36: =+AT33+AT35 -> 1825588.2 | AU36: =+AU33+AU35 -> 205288.32 | AV36: =+AV33+AV35 -> 197792.5 | AW36: =+AS36+AU36 -> 2237306.8 | AX36: =+AT36+AV36 -> 2023380.7 | AY36: =+AY33+AY35 -> 231698.67 | AZ36: =+AZ33+AZ35 -> 221661.45 | BA36: =+AQ36+AU36+AY36 -> 668685.67 | BB36: =+AR36+AV36+AZ36 -> 641106.95 | BC36: =+AM36+BA36 -> 1356175.6 | BD36: =+AN36+BB36 -> 1267002.4 | BE36: =+AW36+AY36 -> 2469005.5 | BF36: =+AX36+AZ36 -> 2245042.1
E39: =+E36/(E31/365*E2) -> 282.4039 | F39: =+F36/(F31/365*F2) -> 303.6518 | G39: =+G36/(G31/365*G2) -> 318.55975 | H39: =+H36/(H31/365*H2) -> 254.4364 | I39: =+I36/(I31/365*I2) -> 300.75847 | J39: =+J36/(J31/365*J2) -> 278.66782 | K39: =+K36/(K31/365*K2) -> 666.05997 | L39: =+L36/(L31/365*L2) -> 588.69583 | ... BF39: =+BF36/(BF31/365*BF2) -> 561.88094
B43: Hot metal consumed in BOF | C43: MT | E43: 100000 | F43: 106021.21 | G43: 103500 | H43: 83952 | I43: =+E43+G43 -> 203500 | J43: =+F43+H43 -> 189973.21 | K43: 236822.5 | L43: 205955 | M43: =+E43+G43+K43 -> 440322.5 | N43: =+F43+H43+L43 -> 395928.21 | O43: 244877.5 | P43: 199304 | Q43: =+M43+O43 -> 685200 | R43: =+N43+P43 -> 595232.21 | S43: 245077.5 | T43: 218207 | U43: =+Q43+S43 -> 930277.5 | V43: =+R43+T43 -> 813439.21 | W43: 238350 | X43: 211502 | Y43: =+O43+S43+W43 -> 728305 | Z43: =+P43+T43+X43 -> 629013 | AA43: =+M43+Y43 -> 1168627.5 | AB43: =+N43+Z43 -> 1024941.2 | AC43: 246450 | AD43: 226644 | AE43: =+AA43+AC43 -> 1415077.5 | AF43: =+AB43+AD43 -> 1251585.2 | AG43: 238350 | AH43: 206015 | AI43: =+AE43+AG43 -> 1653427.5 | AJ43: =+AF43+AH43 -> 1457600.2 | AK43: 246450 | AL43: 228959 | AM43: =+AC43+AG43+AK43 -> 731250 | AN43: =+AD43+AH43+AL43 -> 661618 | AO43: =+AI43+AK43 -> 1899877.5 | AP43: =+AJ43+AL43 -> 1686559.2 | AQ43: 246450 | AR43: 235145 | AS43: =+AO43+AQ43 -> 2146327.5 | AT43: =+AP43+AR43 -> 1921704.2 | AU43: 218322.97 | AV43: 210316 | AW43: =+AS43+AU43 -> 2364650.5 | AX43: =+AT43+AV43 -> 2132020.2 | AY43: 246450 | AZ43: 234103 | BA43: =+AQ43+AU43+AY43 -> 711222.97 | BB43: =+AR43+AV43+AZ43 -> 679564 | BC43: =+AM43+BA43 -> 1442473 | BD43: =+AN43+BB43 -> 1341182 | BE43: =+AW43+AY43 -> 2611100.5 | BF43: =+AX43+AZ43 -> 2366123.2
B44: Total Scrap Charged | C44: MT | E44: =+(50*E33)/1000 -> 4694.85 | F44: 4737.3 | G44: =+(50*G33)/1000 -> 4859.15 | H44: 4568.2 | I44: =+E44+G44 -> 9554 | J44: =+F44+H44 -> 9305.5 | K44: =+(50*K33)/1000 -> 11118.45 | L44: 10235 | M44: =+E44+G44+K44 -> 20672.45 | N44: =+F44+H44+L44 -> 19540.5 | O44: =+(50*O33)/1000 -> 11496.596 | P44: 8652 | Q44: =+M44+O44 -> 32169.046 | R44: =+N44+P44 -> 28192.5 | S44: =+(50*S33)/1000 -> 11505.986 | T44: 8884 | U44: =+Q44+S44 -> 43675.032 | V44: =+R44+T44 -> 37076.5 | W44: =+(50*W33)/1000 -> 11190.141 | X44: 8270 | Y44: =+O44+S44+W44 -> 34192.723 | Z44: =+P44+T44+X44 -> 25806 | AA44: =+M44+Y44 -> 54865.173 | AB44: =+N44+Z44 -> 45346.5 | AC44: =+(50*AC33)/1000 -> 11570.423 | AD44: 7323 | AE44: =+AA44+AC44 -> 66435.596 | AF44: =+AB44+AD44 -> 52669.5 | AG44: =+(50*AG33)/1000 -> 11190.141 | AH44: 9758 | AI44: =+AE44+AG44 -> 77625.736 | AJ44: =+AF44+AH44 -> 62427.5 | AK44: =+(50*AK33)/1000 -> 11570.4 | AL44: 11098 | AM44: =+AC44+AG44+AK44 -> 34330.963 | AN44: =+AD44+AH44+AL44 -> 28179 | AO44: =+AI44+AK44 -> 89196.136 | AP44: =+AJ44+AL44 -> 73525.5 | AQ44: =+(50*AQ33)/1000 -> 11570.423 | AR44: 10358.72 | AS44: =+AO44+AQ44 -> 100766.56 | AT44: =+AP44+AR44 -> 83884.22 | AU44: =+(50*AU33)/1000 -> 10249.905 | AV44: 8406 | AW44: =+AS44+AU44 -> 111016.46 | AX44: =+AT44+AV44 -> 92290.22 | AY44: =+(50*AY33)/1000 -> 11570.423 | AZ44: 9325.54 | BA44: =+AQ44+AU44+AY44 -> 33390.75 | BB44: =+AR44+AV44+AZ44 -> 28090.26 | BC44: =+AM44+BA44 -> 67721.713 | BD44: =+AN44+BB44 -> 56269.26 | BE44: =+AW44+AY44 -> 122586.89 | BF44: =+AX44+AZ44 -> 101615.76
B45: Fe-Mn | C45: MT | E45: =+(E51*'Maj Production Summ'!E$18)/1000 -> 244.26178 | F45: 193 | G45: =+(G51*'Maj Production Summ'!G$18)/1000 -> 252.80991 | H45: 103 | I45: =+E45+G45 -> 497.07169 | J45: =+F45+H45 -> 296 | K45: =+(K51*'Maj Production Summ'!K$18)/1000 -> 578.46627 | L45: 356 | M45: =+E45+G45+K45 -> 1075.538 | N45: =+F45+H45+L45 -> 652 | O45: =+(O51*'Maj Production Summ'!O$18)/1000 -> 598.14031 | P45: 390 | Q45: =+M45+O45 -> 1673.6783 | R45: =+N45+P45 -> 1042 | S45: =+(S51*'Maj Production Summ'!S$18)/1000 -> 598.62883 | T45: 379 | U45: =+Q45+S45 -> 2272.3071 | V45: =+R45+T45 -> 1421 | W45: =+(W51*'Maj Production Summ'!W$18)/1000 -> 582.19617 | X45: 376 | Y45: =+O45+S45+W45 -> 1778.9653 | Z45: =+P45+T45+X45 -> 1145 | AA45: =+M45+Y45 -> 2854.5033 | AB45: =+N45+Z45 -> 1797 | AC45: =+(AC51*'Maj Production Summ'!AC$18)/1000 -> 601.98132 | AD45: 413 | AE45: =+AA45+AC45 -> 3456.4846 | AF45: =+AB45+AD45 -> 2210 | AG45: =+(AG51*'Maj Production Summ'!AG$18)/1000 -> 582.19617 | AH45: 293.38 | AI45: =+AE45+AG45 -> 4038.6808 | AJ45: =+AF45+AH45 -> 2503.38 | AK45: =+(AK51*'Maj Production Summ'!AK$18)/1000 -> 601.98014 | AL45: 505 | AM45: =+AC45+AG45+AK45 -> 1786.1576 | AN45: =+AD45+AH45+AL45 -> 1211.38 | AO45: =+AI45+AK45 -> 4640.6609 | AP45: =+AJ45+AL45 -> 3008.38 | AQ45: =+(AQ51*'Maj Production Summ'!AQ$18)/1000 -> 601.98132 | AR45: 425 | AS45: =+AO45+AQ45 -> 5242.6422 | AT45: =+AP45+AR45 -> 3433.38 | AU45: =+(AU51*'Maj Production Summ'!AU$18)/1000 -> 533.27794 | AV45: 286.62 | AW45: =+AS45+AU45 -> 5775.9202 | AX45: =+AT45+AV45 -> 3720 | AY45: =+(AY51*'Maj Production Summ'!AY$18)/1000 -> 601.98132 | AZ45: 416 | BA45: =+AQ45+AU45+AY45 -> 1737.2406 | BB45: =+AR45+AV45+AZ45 -> 1127.62 | BC45: =+AM45+BA45 -> 3523.3982 | BD45: =+AN45+BB45 -> 2339 | BE45: =+AW45+AY45 -> 6377.9015 | BF45: =+AX45+AZ45 -> 4136
B46: LCFeMn | C46: MT | F46: 72 | H46: 34.72 | I46: =+E46+G46 -> 0 | J46: =+F46+H46 -> 106.72 | L46: 67 | M46: =+E46+G46+K46 -> 0 | N46: =+F46+H46+L46 -> 173.72 | P46: 110 | Q46: =+M46+O46 -> 0 | R46: =+N46+P46 -> 283.72 | T46: =84+25 -> 109 | U46: =+Q46+S46 -> 0 | V46: =+R46+T46 -> 392.72 | X46: 79 | Y46: =+O46+S46+W46 -> 0 | Z46: =+P46+T46+X46 -> 298 | AA46: =+M46+Y46 -> 0 | AB46: =+N46+Z46 -> 471.72 | AD46: 58.56 | AE46: =+AA46+AC46 -> 0 | AF46: =+AB46+AD46 -> 530.28 | AH46: 120.66 | AI46: =+AE46+AG46 -> 0 | AJ46: =+AF46+AH46 -> 650.94 | AL46: =57+18.4 -> 75.4 | AM46: =+AC46+AG46+AK46 -> 0 | AN46: =+AD46+AH46+AL46 -> 254.62 | AO46: =+AI46+AK46 -> 0 | AP46: =+AJ46+AL46 -> 726.34 | AR46: 81.3 | AS46: =+AO46+AQ46 -> 0 | AT46: =+AP46+AR46 -> 807.64 | AV46: 59.5 | AW46: =+AS46+AU46 -> 0 | AX46: =+AT46+AV46 -> 867.14 | AZ46: 101.2 | BA46: =+AQ46+AU46+AY46 -> 0 | BB46: =+AR46+AV46+AZ46 -> 242 | BC46: =+AM46+BA46 -> 0 | BD46: =+AN46+BB46 -> 496.62 | BE46: =+AW46+AY46 -> 0 | BF46: =+AX46+AZ46 -> 968.34
B47: Total Fe-Mn | C47: MT | E47: =SUM(E45:E46) -> 244.26178 | F47: =SUM(F45:F46) -> 265 | G47: =SUM(G45:G46) -> 252.80991 | H47: =SUM(H45:H46) -> 137.72 | I47: =SUM(I45:I46) -> 497.07169 | J47: =SUM(J45:J46) -> 402.72 | K47: =SUM(K45:K46) -> 578.46627 | L47: =SUM(L45:L46) -> 423 | ... BF47: =SUM(BF45:BF46) -> 5104.34
B48: Si-Mn | C48: MT | E48: =+(E54*'Maj Production Summ'!E$18)/1000 -> 1533.0009 | F48: 1451 | G48: =+(G54*'Maj Production Summ'!G$18)/1000 -> 1586.6495 | H48: 1265 | I48: =+E48+G48 -> 3119.6504 | J48: =+F48+H48 -> 2716 | K48: =+(K54*'Maj Production Summ'!K$18)/1000 -> 3630.4875 | L48: 2947 | M48: =+E48+G48+K48 -> 6750.1379 | N48: =+F48+H48+L48 -> 5663 | O48: =+(O54*'Maj Production Summ'!O$18)/1000 -> 3753.9629 | P48: 3114 | Q48: =+M48+O48 -> 10504.101 | R48: =+N48+P48 -> 8777 | S48: =+(S54*'Maj Production Summ'!S$18)/1000 -> 3757.0289 | T48: 3108 | U48: =+Q48+S48 -> 14261.13 | V48: =+R48+T48 -> 11885 | W48: =+(W54*'Maj Production Summ'!W$18)/1000 -> 3653.8965 | X48: 2762 | Y48: =+O48+S48+W48 -> 11164.888 | Z48: =+P48+T48+X48 -> 8984 | AA48: =+M48+Y48 -> 17915.026 | AB48: =+N48+Z48 -> 14647 | AC48: =+(AC54*'Maj Production Summ'!AC$18)/1000 -> 3778.0692 | AD48: 3502 | AE48: =+AA48+AC48 -> 21693.095 | AF48: =+AB48+AD48 -> 18149 | AG48: =+(AG54*'Maj Production Summ'!AG$18)/1000 -> 3653.8965 | AH48: 3014 | AI48: =+AE48+AG48 -> 25346.992 | AJ48: =+AF48+AH48 -> 21163 | AK48: =+(AK54*'Maj Production Summ'!AK$18)/1000 -> 3778.0619 | AL48: 3643 | AM48: =+AC48+AG48+AK48 -> 11210.028 | AN48: =+AD48+AH48+AL48 -> 10159 | AO48: =+AI48+AK48 -> 29125.054 | AP48: =+AJ48+AL48 -> 24806 | AQ48: =+(AQ54*'Maj Production Summ'!AQ$18)/1000 -> 3778.0692 | AR48: 4057 | AS48: =+AO48+AQ48 -> 32903.123 | AT48: =+AP48+AR48 -> 28863 | AU48: =+(AU54*'Maj Production Summ'!AU$18)/1000 -> 3346.8829 | AV48: 3594 | AW48: =+AS48+AU48 -> 36250.006 | AX48: =+AT48+AV48 -> 32457 | AY48: =+(AY54*'Maj Production Summ'!AY$18)/1000 -> 3778.0692 | AZ48: 3890 | BA48: =+AQ48+AU48+AY48 -> 10903.021 | BB48: =+AR48+AV48+AZ48 -> 11541 | BC48: =+AM48+BA48 -> 22113.049 | BD48: =+AN48+BB48 -> 21700 | BE48: =+AW48+AY48 -> 40028.075 | BF48: =+AX48+AZ48 -> 36347
B49: Fe-Si | C49: MT | E49: =+(E55*'Maj Production Summ'!E$18)/1000 -> 284.50791 | F49: 210 | G49: =+(G55*'Maj Production Summ'!G$18)/1000 -> 294.46449 | H49: 170 | I49: =+E49+G49 -> 578.9724 | J49: =+F49+H49 -> 380 | K49: =+(K55*'Maj Production Summ'!K$18)/1000 -> 673.77807 | L49: 433 | M49: =+E49+G49+K49 -> 1252.7505 | N49: =+F49+H49+L49 -> 813 | O49: =+(O55*'Maj Production Summ'!O$18)/1000 -> 696.69373 | P49: 423 | Q49: =+M49+O49 -> 1949.4442 | R49: =+N49+P49 -> 1236 | S49: =+(S55*'Maj Production Summ'!S$18)/1000 -> 697.26275 | T49: 473 | U49: =+Q49+S49 -> 2646.7069 | V49: =+R49+T49 -> 1709 | W49: =+(W55*'Maj Production Summ'!W$18)/1000 -> 678.12254 | X49: 494 | Y49: =+O49+S49+W49 -> 2072.079 | Z49: =+P49+T49+X49 -> 1390 | AA49: =+M49+Y49 -> 3324.8295 | AB49: =+N49+Z49 -> 2203 | AC49: =+(AC55*'Maj Production Summ'!AC$18)/1000 -> 701.16761 | AD49: 485 | AE49: =+AA49+AC49 -> 4025.9971 | AF49: =+AB49+AD49 -> 2688 | AG49: =+(AG55*'Maj Production Summ'!AG$18)/1000 -> 678.12254 | AH49: 508 | AI49: =+AE49+AG49 -> 4704.1196 | AJ49: =+AF49+AH49 -> 3196 | AK49: =+(AK55*'Maj Production Summ'!AK$18)/1000 -> 701.16624 | AL49: 451 | AM49: =+AC49+AG49+AK49 -> 2080.4564 | AN49: =+AD49+AH49+AL49 -> 1444 | AO49: =+AI49+AK49 -> 5405.2859 | AP49: =+AJ49+AL49 -> 3647 | AQ49: =+(AQ55*'Maj Production Summ'!AQ$18)/1000 -> 701.16761 | AR49: 540 | AS49: =+AO49+AQ49 -> 6106.4535 | AT49: =+AP49+AR49 -> 4187 | AU49: =+(AU55*'Maj Production Summ'!AU$18)/1000 -> 621.14422 | AV49: 453 | AW49: =+AS49+AU49 -> 6727.5977 | AX49: =+AT49+AV49 -> 4640 | AY49: =+(AY55*'Maj Production Summ'!AY$18)/1000 -> 701.16761 | AZ49: 552 | BA49: =+AQ49+AU49+AY49 -> 2023.4794 | BB49: =+AR49+AV49+AZ49 -> 1545 | BC49: =+AM49+BA49 -> 4103.9358 | BD49: =+AN49+BB49 -> 2989 | BE49: =+AW49+AY49 -> 7428.7653 | BF49: =+AX49+AZ49 -> 5192
B51: Fe-Mn | C51: Kg/TCS | E51: 2.60138 | F51: =+(F45/'Maj Production Summ'!F$18)*1000 -> 1.9327251 | G51: 2.60138 | H51: =+(H45/'Maj Production Summ'!H$18)*1000 -> 1.2877898 | I51: =+(I45/'Maj Production Summ'!I$18)*1000 -> 2.60138 | J51: =+(J45/'Maj Production Summ'!$J$18)*1000 -> 1.6458983 | K51: 2.60138 | L51: =+(L45/'Maj Production Summ'!L$18)*1000 -> 1.8237425 | M51: =+(M45/'Maj Production Summ'!M$18)*1000 -> 2.60138 | N51: =+(N45/'Maj Production Summ'!N$18)*1000 -> 1.7384627 | O51: 2.60138 | P51: =+(P45/'Maj Production Summ'!P$18)*1000 -> 2.0731117 | Q51: =+(Q45/'Maj Production Summ'!Q$18)*1000 -> 2.60138 | R51: =+(R45/'Maj Production Summ'!R$18)*1000 -> 1.8502505 | S51: 2.60138 | T51: =+(T45/'Maj Production Summ'!T$18)*1000 -> 1.8558417 | U51: =+(U45/'Maj Production Summ'!U$18)*1000 -> 2.60138 | V51: =+(V45/'Maj Production Summ'!V$18)*1000 -> 1.8517384 | W51: 2.60138 | X51: =+(X45/'Maj Production Summ'!X$18)*1000 -> 1.8949225 | Y51: =+(Y45/'Maj Production Summ'!Y$18)*1000 -> 2.60138 | Z51: =+(Z45/'Maj Production Summ'!Z$18)*1000 -> 1.9381551 | AA51: =+(AA45/'Maj Production Summ'!AA$18)*1000 -> 2.60138 | AB51: =+(AB45/'Maj Production Summ'!AB$18)*1000 -> 1.8606106 | AC51: 2.60138 | AD51: =+(AD45/'Maj Production Summ'!AD$18)*1000 -> 1.954382 | AE51: =+(AE45/'Maj Production Summ'!AE$18)*1000 -> 2.60138 | AF51: =+(AF45/'Maj Production Summ'!AF$18)*1000 -> 1.8774445 | AG51: 2.60138 | AH51: =+(AH45/'Maj Production Summ'!AH$18)*1000 -> 1.5061271 | AI51: =+(AI45/'Maj Production Summ'!AI$18)*1000 -> 2.60138 | AJ51: =+(AJ45/'Maj Production Summ'!AJ$18)*1000 -> 1.8247234 | AK51: 2.60138 | AL51: =+(AL45/'Maj Production Summ'!AL$18)*1000 -> 2.3306151 | AM51: =+(AM45/'Maj Production Summ'!AM$18)*1000 -> 2.60138 | AN51: =+(AN45/'Maj Production Summ'!AN$18)*1000 -> 1.9450796 | AO51: =+(AO45/'Maj Production Summ'!AO$18)*1000 -> 2.60138 | AP51: =+(AP45/'Maj Production Summ'!AP$18)*1000 -> 1.8937256 | AQ51: 2.60138 | AR51: =+(AR45/'Maj Production Summ'!AR$18)*1000 -> 1.9174114 | AS51: =+(AS45/'Maj Production Summ'!AS$18)*1000 -> 2.60138 | AT51: =+(AT45/'Maj Production Summ'!AT$18)*1000 -> 1.8966257 | AU51: 2.60138 | AV51: =+(AV45/'Maj Production Summ'!AV$18)*1000 -> 1.4505061 | AW51: =+(AW45/'Maj Production Summ'!AW$18)*1000 -> 2.60138 | AX51: =+(AX45/'Maj Production Summ'!AX$18)*1000 -> 1.8527216 | AY51: 2.60138 | AZ51: =+(AZ45/'Maj Production Summ'!AZ$18)*1000 -> 1.8908231 | BA51: =+(BA45/'Maj Production Summ'!BA$18)*1000 -> 2.60138 | BB51: =+(BB45/'Maj Production Summ'!BB$18)*1000 -> 1.7639375 | BC51: =+(BC45/'Maj Production Summ'!BC$18)*1000 -> 2.60138 | BD51: =+(BD45/'Maj Production Summ'!BD$18)*1000 -> 1.8533265 | BE51: =+(BE45/'Maj Production Summ'!BE$18)*1000 -> 2.60138 | BF51: =+(BF45/'Maj Production Summ'!BF$18)*1000 -> 1.8564843
B52: LCFeMn | C52: Kg/TCS | F52: =+(F46/'Maj Production Summ'!F$18)*1000 -> 0.72101663 | G52: 0 | H52: =+(H46/'Maj Production Summ'!H$18)*1000 -> 0.43409767 | I52: =+(I46/'Maj Production Summ'!I$18)*1000 -> 0 | J52: =+(J46/'Maj Production Summ'!$J$18)*1000 -> 0.59341307 | K52: 0 | L52: =+(L46/'Maj Production Summ'!L$18)*1000 -> 0.34323243 | M52: =+(M46/'Maj Production Summ'!M$18)*1000 -> 0 | N52: =+(N46/'Maj Production Summ'!N$18)*1000 -> 0.46319898 | O52: 0 | P52: =+(P46/'Maj Production Summ'!P$18)*1000 -> 0.58472382 | Q52: =+(Q46/'Maj Production Summ'!Q$18)*1000 -> 0 | R52: =+(R46/'Maj Production Summ'!R$18)*1000 -> 0.50379372 | S52: 0 | T52: =+(T46/'Maj Production Summ'!T$18)*1000 -> 0.53373813 | U52: =+(U46/'Maj Production Summ'!U$18)*1000 -> 0 | V52: =+(V46/'Maj Production Summ'!V$18)*1000 -> 0.51176264 | W52: 0 | X52: =+(X46/'Maj Production Summ'!X$18)*1000 -> 0.39813532 | Y52: =+(Y46/'Maj Production Summ'!Y$18)*1000 -> 0 | Z52: =+(Z46/'Maj Production Summ'!Z$18)*1000 -> 0.50442813 | AA52: =+(AA46/'Maj Production Summ'!AA$18)*1000 -> 0 | AB52: =+(AB46/'Maj Production Summ'!AB$18)*1000 -> 0.48841804 | AC52: 0 | AD52: =+(AD46/'Maj Production Summ'!AD$18)*1000 -> 0.27711528 | AE52: =+(AE46/'Maj Production Summ'!AE$18)*1000 -> 0 | AF52: =+(AF46/'Maj Production Summ'!AF$18)*1000 -> 0.45048474 | AG52: 0 | AH52: =+(AH46/'Maj Production Summ'!AH$18)*1000 -> 0.61943314 | AI52: =+(AI46/'Maj Production Summ'!AI$18)*1000 -> 0 | AJ52: =+(AJ46/'Maj Production Summ'!AJ$18)*1000 -> 0.47447269 | AK52: 0 | AL52: =+(AL46/'Maj Production Summ'!AL$18)*1000 -> 0.34797698 | AM52: =+(AM46/'Maj Production Summ'!AM$18)*1000 -> 0 | AN52: =+(AN46/'Maj Production Summ'!AN$18)*1000 -> 0.40883634 | AO52: =+(AO46/'Maj Production Summ'!AO$18)*1000 -> 0 | AP52: =+(AP46/'Maj Production Summ'!AP$18)*1000 -> 0.45721904 | AQ52: 0 | AR52: =+(AR46/'Maj Production Summ'!AR$18)*1000 -> 0.36678953 | AS52: =+(AS46/'Maj Production Summ'!AS$18)*1000 -> 0 | AT52: =+(AT46/'Maj Production Summ'!AT$18)*1000 -> 0.4461466 | AU52: 0 | AV52: =+(AV46/'Maj Production Summ'!AV$18)*1000 -> 0.30111336 | AW52: =+(AW46/'Maj Production Summ'!AW$18)*1000 -> 0 | AX52: =+(AX46/'Maj Production Summ'!AX$18)*1000 -> 0.43187339 | AY52: 0 | AZ52: =+(AZ46/'Maj Production Summ'!AZ$18)*1000 -> 0.45997909 | BA52: =+(BA46/'Maj Production Summ'!BA$18)*1000 -> 0 | BB52: =+(BB46/'Maj Production Summ'!BB$18)*1000 -> 0.37856094 | BC52: =+(BC46/'Maj Production Summ'!BC$18)*1000 -> 0 | BD52: =+(BD46/'Maj Production Summ'!BD$18)*1000 -> 0.39350108 | BE52: =+(BE46/'Maj Production Summ'!BE$18)*1000 -> 0 | BF52: =+(BF46/'Maj Production Summ'!BF$18)*1000 -> 0.43464893
B53: Total Fe-Mn | C53: Kg/TCS | E53: =SUM(E51:E52) -> 2.60138 | F53: =SUM(F51:F52) -> 2.6537418 | G53: =SUM(G51:G52) -> 2.60138 | H53: =SUM(H51:H52) -> 1.7218874 | I53: =SUM(I51:I52) -> 2.60138 | J53: =SUM(J51:J52) -> 2.2393114 | K53: =SUM(K51:K52) -> 2.60138 | L53: =SUM(L51:L52) -> 2.1669749 | ... BF53: =SUM(BF51:BF52) -> 2.2911332
B54: Si-Mn | C54: Kg/TCS | E54: 16.32641 | F54: =+(F48/'Maj Production Summ'!F$18)*1000 -> 14.530488 | G54: 16.32641 | H54: =+(H48/'Maj Production Summ'!H$18)*1000 -> 15.816059 | I54: =+(I48/'Maj Production Summ'!I$18)*1000 -> 16.32641 | J54: =+(J48/'Maj Production Summ'!$J$18)*1000 -> 15.102229 | K54: 16.32641 | L54: =+(L48/'Maj Production Summ'!L$18)*1000 -> 15.097104 | M54: =+(M48/'Maj Production Summ'!M$18)*1000 -> 16.32641 | N54: =+(N48/'Maj Production Summ'!N$18)*1000 -> 15.099562 | O54: 16.32641 | P54: =+(P48/'Maj Production Summ'!P$18)*1000 -> 16.553 | Q54: =+(Q48/'Maj Production Summ'!Q$18)*1000 -> 16.32641 | R54: =+(R48/'Maj Production Summ'!R$18)*1000 -> 15.585075 | S54: 16.32641 | T54: =+(T48/'Maj Production Summ'!T$18)*1000 -> 15.218882 | U54: =+(U48/'Maj Production Summ'!U$18)*1000 -> 16.32641 | V54: =+(V48/'Maj Production Summ'!V$18)*1000 -> 15.487622 | W54: 16.32641 | X54: =+(X48/'Maj Production Summ'!X$18)*1000 -> 13.919617 | Y54: =+(Y48/'Maj Production Summ'!Y$18)*1000 -> 16.32641 | Z54: =+(Z48/'Maj Production Summ'!Z$18)*1000 -> 15.207323 | AA54: =+(AA48/'Maj Production Summ'!AA$18)*1000 -> 16.32641 | AB54: =+(AB48/'Maj Production Summ'!AB$18)*1000 -> 15.165477 | AC54: 16.32641 | AD54: =+(AD48/'Maj Production Summ'!AD$18)*1000 -> 16.572023 | AE54: =+(AE48/'Maj Production Summ'!AE$18)*1000 -> 16.32641 | AF54: =+(AF48/'Maj Production Summ'!AF$18)*1000 -> 15.417982 | AG54: 16.32641 | AH54: =+(AH48/'Maj Production Summ'!AH$18)*1000 -> 15.472994 | AI54: =+(AI48/'Maj Production Summ'!AI$18)*1000 -> 16.32641 | AJ54: =+(AJ48/'Maj Production Summ'!AJ$18)*1000 -> 15.425793 | AK54: 16.32641 | AL54: =+(AL48/'Maj Production Summ'!AL$18)*1000 -> 16.812734 | AM54: =+(AM48/'Maj Production Summ'!AM$18)*1000 -> 16.32641 | AN54: =+(AN48/'Maj Production Summ'!AN$18)*1000 -> 16.312027 | AO54: =+(AO48/'Maj Production Summ'!AO$18)*1000 -> 16.32641 | AP54: =+(AP48/'Maj Production Summ'!AP$18)*1000 -> 15.614968 | AQ54: 16.32641 | AR54: =+(AR48/'Maj Production Summ'!AR$18)*1000 -> 18.303384 | AS54: =+(AS48/'Maj Production Summ'!AS$18)*1000 -> 16.32641 | AT54: =+(AT48/'Maj Production Summ'!AT$18)*1000 -> 15.944145 | AU54: 16.32641 | AV54: =+(AV48/'Maj Production Summ'!AV$18)*1000 -> 18.188259 | AW54: =+(AW48/'Maj Production Summ'!AW$18)*1000 -> 16.32641 | AX54: =+(AX48/'Maj Production Summ'!AX$18)*1000 -> 16.164996 | AY54: 16.32641 | AZ54: =+(AZ48/'Maj Production Summ'!AZ$18)*1000 -> 17.681014 | BA54: =+(BA48/'Maj Production Summ'!BA$18)*1000 -> 16.32641 | BB54: =+(BB48/'Maj Production Summ'!BB$18)*1000 -> 18.053602 | BC54: =+(BC48/'Maj Production Summ'!BC$18)*1000 -> 16.32641 | BD54: =+(BD48/'Maj Production Summ'!BD$18)*1000 -> 17.194179 | BE54: =+(BE48/'Maj Production Summ'!BE$18)*1000 -> 16.32641 | BF54: =+(BF48/'Maj Production Summ'!BF$18)*1000 -> 16.314708
B55: Fe-Si | C55: Kg/TCS | E55: 3.03 | F55: =+(F49/'Maj Production Summ'!F$18)*1000 -> 2.1029652 | G55: 3.03 | H55: =+(H49/'Maj Production Summ'!H$18)*1000 -> 2.1254782 | I55: =+(I49/'Maj Production Summ'!I$18)*1000 -> 3.03 | J55: =+(J49/'Maj Production Summ'!$J$18)*1000 -> 2.1129776 | K55: 3.03 | L55: =+(L49/'Maj Production Summ'!L$18)*1000 -> 2.2182036 | M55: =+(M49/'Maj Production Summ'!M$18)*1000 -> 3.03 | N55: =+(N49/'Maj Production Summ'!N$18)*1000 -> 2.1677457 | O55: 3.03 | P55: =+(P49/'Maj Production Summ'!P$18)*1000 -> 2.2485289 | Q55: =+(Q49/'Maj Production Summ'!Q$18)*1000 -> 3.03 | R55: =+(R49/'Maj Production Summ'!R$18)*1000 -> 2.1947309 | S55: 3.03 | T55: =+(T49/'Maj Production Summ'!T$18)*1000 -> 2.3161297 | U55: =+(U49/'Maj Production Summ'!U$18)*1000 -> 3.03 | V55: =+(V49/'Maj Production Summ'!V$18)*1000 -> 2.227038 | W55: 3.03 | X55: =+(X49/'Maj Production Summ'!X$18)*1000 -> 2.4896056 | Y55: =+(Y49/'Maj Production Summ'!Y$18)*1000 -> 3.03 | Z55: =+(Z49/'Maj Production Summ'!Z$18)*1000 -> 2.3528695 | AA55: =+(AA49/'Maj Production Summ'!AA$18)*1000 -> 3.03 | AB55: =+(AB49/'Maj Production Summ'!AB$18)*1000 -> 2.2809822 | AC55: 3.03 | AD55: =+(AD49/'Maj Production Summ'!AD$18)*1000 -> 2.2950975 | AE55: =+(AE49/'Maj Production Summ'!AE$18)*1000 -> 3.03 | AF55: =+(AF49/'Maj Production Summ'!AF$18)*1000 -> 2.2835162 | AG55: 3.03 | AH55: =+(AH49/'Maj Production Summ'!AH$18)*1000 -> 2.6079234 | AI55: =+(AI49/'Maj Production Summ'!AI$18)*1000 -> 3.03 | AJ55: =+(AJ49/'Maj Production Summ'!AJ$18)*1000 -> 2.3295768 | AK55: 3.03 | AL55: =+(AL49/'Maj Production Summ'!AL$18)*1000 -> 2.0814008 | AM55: =+(AM49/'Maj Production Summ'!AM$18)*1000 -> 3.03 | AN55: =+(AN49/'Maj Production Summ'!AN$18)*1000 -> 2.3185911 | AO55: =+(AO49/'Maj Production Summ'!AO$18)*1000 -> 3.03 | AP55: =+(AP49/'Maj Production Summ'!AP$18)*1000 -> 2.2957263 | AQ55: 3.03 | AR55: =+(AR49/'Maj Production Summ'!AR$18)*1000 -> 2.4362404 | AS55: =+(AS49/'Maj Production Summ'!AS$18)*1000 -> 3.03 | AT55: =+(AT49/'Maj Production Summ'!AT$18)*1000 -> 2.3129313 | AU55: 3.03 | AV55: =+(AV49/'Maj Production Summ'!AV$18)*1000 -> 2.2925101 | AW55: =+(AW49/'Maj Production Summ'!AW$18)*1000 -> 3.03 | AX55: =+(AX49/'Maj Production Summ'!AX$18)*1000 -> 2.3109215 | AY55: 3.03 | AZ55: =+(AZ49/'Maj Production Summ'!AZ$18)*1000 -> 2.5089769 | BA55: =+(BA49/'Maj Production Summ'!BA$18)*1000 -> 3.03 | BB55: =+(BB49/'Maj Production Summ'!BB$18)*1000 -> 2.4168456 | BC55: =+(BC49/'Maj Production Summ'!BC$18)*1000 -> 3.03 | BD55: =+(BD49/'Maj Production Summ'!BD$18)*1000 -> 2.3683595 | BE55: =+(BE49/'Maj Production Summ'!BE$18)*1000 -> 3.03 | BF55: =+(BF49/'Maj Production Summ'!BF$18)*1000 -> 2.3304802
B57: TO UPDATE THIS
B58: SHEET | C58: ROW NUM
B59: COKE OVEN | C59: 133
B60: COKE OVEN | C60: 158
B61: COKE OVEN | C61: 257
B62: BF | C62: 5
B63: BF | C63: 23
B64: BF | C64: 24
B65: BF | C65: 25
B66: BF | C66: 46
B67: WR Mill | C67: 5
B68: Bar Mill | C68: 5
B69: US Mill | C69: 5
B72: Overall Sp Water Consumption | C72: M³/TCS | D72: 4.3 | E72: 4.3 | F72: 4.33 | G72: 4.3 | H72: 4.92 | I72: 4.3 | J72: 4.592395 | K72: 4.3 | L72: 4.14 | M72: 4.3 | N72: 4.3569323 | O72: 4.3 | P72: 4.44 | Q72: 4.3 | R72: 4.3846807 | S72: 4.3 | T72: 4.08 | U72: 4.3 | V72: 4.3035979 | W72: 4.3 | Y72: 4.3 | Z72: 2.8242622 | AA72: 4.3 | AB72: 3.4194285 | AC72: 4.3 | AD72: 4.08 | AE72: 4.3 | AF72: 4.3035979 | AG72: 4.3 | AH72: 4.08 | AI72: 4.3 | AJ72: 4.3035979 | AK72: 4.3 | AL72: 4.08 | AM72: 4.3 | AN72: 2.8242622 | AO72: 4.3 | AP72: 4.4929327 | AQ72: 4.3 | AR72: 3.9 | AS72: 4.3 | AT72: 4.4200976 | AU72: 4.3 | AV72: 3.97 | AW72: 4.3 | AX72: 4.3759251 | AY72: 4.3 | AZ72: 3.97 | BA72: 4.3 | BB72: 2.8242622 | BC72: 4.3 | BD72: 4.3759251 | BE72: 4.3 | BF72: 4.3759251 | BG72: 4.3 | BH72: 5.0407394 | BI72: 4.6 | BJ72: 5.0056729 | BK72: 5.0192042

Sheet Major techno all dept
D3: MAJOR TECHNO PARAMETERS 2021-22
C4: DEPARTMENTS | D4: ITEM | E4: Unit | F4: 2020-21 Actual | G4: ABP 2021-22 | H4: Apr'21 | J4: May'21 | L4: 2M | N4: Jun'21 | P4: QTR-1 | R4: Jul'21 | T4: 4M | V4: Aug'21 | X4: 5M | Z4: Sep'21 | AB4: QTR-2 | AD4: H1 | AF4: Oct'21 | AH4: 7M | AJ4: Nov'21 | AL4: 8M | AN4: Dec'21 | AP4: QTR-3 | AR4: 9 M | AT4: Jan'22 | AV4: 10M | AX4: Feb'22 | AZ4: 11M | BB4: Mar'22 | BD4: QTR-4 | BF4: H2 | BH4: 2021-22
H5: ABP | I5: ACT | J5: ABP | K5: ACT | L5: ABP | M5: ACT | N5: ABP | O5: ACT | P5: ABP | Q5: ACT | R5: ABP | S5: ACT | T5: ABP | U5: ACT | V5: ABP | W5: ACT | X5: ABP | Y5: ACT | Z5: ABP | AA5: ACT | AB5: ABP | AC5: ACT | AD5: ABP | AE5: ACT | AF5: ABP | AG5: ACT | AH5: ABP | AI5: ACT | AJ5: ABP | AK5: ACT | AL5: ABP | AM5: ACT | AN5: ABP | AO5: ACT | AP5: ABP | AQ5: ACT | AR5: ABP | AS5: ACT | AT5: ABP | AU5: ACT | AV5: ABP | AW5: ACT | AX5: ABP | AY5: ACT | AZ5: ABP | BA5: ACT | BB5: ABP | BC5: ACT | BD5: ABP | BE5: ACT | BF5: ABP | BG5: ACT | BH5: ABP | BI5: ACT
C6: COKE OVENS | D6: B.F.Coke Yield | E6: % | F6: 72.81 | G6: 70.5 | H6: =+'Maj Techno Summ'!E5 -> 70.5 | I6: =+'Maj Techno Summ'!F5 -> 71.951927 | J6: =+'Maj Techno Summ'!G5 -> 70.5 | K6: =+'Maj Techno Summ'!H5 -> 71.406402 | L6: =+'Maj Techno Summ'!I5 -> 70.5 | M6: =+'Maj Techno Summ'!J5 -> 71.672938 | N6: =+'Maj Techno Summ'!K5 -> 70.500035 | O6: =+'Maj Techno Summ'!L5 -> 70.500213 | ... BI6: =+'Maj Techno Summ'!BF5 -> 69.798394
D7: ICC in Coal Blend
D8: (COB#10) | E8: % | F8: 95.48 | G8: 95 | H8: =+'Maj Techno Summ'!E7 -> 95 | I8: =+'Maj Techno Summ'!F7 -> 94.998184 | J8: =+'Maj Techno Summ'!G7 -> 95 | K8: =+'Maj Techno Summ'!H7 -> 96.930632 | L8: =+'Maj Techno Summ'!I7 -> 95 | M8: =+'Maj Techno Summ'!J7 -> 95.981087 | N8: =+'Maj Techno Summ'!K7 -> 95 | O8: =+'Maj Techno Summ'!L7 -> 96.168724 | ... BI8: =+'Maj Techno Summ'!BF7 -> 93.865972
D9: (COB#11) | E9: % | F9: 95.08 | G9: 95 | H9: =+'Maj Techno Summ'!E8 -> 95 | I9: =+'Maj Techno Summ'!F8 -> 94.306067 | J9: =+'Maj Techno Summ'!G8 -> 95 | K9: =+'Maj Techno Summ'!H8 -> 95.33038 | L9: =+'Maj Techno Summ'!I8 -> 95 | M9: =+'Maj Techno Summ'!J8 -> 94.829914 | N9: =+'Maj Techno Summ'!K8 -> 95 | O9: =+'Maj Techno Summ'!L8 -> 95.502779 | ... BI9: =+'Maj Techno Summ'!BF8 -> 94.753433
D10: Overall ICC in Blend | E10: % | F10: 94.71 | G10: 95 | H10: =+'Maj Techno Summ'!E9 -> 95 | I10: =+'Maj Techno Summ'!F9 -> 94.558857 | J10: =+'Maj Techno Summ'!G9 -> 95 | K10: =+'Maj Techno Summ'!H9 -> 95.910734 | L10: =+'Maj Techno Summ'!I9 -> 95 | M10: =+'Maj Techno Summ'!J9 -> 95.248855 | N10: =+'Maj Techno Summ'!K9 -> 95 | O10: =+'Maj Techno Summ'!L9 -> 95.738711 | ... BI10: =+'Maj Techno Summ'!BF9 -> 94.439237
D11: COB#10
D12: M40 | E12: % | F12: 84.260446 | G12: 84 | H12: =+'COKE OVENS'!E121 -> 84 | I12: =+'COKE OVENS'!F121 -> 84.665385 | J12: =+'COKE OVENS'!G121 -> 84 | K12: =+'COKE OVENS'!H121 -> 84.777027 | L12: =+'COKE OVENS'!I121 -> 84 | M12: =+'COKE OVENS'!J121 -> 84.721958 | N12: =+'COKE OVENS'!K121 -> 84 | O12: =+'COKE OVENS'!L121 -> 84.904444 | ... BI12: =+'COKE OVENS'!BF121 -> 84.531771
D13: M10 | E13: % | F13: 7.7632354 | G13: 7.4 | H13: =+'COKE OVENS'!E122 -> 7.4 | I13: =+'COKE OVENS'!F122 -> 7.7519231 | J13: =+'COKE OVENS'!G122 -> 7.4 | K13: =+'COKE OVENS'!H122 -> 7.7324324 | L13: =+'COKE OVENS'!I122 -> 7.4 | M13: =+'COKE OVENS'!J122 -> 7.7420465 | N13: =+'COKE OVENS'!K122 -> 7.4 | O13: =+'COKE OVENS'!L122 -> 7.7 | ... BI13: =+'COKE OVENS'!BF122 -> 7.8412872
D14: CSR | E14: % | F14: 64.385977 | G14: 64 | H14: =+'COKE OVENS'!E123 -> 64 | I14: =+'COKE OVENS'!F123 -> 64.142857 | J14: =+'COKE OVENS'!G123 -> 64 | K14: =+'COKE OVENS'!H123 -> 64.544444 | L14: =+'COKE OVENS'!I123 -> 64 | M14: =+'COKE OVENS'!J123 -> 64.346355 | N14: =+'COKE OVENS'!K123 -> 64 | O14: =+'COKE OVENS'!L123 -> 64.725 | ... BI14: =+'COKE OVENS'!BF123 -> 64.277214
D15: CRI | E15: % | F15: 22.061578 | G15: 23 | H15: =+'COKE OVENS'!E124 -> 23 | I15: =+'COKE OVENS'!F124 -> 22.771429 | J15: =+'COKE OVENS'!G124 -> 23 | K15: =+'COKE OVENS'!H124 -> 22.477778 | L15: =+'COKE OVENS'!I124 -> 23 | M15: =+'COKE OVENS'!J124 -> 22.622626 | N15: =+'COKE OVENS'!K124 -> 23 | O15: =+'COKE OVENS'!L124 -> 22.166667 | ... BI15: =+'COKE OVENS'!BF124 -> 22.855851
D16: COB#11
D17: M40 | E17: % | F17: 88.595542 | G17: 86.5 | H17: =+'COKE OVENS'!E146 -> 86.5 | I17: =+'COKE OVENS'!F146 -> 88.896 | J17: =+'COKE OVENS'!G146 -> 86.5 | K17: =+'COKE OVENS'!H146 -> 89.144156 | L17: =+'COKE OVENS'!I146 -> 86.5 | M17: =+'COKE OVENS'!J146 -> 89.022438 | N17: =+'COKE OVENS'!K146 -> 86.5 | O17: =+'COKE OVENS'!L146 -> 89.1 | ... BI17: =+'COKE OVENS'!BF146 -> 88.989492
D18: M10 | E18: % | F18: 6.2159872 | G18: 6.2 | H18: =+'COKE OVENS'!E147 -> 6.2 | I18: =+'COKE OVENS'!F147 -> 5.952 | J18: =+'COKE OVENS'!G147 -> 6.2 | K18: =+'COKE OVENS'!H147 -> 5.8714286 | L18: =+'COKE OVENS'!I147 -> 6.2 | M18: =+'COKE OVENS'!J147 -> 5.9109479 | N18: =+'COKE OVENS'!K147 -> 6.2 | O18: =+'COKE OVENS'!L147 -> 5.8967213 | ... BI18: =+'COKE OVENS'!BF147 -> 5.9491441
D19: CSR | E19: % | F19: 66.464554 | G19: 66 | H19: =+'COKE OVENS'!E148 -> 66 | I19: =+'COKE OVENS'!F148 -> 66.483333 | J19: =+'COKE OVENS'!G148 -> 66 | K19: =+'COKE OVENS'!H148 -> 66.7 | L19: =+'COKE OVENS'!I148 -> 66 | M19: =+'COKE OVENS'!J148 -> 66.593728 | N19: =+'COKE OVENS'!K148 -> 66 | O19: =+'COKE OVENS'!L148 -> 66.625 | ... BI19: =+'COKE OVENS'!BF148 -> 66.625321
D20: CRI | E20: % | F20: 20.042478 | G20: 21 | H20: =+'COKE OVENS'!E149 -> 21 | I20: =+'COKE OVENS'!F149 -> 20.558333 | J20: =+'COKE OVENS'!G149 -> 21 | K20: =+'COKE OVENS'!H149 -> 20.175 | L20: =+'COKE OVENS'!I149 -> 21 | M20: =+'COKE OVENS'!J149 -> 20.36302 | N20: =+'COKE OVENS'!K149 -> 21 | O20: =+'COKE OVENS'!L149 -> 19.975 | ... BI20: =+'COKE OVENS'!BF149 -> 20.387552
C21: SINTER PLANT | D21: Sp. Productivity | E21: T/M²/Utlz Hr | F21: 1.200116 | G21: 1.23 | H21: =+SINTER!E68 -> 0.92658423 | I21: =+SINTER!F68 -> 1.2824062 | J21: =+SINTER!G68 -> 0.91246573 | K21: =+SINTER!H68 -> 1.1272565 | L21: =+SINTER!I68 -> 0.91939644 | M21: =+SINTER!J68 -> 1.2043447 | N21: =+SINTER!K68 -> 1.2900655 | O21: =+SINTER!L68 -> 1.3579594 | ... BI21: =+SINTER!BF68 -> 1.3190196
D22: Iron Ore Fines | E22: Kg/T | F22: 848.06825 | G22: 860 | H22: =+SINTER!E74 -> 859.99771 | I22: =+SINTER!F74 -> 841.52074 | J22: =+SINTER!G74 -> 860 | K22: =+SINTER!H74 -> 833.69229 | L22: =+SINTER!I74 -> 859.99887 | M22: =+SINTER!J74 -> 837.83407 | N22: =+SINTER!K74 -> 859.99958 | O22: =+SINTER!L74 -> 824.30518 | ... BI22: =+SINTER!BF74 -> 814.42782
D23: Limestone | E23: Kg/T | F23: 74.206443 | G23: 60 | H23: =+SINTER!E75 -> 60.000654 | I23: =+SINTER!F75 -> 63.910282 | J23: =+SINTER!G75 -> 60.000013 | K23: =+SINTER!H75 -> 80.138951 | L23: =+SINTER!I75 -> 60.00033 | M23: =+SINTER!J75 -> 71.55288 | N23: =+SINTER!K75 -> 59.999532 | O23: =+SINTER!L75 -> 70.979992 | ... BI23: =+SINTER!BF75 -> 82.941913
D24: Dolomite | E24: Kg/T | F24: 108.45699 | G24: 111 | H24: =+SINTER!E76 -> 105.9992 | I24: =+SINTER!F76 -> 151.07655 | J24: =+SINTER!G76 -> 106.00002 | K24: =+SINTER!H76 -> 134.1967 | L24: =+SINTER!I76 -> 105.99961 | M24: =+SINTER!J76 -> 143.12729 | N24: =+SINTER!K76 -> 105.99971 | O24: =+SINTER!L76 -> 142.62395 | ... BI24: =+SINTER!BF76 -> 125.8494
D25: Coke Breeze | E25: Kg/T | F25: 68.617087 | G25: 65 | H25: =+SINTER!E84 -> 65.000654 | I25: =+SINTER!F84 -> 65.31266 | J25: =+SINTER!G84 -> 65 | K25: =+SINTER!H84 -> 70.384115 | L25: =+SINTER!I84 -> 65.000324 | M25: =+SINTER!J84 -> 67.70097 | N25: =+SINTER!K84 -> 64.999532 | O25: =+SINTER!L84 -> 70.740735 | ... BI25: =+SINTER!BF84 -> 69.868143
D26: Sp. Power | E26: KwH/T | F26: 31.761795 | G26: 31 | H26: =+SINTER!E70 -> 31.029939 | I26: =+SINTER!F70 -> 32.070365 | J26: =+SINTER!G70 -> 31.03 | K26: =+SINTER!H70 -> 36.72493 | L26: =+SINTER!I70 -> 31.02997 | M26: =+SINTER!J70 -> 34.262348 | N26: =+SINTER!K70 -> 31.03 | O26: =+SINTER!L70 -> 30.644573 | ... BI26: =+SINTER!BF70 -> 31.331757
C27: BLAST FURNACE | D27: BF Coke Rate | E27: Kg/ THM | F27: 423.66 | G27: 377.88521 | H27: =+'Maj Techno Summ'!E10 -> 410 | I27: =+'Maj Techno Summ'!F10 -> 395.28298 | J27: =+'Maj Techno Summ'!G10 -> 440 | K27: =+'Maj Techno Summ'!H10 -> 422.48282 | L27: =+'Maj Techno Summ'!I10 -> 427.0339 | M27: =+'Maj Techno Summ'!J10 -> 408.47809 | N27: =+'Maj Techno Summ'!K10 -> 380 | O27: =+'Maj Techno Summ'!L10 -> 404.78986 | ... BI27: =+'Maj Techno Summ'!BF10 -> 396.71459
D28: Nut Coke rate | E28: Kg/ THM | F28: 41.21 | G28: 23.751424 | H28: =+'Maj Techno Summ'!E11 -> 16 | I28: =+'Maj Techno Summ'!F11 -> 46.651186 | J28: =+'Maj Techno Summ'!G11 -> 25 | K28: =+'Maj Techno Summ'!H11 -> 33.665405 | L28: =+'Maj Techno Summ'!I11 -> 21.110169 | M28: =+'Maj Techno Summ'!J11 -> 40.351559 | N28: =+'Maj Techno Summ'!K11 -> 30 | O28: =+'Maj Techno Summ'!L11 -> 44.970208 | ... BI28: =+'Maj Techno Summ'!BF11 -> 37.043769
D29: CDI rate | E29: Kg/ THM | F29: 89.18 | G29: 133.64292 | H29: =+'Maj Techno Summ'!E12 -> 108 | I29: =+'Maj Techno Summ'!F12 -> 110.29459 | J29: =+'Maj Techno Summ'!G12 -> 75 | K29: =+'Maj Techno Summ'!H12 -> 99.06421 | L29: =+'Maj Techno Summ'!I12 -> 89.262712 | M29: =+'Maj Techno Summ'!J12 -> 104.84654 | N29: =+'Maj Techno Summ'!K12 -> 125 | O29: =+'Maj Techno Summ'!L12 -> 110.20745 | ... BI29: =+'Maj Techno Summ'!BF12 -> 118.07599
D30: Total Fuel | E30: Kg/ THM | F30: =SUM(F27:F29) -> 554.05 | G30: 535.27955 | H30: =+'Maj Techno Summ'!E13 -> 534 | I30: =+'Maj Techno Summ'!F13 -> 552.22875 | J30: =+'Maj Techno Summ'!G13 -> 540 | K30: =+'Maj Techno Summ'!H13 -> 555.21244 | L30: =+'Maj Techno Summ'!I13 -> 537.40678 | M30: =+'Maj Techno Summ'!J13 -> 553.67619 | N30: =+'Maj Techno Summ'!K13 -> 535 | O30: =+'Maj Techno Summ'!L13 -> 559.96753 | ... BI30: =+'Maj Techno Summ'!BF13 -> 551.83435
D31: BF PRODUCTIVITY | E31: T/M³/Day | F31: 1.7450413 | G31: 2.2268039 | H31: =+'Maj Techno Summ'!E14 -> 2.112 | I31: =+'Maj Techno Summ'!F14 -> 1.934 | J31: =+'Maj Techno Summ'!G14 -> 1.448 | K31: =+'Maj Techno Summ'!H14 -> 1.432 | L31: =+'Maj Techno Summ'!I14 -> 1.6756973 | M31: =+'Maj Techno Summ'!J14 -> 1.6529037 | N31: =+'Maj Techno Summ'!K14 -> 2.268 | O31: =+'Maj Techno Summ'!L14 -> 1.943 | ... BI31: =+'Maj Techno Summ'!BF14 -> 2.0192263
D32: Hot Blast Temp | E32: ⁰C | F32: 1107.8274 | G32: 1175 | H32: =+'B-FCE'!E67 -> 1110 | I32: =+'B-FCE'!F67 -> 1092 | J32: =+'B-FCE'!G67 -> 1110 | K32: =+'B-FCE'!H67 -> 1127 | L32: =+'B-FCE'!I67 -> 1110 | M32: =+'B-FCE'!J67 -> 1109.7869 | N32: =+'B-FCE'!K67 -> 1130 | O32: =+'B-FCE'!L67 -> 1129 | ... BI32: =+'B-FCE'!BF67 -> 1146.2432
D33: Slag Rate | E33: Kg/THM | F33: 382.58207 | G33: 366 | H33: =+'B-FCE'!E68 -> 380 | I33: =+'B-FCE'!F68 -> 416.84651 | J33: =+'B-FCE'!G68 -> 380 | K33: =+'B-FCE'!H68 -> 398.12029 | L33: =+'B-FCE'!I68 -> 380 | M33: =+'B-FCE'!J68 -> 407.7621 | N33: =+'B-FCE'!K68 -> 380 | O33: =+'B-FCE'!L68 -> 384 | ... BI33: =+'B-FCE'!BF68 -> 375.25421
D34: Gross Coal to Hot Metal Ratio | E34: Kg/ THM | F34: 991.45 | G34: 908 | H34: =+'Maj Techno Summ'!E15 -> 982 | I34: =+'Maj Techno Summ'!F15 -> 948.46406 | J34: =+'Maj Techno Summ'!G15 -> 1051.5031 | K34: =+'Maj Techno Summ'!H15 -> 1024.9108 | L34: =+'Maj Techno Summ'!I15 -> 1021.6231 | M34: =+'Maj Techno Summ'!J15 -> 985.55053 | N34: =+'Maj Techno Summ'!K15 -> 906.6341 | O34: =+'Maj Techno Summ'!L15 -> 983.61628 | ... BI34: =+'Maj Techno Summ'!BF15 -> 935.21205
C35: SMS | D35: Hot Metal to Crude Steel | E35: Kg/ TCS | F35: 1071.18 | G35: 1065 | H35: =+'Maj Techno Summ'!E16 -> 1065 | I35: =+'Maj Techno Summ'!F16 -> 1061.7091 | J35: =+'Maj Techno Summ'!G16 -> 1065 | K35: =+'Maj Techno Summ'!H16 -> 1049.6362 | L35: =+'Maj Techno Summ'!I16 -> 1065 | M35: =+'Maj Techno Summ'!J16 -> 1056.3398 | N35: =+'Maj Techno Summ'!K16 -> 1065 | O35: =+'Maj Techno Summ'!L16 -> 1055.0811 | ... BI35: =+'Maj Techno Summ'!BF16 -> 1062.0577
D36: Scrap consumption at SMS | E36: Kg/ TCS | F36: 41.12 | G36: 50 | H36: =+'Maj Techno Summ'!E17 -> 50 | I36: =+'Maj Techno Summ'!F17 -> 47.43989 | J36: =+'Maj Techno Summ'!G17 -> 50 | K36: =+'Maj Techno Summ'!H17 -> 57.115351 | L36: =+'Maj Techno Summ'!I17 -> 50 | M36: =+'Maj Techno Summ'!J17 -> 51.742928 | N36: =+'Maj Techno Summ'!K17 -> 50 | O36: =+'Maj Techno Summ'!L17 -> 52.432596 | ... BI36: =+'Maj Techno Summ'!BF17 -> 45.611233
D37: TMI | E37: Kg/ TCS | F37: =SUM(F35:F36) -> 1112.3 | G37: 1115 | H37: =+'Maj Techno Summ'!E18 -> 1115 | I37: =+'Maj Techno Summ'!F18 -> 1109.149 | J37: =+'Maj Techno Summ'!G18 -> 1115 | K37: =+'Maj Techno Summ'!H18 -> 1106.7515 | L37: =+'Maj Techno Summ'!I18 -> 1115 | M37: =+'Maj Techno Summ'!J18 -> 1108.0828 | N37: =+'Maj Techno Summ'!K18 -> 1115 | O37: =+'Maj Techno Summ'!L18 -> 1107.5137 | ... BI37: =+'Maj Techno Summ'!BF18 -> 1107.6689
D38: Total Ferro Alloys (FeMn+FeSi+SiMn) | E38: Kg/ TCS | F38: 20.21 | G38: 22 | H38: =+'Maj Techno Summ'!E19 -> 21.95779 | I38: =+'Maj Techno Summ'!F19 -> 19.287195 | J38: =+'Maj Techno Summ'!G19 -> 21.95779 | K38: =+'Maj Techno Summ'!H19 -> 19.663424 | L38: =+'Maj Techno Summ'!I19 -> 21.95779 | M38: =+'Maj Techno Summ'!J19 -> 19.454518 | N38: =+'Maj Techno Summ'!K19 -> 21.95779 | O38: =+'Maj Techno Summ'!L19 -> 19.482283 | ... BI38: =+'Maj Techno Summ'!BF19 -> 20.936322
D39: Cast Weight | E39: T/ Cast | F39: 151.95214 | G39: 150 | H39: =+SMS!E51 -> 150 | I39: =+SMS!F51 -> 152.92371 | J39: =+SMS!G51 -> 150 | K39: =+SMS!H51 -> 153.51631 | L39: =+SMS!I51 -> 150 | M39: =+SMS!J51 -> 153.1867 | N39: =+SMS!K51 -> 150 | O39: =+SMS!L51 -> 154.18878 | ... BI39: =+SMS!BF51 -> 152.34325
D40: Calcined Lime | E40: Kg/ TCS | F40: 69.162265 | G40: 70 | H40: =+SMS!E82 -> 70 | I40: =+SMS!F82 -> 76.007033 | J40: =+SMS!G82 -> 70 | K40: =+SMS!H82 -> 62.764122 | L40: =+SMS!I82 -> 70 | M40: =+SMS!J82 -> 70.117422 | N40: =+SMS!K82 -> 70 | O40: =+SMS!L82 -> 73.159736 | ... BI40: =+SMS!BF82 -> 65.057505
D41: Calcined Dolo | E41: Kg/ TCS | F41: 23.452257 | G41: 20 | H41: =+SMS!E77 -> 20 | I41: =+SMS!F77 -> 25.58603 | J41: =+SMS!G77 -> 20 | K41: =+SMS!H77 -> 29.994249 | L41: =+SMS!I77 -> 20 | M41: =+SMS!J77 -> 27.546527 | N41: =+SMS!K77 -> 20 | O41: =+SMS!L77 -> 25.61436 | ... BI41: =+SMS!BF77 -> 22.095568
C42: MILLS | D42: WR Mill
D43: Yield | E43: % | F43: 94.96 | G43: 96 | H43: =+WRM!E118 -> 96 | I43: =+WRM!F118 -> 94.596207 | J43: =+WRM!G118 -> 95.999999 | K43: =+WRM!H118 -> 94.668703 | L43: =+WRM!I118 -> 96 | M43: =+WRM!J118 -> 94.627624 | N43: =+WRM!K118 -> 96 | O43: =+WRM!L118 -> 95.456321 | ... BI43: =+WRM!BF118 -> 95.505336
D44: Utilization | E44: % | F44: 76.98477 | G44: 83.3 | H44: =+WRM!E125 -> 83.333333 | I44: =+WRM!F125 -> 72.80481 | J44: =+WRM!G125 -> 83.333333 | K44: =+WRM!H125 -> 66.422466 | L44: =+WRM!I125 -> 83.333333 | M44: =+WRM!J125 -> 70.050288 | N44: =+WRM!K125 -> 83.333333 | O44: =+WRM!L125 -> 80.430544 | ... BI44: =+WRM!BF125 -> 79.562037
D45: Rolling Rate on yield Wt | E45: T/Utlzn Hr | F45: 74.87691 | G45: 78 | H45: =+WRM!E134 -> 78.571429 | I45: =+WRM!F134 -> 70.815084 | J45: =+WRM!G134 -> 76.851852 | K45: =+WRM!H134 -> 78.064223 | L45: =+WRM!I134 -> 77.604167 | M45: =+WRM!J134 -> 73.781675 | N45: =+WRM!K134 -> 76.851852 | O45: =+WRM!L134 -> 77.429468 | ... BI45: =+WRM!BF134 -> 79.010532
D46: Bar Mill
D47: Yield | E47: % | F47: 95.18 | G47: 96.5 | H47: =+BM!E55 -> 96.499693 | I47: =+BM!F55 -> 96.011265 | J47: =+BM!G55 -> 96.499999 | K47: =+BM!H55 -> 92.888093 | L47: =+BM!I55 -> 0 | M47: =+BM!J55 -> 94.236964 | N47: =+BM!K55 -> 96.5 | O47: =+BM!L55 -> 95.58845 | ... BI47: =+BM!BF55 -> 95.423966
D48: Utilization | E48: % | F48: 58.71654 | G48: 83.3 | H48: =+BM!E62 -> 83.333333 | I48: =+BM!F62 -> 66.861373 | J48: =+BM!G62 -> 83.333333 | K48: =+BM!H62 -> 62.486761 | L48: =+BM!I62 -> 83.333333 | M48: =+BM!J62 -> 63.932756 | N48: =+BM!K62 -> 83.333333 | O48: =+BM!L62 -> 67.465881 | ... BI48: =+BM!BF62 -> 70.570465
D49: Rolling Rate on yield Wt | E49: T/Utlzn Hr | F49: 122.48869 | G49: 78 | H49: =+BM!E71 -> 115.78947 | I49: =+BM!F71 -> 142.21676 | J49: =+BM!G71 -> 113.63636 | K49: =+BM!H71 -> 95.675563 | L49: =+BM!I71 -> 114.63415 | M49: =+BM!J71 -> 111.76411 | N49: =+BM!K71 -> 120.37037 | O49: =+BM!L71 -> 122.57928 | ... BI49: =+BM!BF71 -> 124.09644
D50: US Mill
D51: Yield | E51: % | F51: 95.27 | G51: 95.7 | H51: =+USM!F45 -> 95.702938 | I51: =+USM!G45 -> 93.890168 | J51: =+USM!H45 -> #DIV/0! | K51: =+USM!I45 -> 91.729936 | L51: =+USM!J45 -> 95.702938 | M51: =+USM!K45 -> 93.324329 | N51: =+USM!L45 -> 95.7 | O51: =+USM!M45 -> 93.15056 | ... BI51: =+USM!BG45 -> 93.445481
D52: Utilization | E52: % | F52: 45.227884 | G52: 83.3 | H52: =+USM!F52 -> 58.333333 | I52: =+USM!G52 -> 15.346767 | J52: =+USM!H52 -> 0 | K52: =+USM!I52 -> 6.2993904 | L52: =+USM!J52 -> 21.875 | M52: =+USM!K52 -> 10.739335 | N52: =+USM!L52 -> 58.333333 | O52: =+USM!M52 -> 18.733932 | ... BI52: =+USM!BG52 -> 35.384864
D53: Rolling Rate on yield Wt | E53: T/Utlzn Hr | F53: 68.959275 | G53: 78 | H53: =+USM!F61 -> 47.619048 | I53: =+USM!G61 -> 72.085373 | J53: =+USM!H61 -> #DIV/0! | K53: =+USM!I61 -> 58.677568 | L53: =+USM!J61 -> 47.619048 | M53: =+USM!K61 -> 68.080258 | N53: =+USM!L61 -> 102.04082 | O53: =+USM!M61 -> 73.433809 | ... BI53: =+USM!BG61 -> 75.141949
C54: ENERGY & POWER | D54: Overall Sp Energy Consumpt | E54: G.cal/TCS | F54: 6.48 | G54: 5.9874146 | H54: =+'Maj Techno Summ'!E24 -> 7.321 | I54: =+'Maj Techno Summ'!F24 -> 7.1032829 | J54: =+'Maj Techno Summ'!G24 -> 8.252 | K54: =+'Maj Techno Summ'!H24 -> 8.385479 | L54: =+'Maj Techno Summ'!I24 -> 7.7945052 | M54: =+'Maj Techno Summ'!J24 -> 7.6735233 | N54: =+'Maj Techno Summ'!K24 -> 5.8292322 | O54: =+'Maj Techno Summ'!L24 -> 6.2324448 | ... BI54: =+'Maj Techno Summ'!BF24 -> 6.300637
D55: Overall Specific Power Consumption(Kwh) | E55: KwH/TSS | F55: 579.81 | G55: 501.09213 | H55: =+'Maj Techno Summ'!E25 -> 909.25908 | I55: =+'Maj Techno Summ'!F25 -> 810.06262 | J55: =+'Maj Techno Summ'!G25 -> 835.6234 | K55: =+'Maj Techno Summ'!H25 -> 740.71693 | L55: =+'Maj Techno Summ'!I25 -> 870.33467 | M55: =+'Maj Techno Summ'!J25 -> 772.47472 | N55: =+'Maj Techno Summ'!K25 -> 468.63115 | O55: =+'Maj Techno Summ'!L25 -> 526.78216 | ... BI55: =+'Maj Techno Summ'!BF25 -> 528.34198
C56: ENVIRONMENT | D56: Overall Sp Water Consumption | E56: M³/TCS | F56: 5.04 | G56: 4.3 | H56: =+'Maj Techno Summ'!E27 -> 4.3 | I56: =+'Maj Techno Summ'!F27 -> 3.7175599 | J56: =+'Maj Techno Summ'!G27 -> 4.3 | K56: =+'Maj Techno Summ'!H27 -> 4.1764989 | L56: =+'Maj Techno Summ'!I27 -> 4.3 | M56: =+'Maj Techno Summ'!J27 -> 3.9216672 | N56: =+'Maj Techno Summ'!K27 -> 4.3 | O56: =+'Maj Techno Summ'!L27 -> 3.3800539 | ... BI56: =+'Maj Techno Summ'!BF27 -> 3.3197104
D57: Sp. CO2 emission | E57: T/TCS | F57: 2.62 | G57: 2.45 | H57: =+'Maj Techno Summ'!E28 -> 2.45 | I57: =+'Maj Techno Summ'!F28 -> 4.2 | J57: =+'Maj Techno Summ'!G28 -> 2.45 | K57: =+'Maj Techno Summ'!H28 -> 4.09 | L57: =+'Maj Techno Summ'!I28 -> 2.45 | M57: =+'Maj Techno Summ'!J28 -> 4.1510789 | N57: =+'Maj Techno Summ'!K28 -> 2.45 | O57: =+'Maj Techno Summ'!L28 -> 2.44 | ... BI57: =+'Maj Techno Summ'!BF28 -> 2.4734992
D58: Sp. PM emissions | E58: kg/TCS | F58: 0.62 | G58: 0.55 | H58: =+'Maj Techno Summ'!E29 -> 0.55 | I58: =+'Maj Techno Summ'!F29 -> 0.58 | J58: =+'Maj Techno Summ'!G29 -> 0.55 | K58: =+'Maj Techno Summ'!H29 -> 0.69 | L58: =+'Maj Techno Summ'!I29 -> 0.55 | M58: =+'Maj Techno Summ'!J29 -> 0.6289211 | N58: =+'Maj Techno Summ'!K29 -> 0.55 | O58: =+'Maj Techno Summ'!L29 -> 0.48 | ... BI58: =+'Maj Techno Summ'!BF29 -> 0.53916083
C59: LABOR PRODUCTIVITY | D59: Labour Productivity | E59: TCS/Man/Year | F59: 459.25 | G59: 614.25679 | H59: =+'Maj Techno Summ'!E30 -> 282.4039 | I59: =+'Maj Techno Summ'!F30 -> 303.6518 | J59: =+'Maj Techno Summ'!G30 -> 318.55975 | K59: =+'Maj Techno Summ'!H30 -> 254.4364 | L59: =+'Maj Techno Summ'!I30 -> 300.75847 | M59: =+'Maj Techno Summ'!J30 -> 278.66782 | N59: =+'Maj Techno Summ'!K30 -> 666.05997 | O59: =+'Maj Techno Summ'!L30 -> 588.69583 | ... BI59: =+'Maj Techno Summ'!BF30 -> 561.88094

Sheet Coal to Hot Metal
B1: COAL TO HOT METAL RATIO
B3: ITEM | C3: Unit | D3: ABP 2021-22 | E3: Apr'21 | G3: May'21 | I3: 2M | K3: June'21 | M3: Q1 | O3: July'21 | Q3: 4 M | S3: Aug'21 | U3: 5 M | W3: Sep'21 | Y3: QTR-2 | AA3: H1 | AC3: Oct'21 | AE3: 7 M | AG3: Nov'21 | AI3: 8 M | AK3: Dec'21 | AM3: QTR-3 | AO3: 9 M | AQ3: Jan'22 | AS3: 10M | AU3: Feb'22 | AW3: 11 M | AY3: Mar'22 | BA3: QTR-4 | BC3: H2 | BE3: 2021-22
E4: ABP | F4: ACT | G4: ABP | H4: ACT | I4: ABP | J4: ACT | K4: ABP | L4: ACT | M4: ABP | N4: ACT | O4: ABP | P4: ACT | Q4: ABP | R4: ACT | S4: ABP | T4: ACT | U4: ABP | V4: ACT | W4: ABP | X4: ACT | Y4: ABP | Z4: ACT | AA4: ABP | AB4: ACT | AC4: ABP | AD4: ACT | AE4: ABP | AF4: ACT | AG4: ABP | AH4: ACT | AI4: ABP | AJ4: ACT | AK4: ABP | AL4: ACT | AM4: ABP | AN4: ACT | AO4: ABP | AP4: ACT | AQ4: ABP | AR4: ACT | AS4: ABP | AT4: ACT | AU4: ABP | AV4: ACT | AW4: ABP | AX4: ACT | AY4: ABP | AZ4: ACT | BA4: ABP | BB4: ACT | BC4: ABP | BD4: ACT | BE4: ABP | BF4: ACT
B5: Hot Metal Production | C5: Tonnes | D5: 908 Kg/THM | E5: =+'B-FCE'!E5 -> 102000 | F5: =+'B-FCE'!F5 -> 109815 | G5: =+'B-FCE'!G5 -> 134000 | H5: =+'B-FCE'!H5 -> 103466.6 | I5: =+'B-FCE'!I5 -> 236000 | J5: =+'B-FCE'!J5 -> 213281.6 | K5: =+'B-FCE'!K5 -> 237623 | L5: =+'B-FCE'!L5 -> 206937 | ... BF5: =+'B-FCE'!BF5 -> 2406785.7
B7: BF Coke Requirement (Dry) | C7: Tonnes | E7: =+'B-FCE'!E22 -> 41820 | F7: =+'B-FCE'!F22 -> 43408 | G7: =+'B-FCE'!G22 -> 58960 | H7: =+'B-FCE'!H22 -> 43712.861 | I7: =+'B-FCE'!I22 -> 100780 | J7: =+'B-FCE'!J22 -> 87120.861 | K7: =+'B-FCE'!K22 -> 90296.74 | L7: =+'B-FCE'!L22 -> 83766 | ... BF7: =+'B-FCE'!BF22 -> 954807
B8: Nut Coke Requirement (Dry) | C8: Tonnes | E8: =+'B-FCE'!E23 -> 1632 | F8: =+'B-FCE'!F23 -> 5123 | G8: =+'B-FCE'!G23 -> 3350 | H8: =+'B-FCE'!H23 -> 3483.245 | I8: =+'B-FCE'!I23 -> 4982 | J8: =+'B-FCE'!J23 -> 8606.245 | K8: =+'B-FCE'!K23 -> 7128.69 | L8: =+'B-FCE'!L23 -> 9306 | ... BF8: =+'B-FCE'!BF23 -> 89156.415
B9: BF Return Fines (Dry) | C9: Tonnes | E9: =+'B-FCE'!E58 -> 7668 | F9: =+'B-FCE'!F58 -> 8014.772 | G9: =+'B-FCE'!G58 -> 12762.289 | H9: =+'B-FCE'!H58 -> 12425.314 | I9: =+'B-FCE'!I58 -> 20430.289 | J9: =+'B-FCE'!J58 -> 20440.086 | K9: =+'B-FCE'!K58 -> 15205.125 | L9: =+'B-FCE'!L58 -> 13614.534 | ... BF9: =+'B-FCE'!BF58 -> 134833.62
B10: Heating Coke | C10: Tonnes | E10: =+'B-FCE'!E31 -> 3452 | F10: =+'B-FCE'!F31 -> 887 | G10: =+'B-FCE'!G31 -> 5500 | H10: =+'B-FCE'!H31 -> 0 | I10: =+'B-FCE'!I31 -> 8952 | J10: =+'B-FCE'!J31 -> 887 | K10: =+'B-FCE'!K31 -> 500 | L10: =+'B-FCE'!L31 -> 3637 | ... BF10: =+'B-FCE'!BF31 -> 11333
B11: Total Coke Requirment | C11: Tonnes | E11: =SUM(E7:E10) -> 54572 | F11: =SUM(F7:F10) -> 57432.772 | G11: =SUM(G7:G10) -> 80572.289 | H11: =SUM(H7:H10) -> 59621.42 | I11: =SUM(I7:I10) -> 135144.29 | J11: =SUM(J7:J10) -> 117054.19 | K11: =SUM(K7:K10) -> 113130.55 | L11: =SUM(L7:L10) -> 110323.53 | ... BF11: =SUM(BF7:BF10) -> 1190130
B12: BF Coke Yield | C12: Tonnes | E12: =+'Maj Techno Summ'!E5 -> 70.5 | F12: =+'Maj Techno Summ'!F5 -> 71.951927 | G12: =+'Maj Techno Summ'!G5 -> 70.5 | H12: =+'Maj Techno Summ'!H5 -> 71.406402 | I12: =+'Maj Techno Summ'!I5 -> 70.5 | J12: =+'Maj Techno Summ'!J5 -> 71.672938 | K12: =+'Maj Techno Summ'!K5 -> 70.500035 | L12: =+'Maj Techno Summ'!L5 -> 70.500213 | ... BF12: =+'Maj Techno Summ'!BF5 -> 69.798394
B13: Equivalent Dry Coal | C13: Tonnes | E13: =+E11*100/E12 -> 77407.092 | F13: =+F11*100/F12 -> 79821.034 | G13: =+G11*100/G12 -> 114286.93 | H13: =+H11*100/H12 -> 83495.903 | I13: =+I11*100/I12 -> 191694.03 | J13: =+J11*100/J12 -> 163317.14 | K13: =+K11*100/K12 -> 160468.79 | L13: =+L11*100/L12 -> 156486.81 | ... BF13: =+BF11*100/BF12 -> 1705096.6
B14: Equivalent Wet Coal | C14: Tonnes | E14: =+E13*100/(100-'COKE OVENS'!E160) -> 85046.252 | F14: =+F13*100/(100-'COKE OVENS'!F160) -> 86733.233 | G14: =+G13*100/(100-'COKE OVENS'!G160) -> 125565.7 | H14: =+H13*100/(100-'COKE OVENS'!H160) -> 90765.437 | I14: =+E14+G14 -> 210611.95 | J14: =+J13*100/(100-'COKE OVENS'!J160) -> 177498.82 | K14: =+K13*100/(100-'COKE OVENS'!K160) -> 176305.16 | L14: =+L13*100/(100-'COKE OVENS'!L160) -> 170534.25 | M14: =+I14+K14 -> 386917.1 | N14: =+N13*100/(100-'COKE OVENS'!N160) -> 347005.16 | O14: =+O13*100/(100-'COKE OVENS'!O160) -> 184468.01 | P14: =+P13*100/(100-'COKE OVENS'!P160) -> 166791.27 | Q14: =+M14+O14 -> 571385.12 | R14: =+R13*100/(100-'COKE OVENS'!R160) -> 513151.13 | S14: =+S13*100/(100-'COKE OVENS'!S160) -> 184468.01 | T14: =+T13*100/(100-'COKE OVENS'!T160) -> 170314.17 | U14: =+Q14+S14 -> 755853.13 | V14: =+V13*100/(100-'COKE OVENS'!V160) -> 682735.98 | W14: =+W13*100/(100-'COKE OVENS'!W160) -> 177285.46 | X14: =+X13*100/(100-'COKE OVENS'!X160) -> 154864.37 | Y14: =+Y13*100/(100-'COKE OVENS'!Y160) -> 546221.49 | Z14: =+Z13*100/(100-'COKE OVENS'!Z160) -> 492095.52 | AA14: =+AA13*100/(100-'COKE OVENS'!AA160) -> 933138.6 | AB14: =+AB13*100/(100-'COKE OVENS'!AB160) -> 837279.61 | AC14: =+AC13*100/(100-'COKE OVENS'!AC160) -> 176592.28 | ... BF14: =+BF13*100/(100-'COKE OVENS'!BF160) -> 1863214.3
B15: Total Coking Coal (With HL loss) | C15: Tonnes | E15: =+E14*100/(100-'COKE OVENS'!E162) -> 87721.743 | F15: =+F14*100/(100-'COKE OVENS'!F162) -> 89465.89 | G15: =+G14*100/(100-'COKE OVENS'!G162) -> 129515.9 | H15: =+H14*100/(100-'COKE OVENS'!H162) -> 93612.079 | I15: =+I14*100/(100-'COKE OVENS'!I162) -> 217237.64 | J15: =+J14*100/(100-'COKE OVENS'!J162) -> 183078.14 | K15: =+K14*100/(100-'COKE OVENS'!K162) -> 181851.58 | L15: =+L14*100/(100-'COKE OVENS'!L162) -> 175885.78 | ... BF15: =+BF14*100/(100-'COKE OVENS'!BF162) -> 1921941.3
B16: CDI Coal Requirment | C16: Tonnes | E16: =+'B-FCE'!E24/0.91 -> 12105.495 | F16: =+'B-FCE'!F103 -> 14249 | G16: =+'B-FCE'!G24/0.91 -> 11043.956 | H16: =+'B-FCE'!H103 -> 12059 | I16: =+'B-FCE'!I24/0.91 -> 23149.451 | J16: =+'B-FCE'!J103 -> 26308 | K16: =+'B-FCE'!K24/0.91 -> 32640.522 | L16: =+'B-FCE'!L103 -> 26831 | M16: =+'B-FCE'!M24/0.91 -> 55789.973 | N16: =+'B-FCE'!N103 -> 53139 | O16: =+'B-FCE'!O24/0.91 -> 35096.786 | P16: =+'B-FCE'!P103 -> 22759 | Q16: =+'B-FCE'!Q24/0.91 -> 90886.758 | R16: =+'B-FCE'!R103 -> 75898 | S16: =+'B-FCE'!S24/0.91 -> 35096.786 | T16: =+'B-FCE'!T103 -> 29343 | U16: =+'B-FCE'!U24/0.91 -> 125983.54 | V16: =+'B-FCE'!V103 -> 105241 | W16: =+'B-FCE'!W24/0.91 -> 35448.626 | X16: =+'B-FCE'!X103 -> 29891 | Y16: =+'B-FCE'!Y24/0.91 -> 105642.2 | Z16: =+'B-FCE'!Z103 -> 81993 | AA16: =+'B-FCE'!AA24/0.91 -> 161432.17 | AB16: =+'B-FCE'!AB103 -> 135132 | AC16: =+'B-FCE'!AC24/0.91 -> 38007.692 | AD16: =+'B-FCE'!AD103 -> 32183 | AE16: =+'B-FCE'!AE24/0.91 -> 199439.86 | AF16: =+'B-FCE'!AF103 -> 167315 | AG16: =+'B-FCE'!AG24/0.91 -> 36761.538 | AH16: =+'B-FCE'!AH103 -> 25266 | AI16: =+'B-FCE'!AI24/0.91 -> 236201.4 | AJ16: =+'B-FCE'!AJ103 -> 192581 | AK16: =+'B-FCE'!AK24/0.91 -> 39365.11 | AL16: =+'B-FCE'!AL103 -> 30877.719 | AM16: =+'B-FCE'!AM24/0.91 -> 114134.34 | AN16: =+'B-FCE'!AN103 -> 88326.719 | AO16: =+'B-FCE'!AO24/0.91 -> 275566.51 | AP16: =+'B-FCE'!AP103 -> 223458.72 | AQ16: =+'B-FCE'!AQ24/0.91 -> 39365.11 | AR16: =+'B-FCE'!AR103 -> 32697.961 | AS16: =+'B-FCE'!AS24/0.91 -> 314931.62 | AT16: =+'B-FCE'!AT103 -> 256156.68 | AU16: =+'B-FCE'!AU24/0.91 -> 34883.33 | AV16: =+'B-FCE'!AV103 -> 28720.423 | AW16: =+'B-FCE'!AW24/0.91 -> 349814.95 | AX16: =+'B-FCE'!AX103 -> 284877.1 | AY16: =+'B-FCE'!AY24/0.91 -> 39365.11 | AZ16: =+'B-FCE'!AZ103 -> 34169.17 | BA16: =+'B-FCE'!BA24/0.91 -> 113613.55 | BB16: =+'B-FCE'!BB103 -> 95587.554 | BC16: =+'B-FCE'!BC24/0.91 -> 227747.89 | BD16: =+'B-FCE'!BD103 -> 183914.27 | BE16: =+'B-FCE'!BE24/0.91 -> 389180.06 | BF16: =+'B-FCE'!BF103 -> 319046.27
B17: Total CDI Requirment | C17: Tonnes | E17: =+E16/0.97 -> 12479.891 | F17: =+F16/0.97 -> 14689.691 | G17: =+G16/0.97 -> 11385.522 | H17: =+H16/0.97 -> 12431.959 | I17: =+I16/0.97 -> 23865.413 | J17: =+J16/0.97 -> 27121.649 | K17: =+K16/0.97 -> 33650.023 | L17: =+L16/0.97 -> 27660.825 | ... BF17: =+BF16/0.97 -> 328913.68
B18: Total Coal Requirment | C18: Tonnes | E18: =+E15+E17 -> 100201.63 | F18: =+F15+F17 -> 104155.58 | G18: =+G15+G17 -> 140901.42 | H18: =+H15+H17 -> 106044.04 | I18: =+I15+I17 -> 241103.05 | J18: =+J15+J17 -> 210199.79 | K18: =+K15+K17 -> 215501.6 | L18: =+L15+L17 -> 203546.6 | ... BF18: =+BF15+BF17 -> 2250855
B19: Coal to HM | C19: Kg/THM | E19: =+E18*1000/E5 -> 982.36896 | F19: =+F18*1000/F5 -> 948.46406 | G19: =+G18*1000/G5 -> 1051.5031 | H19: =+H18*1000/H5 -> 1024.9108 | I19: =+I18*1000/I5 -> 1021.6231 | J19: =+J18*1000/J5 -> 985.55053 | K19: =+K18*1000/K5 -> 906.90549 | L19: =+L18*1000/L5 -> 983.61628 | ... BF19: =+BF18*1000/BF5 -> 935.21205

Sheet DETAIL DESP  
B1: DETAIL DESPATCH (As per Finance CENVAT report)
B3: ITEM | C3: Unit | D3: 2021-22 ABP | E3: Apr'21 | G3: May'21 | I3: 2M | K3: Jun'21 | M3: QTR-1 | O3: Jul'21 | Q3: 4M | S3: Aug'21 | U3: 5M | W3: Sep'21 | Y3: QTR-2 | AA3: H1 | AC3: Oct'21 | AE3: 7M | AG3: Nov'21 | AI3: 8M | AK3: Dec'21 | AM3: QTR-3 | AO3: 9 M | AQ3: Jan'22 | AS3: 10M | AU3: Feb'22 | AW3: 11M | AY3: Mar'22 | BA3: QTR-4 | BC3: H2 | BE3: 2021-22
E4: ABP | F4: ACT | G4: ABP | H4: ACT | I4: ABP | J4: ACT | K4: ABP | L4: ACT | M4: ABP | N4: ACT | O4: ABP | P4: ACT | Q4: ABP | R4: ACT | S4: ABP | T4: ACT | U4: ABP | V4: ACT | W4: ABP | X4: ACT | Y4: ABP | Z4: ACT | AA4: ABP | AB4: ACT | AC4: ABP | AD4: ACT | AE4: ABP | AF4: ACT | AG4: ABP | AH4: ACT | AI4: ABP | AJ4: ACT | AK4: ABP | AL4: ACT | AM4: ABP | AN4: ACT | AO4: ABP | AP4: ACT | AQ4: ABP | AR4: ACT | AS4: ABP | AT4: ACT | AU4: ABP | AV4: ACT | AW4: ABP | AX4: ACT | AY4: ABP | AZ4: ACT | BA4: ABP | BB4: ACT | BC4: ABP | BD4: ACT | BE4: ABP | BF4: ACT
B5: Saleable Steel (Mill-wise sale type-wise)
B6: WR MILL
B7: MKTG DIR (DEF) | C7: Mt | E7: 0 | G7: 500 | I7: =+E7+G7 -> 500 | J7: =+F7+H7 -> 0 | K7: 0 | L7: 0 | M7: =+I7+K7 -> 500 | N7: =+J7+L7 -> 0 | O7: 0 | P7: 0 | Q7: =+M7+O7 -> 500 | R7: =+N7+P7 -> 0 | S7: 500 | T7: 0 | U7: =+Q7+S7 -> 1000 | V7: =+R7+T7 -> 0 | W7: 0 | Y7: =+O7+S7+W7 -> 500 | Z7: =+P7+T7+X7 -> 0 | AA7: =+U7+W7 -> 1000 | AB7: =+V7+X7 -> 0 | AC7: 0 | AD7: 0 | AE7: =+AA7+AC7 -> 1000 | AF7: =+AB7+AD7 -> 0 | AG7: 0 | AH7: 0 | AI7: =+AE7+AG7 -> 1000 | AJ7: =+AF7+AH7 -> 0 | AK7: 0 | AL7: 0 | AM7: =+AC7+AG7+AK7 -> 0 | AN7: =+AD7+AH7+AL7 -> 0 | AO7: =+AI7+AK7 -> 1000 | AP7: =+AJ7+AL7 -> 0 | AQ7: 0 | AR7: 0 | AS7: =+AO7+AQ7 -> 1000 | AT7: =+AP7+AR7 -> 0 | AU7: 0 | AV7: 0 | AW7: =+AS7+AU7 -> 1000 | AX7: =+AT7+AV7 -> 0 | AY7: 0 | AZ7: 64.4 | BA7: =+AQ7+AU7+AY7 -> 0 | BB7: =+AR7+AV7+AZ7 -> 64.4 | BC7: =+BA7+AM7 -> 0 | BD7: =+BB7+AN7 -> 64.4 | BE7: =+AW7+AY7 -> 1000 | BF7: =+AX7+AZ7 -> 64.4
