Workbook
Name _GoBack: 'PERF DASTUR POW. GREEN ST'!#REF!
Name _Hlk158901410: 'MIS MONTH WISE FUEL NMGCAL '!$J$212
Name AA: 'DAILY FLASH'!$X$12

Sheet CM REPORT
A2: GRADE-GROUP WISE MONTH-WISE SALEABLE STEEL FOR CALENDER YEAR 2016
A3: GRD GROUP | B3: JAN'16 | D3: FEB'16 | E3: MARCH'16 | F3: APRIL'16 | G3: MAY'16 | H3: JUNE'16 | I3: JULY'16 | J3: AUG'16 | K3: SEPT'16 | L3: OCT'16 | M3: NOV'16 | N3: DEC'16 | O3: YR. 2016
A4: CARBON STEEL | B4: 4218.38 | D4: 4763.194 | E4: 4615.27 | F4: 4540.125 | G4: 4047.08 | H4: 4494.804 | I4: 5032.362 | J4: 5505.713 | K4: 4782.904 | L4: 4385.475 | M4: 5238.744 | N4: 5486.051 | O4: =SUM(B4:N4) -> 57110.102 | T4: 384 | AL4: 03.09.2020 | BI4: 0
A5: ALLOY STEEL | B5: 958.808 | D5: 1385.374 | E5: 1369.283 | F5: 1730.112 | G5: 2022.85 | H5: 1675.41 | I5: 1410.448 | J5: 725.516 | K5: 1760.083 | L5: 1868.442 | M5: 1188.861 | N5: 701.188 | O5: =SUM(B5:N5) -> 16796.375 | T5: 900
A6: STN. STEEL | B6: 81.34 | D6: 88.39 | E6: 70.31 | F6: 21.88 | G6: 11.95 | H6: 91.83 | I6: 131.489 | J6: 6.68 | K6: 3.351 | L6: 13.44 | M6: 28.89 | N6: 11.49 | O6: =SUM(B6:N6) -> 561.04 | T6: 120
A7: OTHER SPL STEEL | B7: =6061.414-5258.528 -> 802.886 | D7: =7029.995-6236.958 -> 793.037 | E7: =7040.803-6054.863 -> 985.94 | F7: =7166.965-6292.117 -> 874.848 | G7: =7169.078-6081.88 -> 1087.198 | H7: =7167.21-6262.044 -> 905.166 | I7: =7234.295-6574.299 -> 659.996 | J7: =7227.105-6237.909 -> 989.196 | K7: =7359.97-6546.338 -> 813.632 | L7: =7342.006-6267.357 -> 1074.649 | M7: =7225.223-6456.495 -> 768.728 | N7: =7340.383-6198.729 -> 1141.654 | O7: =SUM(B7:N7) -> 10896.93 | T7: 6946
A8: TOTAL | B8: =SUM(B3:B7) -> 6061.414 | D8: =SUM(D3:D7) -> 7029.995 | E8: =SUM(E3:E7) -> 7040.803 | F8: =SUM(F3:F7) -> 7166.965 | G8: =SUM(G3:G7) -> 7169.078 | H8: =SUM(H3:H7) -> 7167.21 | I8: =SUM(I3:I7) -> 7234.295 | J8: =SUM(J3:J7) -> 7227.105 | K8: =SUM(K3:K7) -> 7359.97 | ... N8: =SUM(N3:N7) -> 7340.383 | O8: =SUM(B8:N8) -> 85364.447 | T8: 2100
T9: 2400
A10: SUMMARY OF ABOVE | T10: =SUM(T4:T9) -> 12850
A11: GRRDD GROUP | B11: TOTAL | T11: 643
A12: CARBON STEEL | B12: 57110
A13: STN. STEEL | B13: 561
A14: ALLOY ATEEL | B14: =10897+16796 -> 27693 | BB14: 1
B15: =SUM(B12:B14) -> 85364
A18: GRADE-GROUP WISE MONTH-WISE CRUDE STEEL FOR CALENDER YEAR 2016
A19: GRD GROUP | B19: JAN'16 | D19: FEB'16 | E19: MARCH'16 | F19: APRIL'16 | G19: MAY'16 | H19: JUNE'16 | I19: JULY'16 | J19: AUG'16 | K19: SEPT'16 | L19: OCT'16 | M19: NOV'16 | N19: DEC'16 | O19: YR. 2016
A20: CARBON STEEL | B20: 5667 | D20: 4523 | E20: 3386 | F20: 3687 | G20: 4741 | H20: 5176 | I20: 5147 | J20: 5090 | K20: 4272 | L20: 4136 | M20: 5891 | N20: 4769 | O20: =SUM(B20:N20) -> 56485
A21: STN. STEEL | B21: 0 | D21: 0 | E21: 271 | F21: 0 | G21: 208 | H21: 0 | I21: 41 | J21: 0 | K21: 0 | L21: 0 | M21: 0 | N21: 0 | O21: =SUM(B21:N21) -> 520
A22: ALLOY STEELS | B22: =7603-5667 -> 1936 | D22: =7061-4523 -> 2538 | E22: =7592-3657 -> 3935 | F22: =7397-3687 -> 3710 | G22: =7827-4949 -> 2878 | H22: =7409-5176 -> 2233 | I22: =7487-5188 -> 2299 | J22: =7853-5090 -> 2763 | K22: =7344-4272 -> 3072 | L22: =7565-4136 -> 3429 | M22: =7736-5891 -> 1845 | N22: =7405-4769 -> 2636 | O22: =SUM(B22:N22) -> 33274 | BB22: 1
A23: TOTAL | B23: =SUM(B19:B22) -> 7603 | D23: =SUM(D19:D22) -> 7061 | E23: =SUM(E19:E22) -> 7592 | F23: =SUM(F19:F22) -> 7397 | G23: =SUM(G19:G22) -> 7827 | H23: =SUM(H19:H22) -> 7409 | I23: =SUM(I19:I22) -> 7487 | J23: =SUM(J19:J22) -> 7853 | K23: =SUM(K19:K22) -> 7344 | ... N23: =SUM(N19:N22) -> 7405 | O23: =SUM(B23:N23) -> 90279
A25: SUMMARY OF ABOVE
A26: GRRDD GROUP | B26: TOTAL | BB26: 0
A27: CARBON STEEL | B27: =+O20 -> 56485
A28: STN. STEEL | B28: =O21 -> 520
A29: ALLOY ATEEL | B29: =O22 -> 33274
B30: =SUM(B27:B29) -> 90279
A34: Ref : Tab2_01
A36: YEAR-WISE STN CRUDE & SALEABLE
A37: GRD GROUP | B37: 2010-11 | D37: 2011-12 | E37: 2012-13 | F37: 2013-14 | G37: 2014-15 | H37: 2015-16 | I37: 16-17 TILL DT
A38: CRUDE | B38: 68883 | D38: 31660 | E38: 862 | F38: 1088 | G38: 1114 | H38: 1148 | I38: 296
A39: SALEABLE | B39: 66706 | D39: 29160 | E39: 1019 | F39: 545 | G39: 647 | H39: 776 | I39: 400
A41: Details relating to stainless steel slab despatch to salem
A42: YEAR | B42: 2012-13 | D42: 2013-14 | E42: 2014-15 | F42: 2015-16 | G42: 2016-17 | H42: 2017-18
A43: DESPATCH(T) | B43: NIL | D43: NIL | E43: NIL | F43: NIL | G43: NIL | H43: 87.16
A48: GRADE-GROUP WISE MONTH-WISE CRUDE STEEL FOR CALENDER YEAR 2017
A49: GRD GROUP | B49: JAN'17 | D49: FEB'17 | E49: MARCH'17 | F49: APRIL'17 | G49: MAY'17 | H49: JUNE'17 | I49: JULY'17 | J49: AUG'17 | K49: SEPT'17 | L49: OCT'17 | M49: NOV'17 | N49: DEC'17 | O49: YR. 2017
A50: CARBON STEEL | B50: 4548 | D50: 3708 | E50: 2542 | F50: 4089 | G50: 5748 | H50: 5296 | I50: 5661 | J50: 5240 | K50: 6235 | L50: 4693 | M50: 4182 | N50: 4493 | O50: =SUM(B50:N50) -> 56435
A51: STN. STEEL | B51: 47 | D51: 0 | E51: 0 | F51: 0 | G51: 0 | H51: 0 | I51: 0 | J51: 100 | K51: 0 | L51: 0 | M51: 0 | N51: 45 | O51: =SUM(B51:N51) -> 192
A52: ALLOY STEELS | B52: =7396-4548-47 -> 2801 | D52: =7019-3708 -> 3311 | E52: =5669-2542 -> 3127 | F52: =7314-4089 -> 3225 | G52: =7975-5748 -> 2227 | H52: =7903-5296 -> 2607 | I52: =8016-5661 -> 2355 | J52: =8221-5340 -> 2881 | K52: =8572-6235 -> 2337 | L52: =7136-4693 -> 2443 | M52: =6610-4182 -> 2428 | N52: =8203-4493-45 -> 3665 | O52: =SUM(B52:N52) -> 33407
A53: TOTAL | B53: =SUM(B49:B52) -> 7396 | D53: =SUM(D49:D52) -> 7019 | E53: =SUM(E49:E52) -> 5669 | F53: =SUM(F49:F52) -> 7314 | G53: =SUM(G49:G52) -> 7975 | H53: =SUM(H49:H52) -> 7903 | I53: =SUM(I49:I52) -> 8016 | J53: =SUM(J49:J52) -> 8221 | K53: =SUM(K49:K52) -> 8572 | ... N53: =SUM(N49:N52) -> 8203 | O53: =SUM(B53:N53) -> 90034
H54: ~
A55: SUMMARY OF ABOVE
A56: GRRDD GROUP | B56: TOTAL
A57: CARBON STEEL | B57: =+O50 -> 56435
A58: STN. STEEL | B58: =O51 -> 192
A59: ALLOY ATEEL | B59: =O52 -> 33407
B60: =SUM(B57:B59) -> 90034
A72: SAIL/ASP
D73: STEEL AUHTORITY OF INDIA LIMITED
D74: ALLOY STEELS PLANT
D75: DURGAPUR(WEST BENGAL)
E76: PIN 713209
A78: GRADE-GROUP WISE MONTH-WISE CRUDE STEEL FOR CALENDER YEAR 2018
A79: GRD GROUP | B79: JAN'18 | D79: FEB'18 | E79: MARCH'18 | F79: APRIL'18 | G79: MAY'18 | H79: JUNE'18 | I79: JULY'18 | J79: AUG'18 | K79: SEPT'18 | L79: OCT'18 | M79: NOV'18 | N79: DEC'18 | O79: YR. 2018
A80: CARBON STEEL | B80: 4583 | D80: 4778 | E80: 7095 | F80: 4349 | G80: 4234 | H80: 4226 | I80: 4187 | J80: 5814 | K80: 4538 | L80: 5828 | M80: 5434 | N80: 5853 | O80: =SUM(B80:N80) -> 60919
A81: STN. STEEL | B81: 215 | E81: 57 | F81: 0 | G81: 0 | H81: 109 | I81: 105 | J81: 0 | K81: 0 | L81: 105 | M81: 104 | N81: 93 | O81: =SUM(B81:N81) -> 788
A82: ALLOY STEELS | B82: =8212-4798 -> 3414 | D82: =7923-4778 -> 3145 | E82: =9197-7152 -> 2045 | F82: =7898-4349 -> 3549 | G82: =7710-4234 -> 3476 | H82: =7830-4335 -> 3495 | I82: =7876-4292 -> 3584 | J82: =8786-5814 -> 2972 | K82: =7777-4538 -> 3239 | L82: =9493-5933 -> 3560 | M82: =8888-5538 -> 3350 | N82: =8710-5946 -> 2764 | O82: =SUM(B82:N82) -> 38593
A83: TOTAL | B83: =SUM(B79:B82) -> 8212 | D83: =SUM(D79:D82) -> 7923 | E83: =SUM(E79:E82) -> 9197 | F83: =SUM(F79:F82) -> 7898 | G83: =SUM(G79:G82) -> 7710 | H83: =SUM(H79:H82) -> 7830 | I83: =SUM(I79:I82) -> 7876 | J83: =SUM(J79:J82) -> 8786 | K83: =SUM(K79:K82) -> 7777 | ... N83: =SUM(N79:N82) -> 8710 | O83: =SUM(B83:N83) -> 100300
A85: SUMMARY OF ABOVE
A86: GRRDD GROUP | B86: TOTAL
A87: CARBON STEEL | B87: =+O80 -> 60919
A88: STN. STEEL | B88: =O81 -> 788
A89: ALLOY ATEEL | B89: =O82 -> 38593
B90: =SUM(B87:B89) -> 100300
A94: GRADE-GROUP WISE MONTH-WISE CRUDE STEEL FOR CALENDER YEAR 2018
A95: ELEMENT | B95: JAN'18 | D95: FEB'18 | E95: MARCH'18 | F95: APRIL'18 | G95: MAY'18 | H95: JUNE'18 | I95: JULY'18 | J95: AUG'18 | K95: SEPT'18 | L95: OCT'18 | M95: NOV'18 | N95: DEC'18 | O95: YR. 2018
A96: INGOT | B96: 6736 | D96: 7667 | E96: 7624 | F96: 6531 | G96: 6577 | H96: 7133 | I96: 6499 | J96: 8125 | K96: 7444 | L96: 8857 | M96: 8888 | N96: 8279 | O96: =SUM(B96:N96) -> 90360
A97: CC | B97: =8212-6736 -> 1476 | D97: =7923-7667 -> 256 | E97: =9197-7624 -> 1573 | F97: =7898-6531 -> 1367 | G97: =7710-6577 -> 1133 | H97: =7830-7133 -> 697 | I97: =7876-6499 -> 1377 | J97: =8786-8125 -> 661 | K97: =7777-7444 -> 333 | L97: =9493-8857 -> 636 | M97: 0 | N97: =8710-8279 -> 431 | O97: =SUM(B97:N97) -> 9940
A98: CRUDE | B98: =+B96+B97 -> 8212 | D98: =+D96+D97 -> 7923 | E98: =+E96+E97 -> 9197 | F98: =+F96+F97 -> 7898 | G98: =+G96+G97 -> 7710 | H98: =+H96+H97 -> 7830 | I98: =+I96+I97 -> 7876 | J98: =+J96+J97 -> 8786 | K98: =+K96+K97 -> 7777 | ... N98: =+N96+N97 -> 8710 | O98: =SUM(B98:N98) -> 100300
A101: MONTH WISE CRUDE STEEL PRODUCTION FOR 2019-20 (UPTO SEPT'19)
A102: ELEMENT | B102: APR'19 | D102: MAY'19 | E102: JUNE'19 | F102: JULY'19 | G102: AUG'19 | H102: SEPT'19 | I102: UPTO SEPT'19
A103: INGOT | B103: 7074 | D103: 8789 | E103: 8910 | F103: 10055 | G103: 10298 | H103: 9843 | I103: =+B103+D103+E103+F103+G103+H103 -> 54969
A104: CC | B104: =7775-7074 -> 701 | D104: =9001-8789 -> 212 | E104: =9193-8910 -> 283 | F104: =10225-10055 -> 170 | G104: 0 | H104: 0 | I104: =+B104+D104+E104+F104+G104+H104 -> 1366
A105: CRUDE | B105: =+B103+B104 -> 7775 | D105: =+D103+D104 -> 9001 | E105: =+E103+E104 -> 9193 | F105: =+F103+F104 -> 10225 | G105: =+G103+G104 -> 10298 | H105: =+H103+H104 -> 9843 | I105: =+B105+D105+E105+F105+G105+H105 -> 56335
A108: GRADE-GROUP WISE MONTH-WISE CRUDE STEEL FOR CALENDER YEAR 2019
A109: ELEMENT | B109: JAN'19 | D109: FEB'19 | E109: MARCH'19 | F109: APRIL'19 | G109: MAY'19 | H109: JUNE'19 | I109: JULY'19 | J109: AUG'19 | K109: SEPT'19 | L109: OCT'19 | M109: NOV'19 | N109: DEC'19 | O109: YR. 2019(T)
A110: CC | B110: 7352 | D110: 4698 | E110: 6905 | F110: 4969 | G110: 5594 | H110: 6585 | I110: 8131 | J110: 7465 | K110: 6674 | L110: 6741 | M110: 7521 | N110: 5471 | O110: =SUM(B110:N110) -> 78106
A111: ALLOY STEELS | B111: =9826-7352 -> 2474 | D111: =7212-4698-204 -> 2310 | E111: =9151-6905 -> 2246 | F111: =7775-4969-304 -> 2502 | G111: =9001-5594 -> 3407 | H111: =9193-6585-210 -> 2398 | I111: =10225-8131-52 -> 2042 | J111: =10298-7465 -> 2833 | K111: =9843-6674-53 -> 3116 | L111: =9579-6741 -> 2838 | M111: =9937-7521 -> 2416 | N111: =8186-5471-101 -> 2614 | O111: =SUM(B111:N111) -> 31196
A112: STN | B112: 0 | D112: 204 | F112: 304 | H112: 210 | I112: 52 | K112: 53 | N112: 101 | O112: =SUM(B112:N112) -> 924
A113: CRUDE | B113: =+B110+B111+B112 -> 9826 | D113: =+D110+D111+D112 -> 7212 | E113: =+E110+E111+E112 -> 9151 | F113: =+F110+F111+F112 -> 7775 | G113: =+G110+G111+G112 -> 9001 | H113: =+H110+H111+H112 -> 9193 | I113: =+I110+I111+I112 -> 10225 | J113: =+J110+J111+J112 -> 10298 | K113: =+K110+K111+K112 -> 9843 | ... N113: =+N110+N111+N112 -> 8186 | O113: =SUM(B113:N113) -> 110226
A114: स्टीळ अ‍ॅथारिटी ऑफ इंडिया लिमिटेड
A116: एलॉय स्टील प्ळांट
A120: SUMMARY OF ABOVE
A121: GRRDD GROUP | B121: TOTAL(T)
A122: CARBON STEEL | B122: =O110 -> 78106
A123: ALLOY ATEEL | B123: =O111 -> 31196
A124: STN | B124: =O112 -> 924
A125: GRAND TOTAL | B125: =SUM(B122:B124) -> 110226
A129: HOT METAL RECEIVD
A130: YEAR | B130: TONNNAGE
A131: 2015-16 | B131: 6378
A132: 2016-17 | B132: 16860
A133: 2017-18 | B133: 20409
A134: 2018-19 TILL DT | B134: 20409
A139: STEEL AUTHORITY OF INDIA LIMITED
A141: ALLOY STEEL PLANT DURGAPUR-713208
A145: YEAR-WISE UNIT -WISE NO OF HEATS
A146: YEAR | B146: 2012-13 | D146: 2013-14 | E146: 2014-15 | F146: 2015-16 | G146: 2016-17 | H146: 2017-18
A147: LF1 | B147: 1308 | D147: 1225 | E147: 1096 | F147: 608 | G147: 830 | H147: 1107
A148: LF2 | B148: 566 | D148: 288 | E148: 82 | F148: 10 | G148: NIL | H148: NIL'
...

Sheet DAILY FLASH
AH1: CUMM prev dt | AI1: =AL5 -> 01.06.2026 | AQ1: स्टीळ अ‍ॅथारिटी ऑफ इंडिया लिमिटेड | AW1: UNIT: T | AX1: 2026-27 | AZ1: ABP | BA1: ACT TILL DT | BB1: RATE | BC1: % ABP | BE1: TILL 22/01' | BF1: TILL 23/03
AG2: crude | AH2: 5809565.1 | AJ2: ING SOLID | AK2: =AP14 -> 20339.81 | AL2: एलॉय स्टील प्ळांट | AX2: CRUDE | AZ2: 150797 | BA2: =AI20+AN20 -> 21246.991 | BB2: =BA2/BK2*BH2 -> 127133.63 | BC2: =+BB2/AZ2% -> 84.307801 | BE2: 7085976 | BF2: =7085976+3918+10848+8007 -> 7108749 | BH2: =306+28+31 -> 365 | BI2: 1 | BJ2: 60 | BK2: =BJ2+BI2 -> 61 | BL2: =30+31+30+31+31+30+31+30+31+15 -> 290
AG3: saleable | AH3: 5809310.9 | AJ3: CCS SOLID | AK3: =AP19 -> 907.181 | AL3: PERFORMANCE REPORT FOR 24 HRS. ENDING AT 06:00 HRS. AS ON | AX3: SAL. | AZ3: 146285 | BA3: =AI56+AN56 -> 22620.088 | BB3: =BA3/BK3*BH3 -> 133159.76 | BC3: =+BB3/AZ3% -> 91.027626 | BE3: 5656023 | BF3: =5656023+3800+10677+7788 -> 5678288 | BH3: 312 | BI3: 1 | BJ3: 52 | BK3: =BJ3+BI3 -> 53 | BL3: =27+27+25+27+26+26+27+25+27+13 -> 250 | BR3: =30+31+30-13 -> 78
P4: 131470 | AN4: FIGURES IN TON | AP4: SINCE INCEPTION | AR4: CRUDE | AS4: =+AH2+AL20 -> 5810130.3 | AT4: SALEABLE | AU4: =AH3+AL56 -> 5809770.1 | AX4: BBM CH WT | AZ4: 160480 | BA4: =AP31 -> 25549.399 | BB4: =BA4/BK4*BH4 -> 151349.77 | BC4: =+BB4/AZ4% -> 94.310676 | BH4: 311 | BI4: 0.5 | BJ4: 52 | BK4: =BJ4+BI4 -> 52.5 | BL4: =26+26.5+25.5+26+27+26+25.5+25.5+27+24.5+2.5 -> 262
N5: 50.666667 | P5: =262-46.55 -> 215.45 | AJ5: LIQUID STEEL | AK5: =AP12 -> 22090.47 | AL5: 01.06.2026 | AX5: DESP | AZ5: 148285 | BA5: =AP58 -> 23199.71 | BB5: =BA5/BK5*BH5 -> 136571.88 | BC5: =+BB5/AZ5% -> 92.100939 | BH5: 312 | BI5: 1 | BJ5: 52 | BK5: =BJ5+BI5 -> 53
P6: =+P4/P5 -> 610.21119 | AJ6: CC LIQ | AK6: =AP79 -> 879.53 | AQ6: दैनिक एम आई एस रिपोर्ट | AX6: DSP ING. | AZ6: 6500 | BA6: =AP72 -> 585 | BB6: =BA6/BK6*BH6 -> 3500.4098 | BC6: =+BB6/AZ6% -> 53.852459 | BH6: =306+28+31 -> 365 | BI6: 1 | BJ6: 60 | BK6: =BJ6+BI6 -> 61
AG7: =+V12/7 -> 59.742857 | AI7: =407-465 -> -58 | AJ7: ING LIQ | AK7: =AP80 -> 21206.945 | BN7: =30+31+30+31 -> 122 | BQ7: =13+9 -> 22
A8: - | B8: - | C8: - | D8: - | E8: - | F8: - | G8: - | H8: - | I8: - | J8: - | K8: - | L8: - | M8: - | N8: - | O8: - | P8: - | Q8: - | R8: - | S8: - | T8: - | U8: - | V8: - | W8: - | Y8: - | Z8: - | AA8: - | AB8: - | AC8: - | AD8: - | AE8: - | AF8: - | AG8: - | AK8: ON | AL8: DATE | AM8: TO DATE | AO8: W.R.T | AV8: PREV. | BA8: GRADE-WISE HEATS IN THE MONTH | BM8: =30+30+31+3 -> 94
A9: 1 | B9: =A9+1 -> 2 | C9: =B9+1 -> 3 | D9: =C9+1 -> 4 | E9: =D9+1 -> 5 | F9: =E9+1 -> 6 | G9: =F9+1 -> 7 | H9: =G9+1 -> 8 | I9: =H9+1 -> 9 | ... AE9: =AD9+1 -> 31 | AF9: MAX | AG9: MAY'26 | AJ9: DETAILS | AV9: DAY | AW9: MONTHLY | AX9: MONTH | AY9: YEARLY | AZ9: YEAR | BQ9: =30+30+31-11+3 -> 83
K10: =J10 | L10: AL/AU | P10: AL/AU | T10: AL/AU | X10: AL/AU | AC10: AL/AU | AG10: TILL DATE | AK10: ABP | AL10: ACTUAL | AM10: ABP | AN10: ACTUAL | AO10: APP | AP10: ACTUAL | AQ10: ABP | AR10: RATE | AS10: % | AT10: April'26 | AU10: May'25 | AV10: PERF. | AW10: BEST | AX10: YEAR | AY10: BEST | BA10: GRADES | BB10: ON DATE | BC10: TILL DATE
A11: - | B11: - | C11: - | D11: - | E11: - | F11: - | G11: - | H11: - | I11: - | J11: - | K11: - | L11: - | M11: - | N11: - | O11: - | P11: - | Q11: - | R11: - | S11: - | T11: - | U11: - | V11: - | W11: - | X11: - | Y11: - | Z11: - | AA11: - | AB11: - | AC11: - | AD11: - | AE11: - | AF11: - | AG11: - | AO11: % | AP11: 25-26 | AU11: CPLY | AV11: - | AW11: ALL TIME | AY11: ALL TIME
A12: 211 | B12: 320 | C12: =369 -> 369 | D12: =315-0.45 -> 314.55 | E12: 367.2 | F12: =306+0.65 -> 306.65 | G12: 368.55 | H12: =362 -> 362 | I12: =371+0.78-0.27 -> 371.51 | J12: =152 -> 152 | K12: =411.12 -> 411.12 | L12: =364 -> 364 | M12: =424 -> 424 | N12: =369+0.9 -> 369.9 | O12: 200.35 | P12: =306 -> 306 | Q12: =303 -> 303 | R12: 365.2 | S12: 425.2 | T12: =321 -> 321 | U12: =267 -> 267 | V12: =418+0.2 -> 418.2 | W12: =413 -> 413 | X12: =349 -> 349 | Y12: =352.4 -> 352.4 | Z12: =369 -> 369 | AA12: =315 -> 315 | AB12: =522 -> 522 | AC12: =463 -> 463 | AD12: 515 | AE12: =585 -> 585 | AF12: =MAX(A12:AE12) -> 585 | AG12: =SUM(A12:AE12) -> 11200.83 | AI12: 10889.64 | AJ12: LIQUID STEEL | AK12: =AQ12/BH12*BI12 -> 385.80645 | AL12: =AE12 -> 585 | AM12: =SUM(AQ12/BH12*BK12) -> 11960 | AN12: =AG12 -> 11200.83 | AO12: =+AN12/AM12*100 -> 93.652425 | AP12: =+AN12+AI12 -> 22090.47 | AQ12: 11960 | AR12: =AN12*BH12/BK12 -> 11200.83 | AS12: =SUM(AR12*100/AQ12) -> 93.652425 | AT12: 10885.645 | AU12: 11206.97 | AV12: =AD12 -> 515 | AW12: 26716 | AX12: MAR'97 | AY12: 268353 | AZ12: 96-97 | BA12: SPADE M1 | BB12: 0 | BC12: =BD12+BB12 -> 10 | BD12: 10 | BG12: =+BH12-BK12 -> 0 | BH12: 31 | BI12: =BI2 -> 1 | BJ12: 30 | BK12: =BJ12+BI12 -> 31
A13: 0 | B13: 0 | C13: 0 | D13: 0 | E13: 0 | F13: =53+54.15 -> 107.15 | G13: 0 | H13: 0 | I13: 0 | J13: 0 | K13: 0 | L13: 0 | M13: 0 | N13: 0 | O13: 0 | P13: 0 | Q13: 0 | R13: 0 | S13: 0 | T13: 0 | U13: 0 | V13: 0 | W13: 0 | X13: 0 | Y13: 0 | Z13: 0 | AA13: 0 | AB13: 0 | AC13: 0 | AD13: 0 | AE13: 0 | AF13: =MAX(A13:AE13) -> 107.15 | AG13: =SUM(A13:AE13) -> 107.15 | AI13: 0 | AJ13: STN:LIQ | AK13: =AQ13/BH13*BI13 -> 0 | AL13: =AE13 -> 0 | AM13: =SUM(AQ13/BH13*BK13) -> 0 | AN13: =AG13 -> 107.15 | AP13: =+AN13+AI13 -> 107.15 | AQ13: 0 | AS13: =SUM(AR13*100/AQ13) -> #DIV/0! | AT13: 0 | AU13: 51.6 | AV13: =AD13 -> 0 | AW13: 8768 | AX13: NOV'09 | BA13: DMRL1750 | BB13: 0 | BC13: =BD13+BB13 -> 0 | BD13: 0 | BG13: =+BH13-BK13 -> 0 | BH13: =+BH12 -> 31 | BI13: =BI12 -> 1 | BJ13: 30 | BK13: =BJ13+BI13 -> 31 | BS13: =30+30+31+4 -> 95
A14: 204.4 | B14: =308.15 -> 308.15 | C14: =357.15 -> 357.15 | D14: =304.1 -> 304.1 | E14: 355.2 | F14: =295.65 -> 295.65 | G14: 349.8 | H14: 349.85 | I14: =309.15 -> 309.15 | J14: =146 -> 146 | K14: 338.22 | L14: =352.55 -> 352.55 | M14: =409 -> 409 | N14: =357.15+0.8 -> 357.95 | O14: 192.85 | P14: =246.85 -> 246.85 | Q14: 293.15 | R14: 302.4 | S14: 359.2 | T14: =309.7 -> 309.7 | U14: =258.45 -> 258.45 | V14: =405.5+0.05 -> 405.55 | W14: =349.65 -> 349.65 | X14: =287.5 -> 287.5 | Y14: 340 | Z14: =359.25 -> 359.25 | AA14: =304 -> 304 | AB14: =453.45 -> 453.45 | AC14: 446.45 | AD14: =448.95 -> 448.95 | AE14: =565.15 -> 565.15 | AF14: =MAX(A14:AE14) -> 565.15 | AG14: =SUM(A14:AE14) -> 10359.72 | AI14: 9980.09 | AJ14: INGOT | AK14: =AQ14/BH14*BI14 -> 355 | AL14: =AE14 -> 565.15 | AM14: =SUM(AQ14/BH14*BK14) -> 11005 | AN14: =AG14 -> 10359.72 | AO14: =+AN14/AM14*100 -> 94.136483 | AP14: =AN14+AI14 -> 20339.81 | AQ14: 11005 | AR14: =AN14*BH14/BK14 -> 10359.72 | AS14: =SUM(AR14*100/AQ14) -> 94.136483 | AT14: 9977.07 | AU14: 10052.6 | AV14: =AD14 -> 448.95 | AW14: 15089 | AX14: MAR'89 | AY14: 151556 | AZ14: 88-89 | BA14: Jackal | BB14: 0 | BC14: =BD14+BB14 -> 0 | BD14: 0 | BG14: =+BH14-BK14 -> 0 | BH14: =+BH13 -> 31 | BI14: =BI13 -> 1 | BJ14: 30 | BK14: =BJ14+BI14 -> 31
A15: 0 | B15: 0 | C15: 0 | D15: 0 | E15: 0 | F15: =43.75+52.65 -> 96.4 | G15: 0 | H15: 0 | I15: 0 | J15: 0 | K15: 0 | L15: 0 | M15: 0 | N15: 0 | O15: 0 | P15: 0 | Q15: 0 | R15: 0 | S15: 0 | T15: 0 | U15: 0 | V15: 0 | W15: 0 | X15: 0 | Y15: 0 | Z15: 0 | AA15: 0 | AB15: 0 | AC15: 0 | AD15: 0 | AE15: 0 | AF15: =MAX(A15:AE15) -> 96.4 | AG15: =SUM(A15:AE15) -> 96.4 | AH15: =+AH16/AH17*100 -> 97.418055 | AI15: 0 | AJ15: STN:ING | AK15: =AQ15/BH15*BI15 -> 0 | AL15: =AE15 -> 0 | AM15: =SUM(AQ15/BH15*BK15) -> 0 | AN15: =AG15 -> 96.4 | AP15: 0 | AQ15: 0 | AR15: =AN15*BH15/BK15 -> 96.4 | AT15: 0 | AU15: 48.6 | AV15: =AD15 -> 0 | BA15: SAILRATH | BB15: 0 | BC15: =BD15+BB15 -> 0 | BD15: 0 | BG15: =+BH15-BK15 -> 0 | BH15: =+BH14 -> 31 | BI15: =BI14 -> 1 | BJ15: 30 | BK15: =BJ15+BI15 -> 31 | BP15: =150/23*29 -> 189.13043
A16: 0 | B16: 0 | C16: 0 | D16: 0 | E16: 0 | F16: 0 | G16: 0 | H16: 0 | I16: 51.04 | J16: 0 | K16: 47.39 | L16: 0 | M16: 0 | N16: 0 | O16: 0 | P16: 0 | Q16: 0 | R16: =50.9-0.04 -> 50.86 | S16: 52.01 | T16: 0 | U16: 0 | V16: 0 | W16: =49.5-0.34 -> 49.16 | X16: 49.6 | Y16: 0 | Z16: 0 | AA16: 0 | AB16: 48.79 | AC16: 0 | AD16: 50.621 | AE16: 0 | AG16: =SUM(A16:AE16) -> 399.471 | AH16: =3.65+49.55 -> 53.2 | AI16: 507.71 | AJ16: CC SLAB | AK16: =AQ16/BH16*BI16 -> 19.580645 | AL16: =AE16 -> 0 | AM16: =SUM(AQ16/BH16*BK16) -> 607 | AN16: =AG16 -> 399.471 | AP16: =AN16+AI16 -> 907.181 | AQ16: 607 | AR16: =AN16*BH16/BK16 -> 399.471 | AS16: =SUM(AR16*100/AQ16) -> 65.810708 | AT16: 507.08 | AU16: 733.06 | AV16: =AD16 -> 50.621 | AW16: 13036 | AX16: MAR'94 | AY16: 112288 | AZ16: 10-11 | BB16: 0 | BC16: =BD16+BB16 -> 0 | BD16: 0 | BG16: =+BH16-BK16 -> 0 | BH16: =++BH15 -> 31 | BI16: =BI15 -> 1 | BJ16: 30 | BK16: =BJ16+BI16 -> 31
A17: 0 | B17: 0 | C17: 0 | D17: 0 | E17: 0 | F17: 0 | G17: 0 | H17: 0 | I17: 0 | J17: 0 | K17: 0 | L17: 0 | M17: 0 | N17: 0 | O17: 0 | P17: 0 | Q17: 0 | R17: 0 | S17: 0 | T17: 0 | U17: 0 | V17: 0 | W17: 0 | X17: 0 | Y17: 0 | Z17: 0 | AA17: 0 | AB17: 0 | AC17: 0 | AD17: 0 | AE17: 0 | AF17: 0 | AG17: =SUM(A17:AE17) -> 0 | AH17: =3.65+50.96 -> 54.61 | AI17: 0 | AJ17: CC BLOOM | AK17: 0 | AL17: =AE17 -> 0 | AM17: =SUM(AQ17/BH17*BK17) -> 0 | AN17: =AG17 -> 0 | AP17: =AN17+AI17 -> 0 | AQ17: 0 | AR17: =SUM(AN17*BH17/BK17) -> 0 | AS17: 0 | AT17: 0 | AU17: 0 | AV17: =AD17 -> 0 | BA17: TOTAL CC HTS | BB17: =SUM(BB12:BB15) -> 0 | BC17: =BD17+BB17 -> 11 | BD17: 11 | BH17: =+BH16 -> 31 | BI17: =BI16 -> 1 | BJ17: 30 | BK17: =BJ17+BI17 -> 31
A18: 0 | B18: 0 | C18: 0 | D18: 0 | E18: 0 | F18: 0 | G18: 0 | H18: 0 | I18: 0 | J18: 0 | K18: 0 | L18: 0 | M18: 0 | N18: 0 | O18: 0 | P18: 0 | Q18: 0 | R18: 0 | S18: 0 | T18: 0 | U18: 0 | V18: 0 | W18: 0 | X18: 0 | Y18: 0 | Z18: 0 | AA18: 0 | AB18: 0 | AC18: 0 | AD18: 0 | AE18: 0 | AG18: 0 | AH18: =+AH19-AG18 -> 1254.14 | AI18: 0 | AK18: 0 | AL18: =AE18 -> 0 | AM18: =SUM(AQ18/BH18*BK18) -> 0 | AN18: =AG18 -> 0 | AQ18: 0 | AR18: =SUM(AN18*BH18/BK18) -> 0 | AT18: 0 | AU18: 0 | AV18: =AD18 -> 0 | BA18: HADFIELD | BB18: 0 | BC18: =BD18+BB18 -> 3 | BD18: 3 | BE18: =1+2+3+14+49+17+4 -> 90 | BH18: =+BH17 -> 31 | BI18: =BI17 -> 1 | BJ18: 30 | BK18: =BJ18+BI18 -> 31
A19: =A17+A16 -> 0 | B19: =B17+B16 -> 0 | C19: =C17+C16 -> 0 | D19: =D17+D16 -> 0 | E19: =E17+E16 -> 0 | F19: =F17+F16 -> 0 | G19: =G17+G16 -> 0 | H19: =H17+H16 -> 0 | ... AE19: =AE17+AE16 -> 0 | AF19: =MAX(A19:AE19) -> 52.01 | AG19: =+AG16+AG17 -> 399.471 | AH19: 1254.14 | AI19: 507.71 | AJ19: TOT. CCS PROD | AK19: =AQ19/BH19*BI19 -> 19.580645 | AL19: =AE19 -> 0 | AM19: =SUM(AQ19/BH19*BK19) -> 607 | AN19: =AG19 -> 399.471 | AP19: =AN19+AI19 -> 907.181 | AQ19: =+AQ16 -> 607 | AR19: =AN19*BH19/BK19 -> 399.471 | AS19: =SUM(AR19*100/AQ19) -> 65.810708 | AT19: 507.08 | AU19: 733.06 | AV19: =AD19 -> 50.621 | AW19: 8488 | AX19: NOV'09 | AY19: 112288 | AZ19: 10-11 | BA19: SPADE M2 | BB19: 0 | BC19: =BD19+BB19 -> 0 | BD19: 0 | BH19: =+BH18 -> 31 | BI19: =BI18 -> 1 | BJ19: 30 | BK19: =BJ19+BI19 -> 31
A20: =+A19+A14 -> 204.4 | B20: =+B19+B14 -> 308.15 | C20: =+C19+C14 -> 357.15 | D20: =+D19+D14 -> 304.1 | E20: =+E19+E14 -> 355.2 | F20: =+F19+F14 -> 295.65 | G20: =+G19+G14 -> 349.8 | H20: =+H19+H14 -> 349.85 | ... AE20: =+AE19+AE14 -> 565.15 | AF20: =MAX(A20:AE20) -> 565.15 | AG20: =SUM(A20:AE20) -> 10759.191 | AI20: 10487.8 | AJ20: CRUDE | AK20: =AQ20/BH20*BI20 -> 374.58065 | AL20: =AE20 -> 565.15 | AM20: =SUM(AQ20/BH20*BK20) -> 11612 | AN20: =AG20 -> 10759.191 | AO20: =+AN20/AM20*100 -> 92.655796 | AP20: =AN20+AI20 -> 21246.991 | AQ20: =+AQ19+AQ14 -> 11612 | AR20: =AN20*BH20/BK20 -> 10759.191 | AS20: =SUM(AR20*100/AQ20) -> 92.655796 | AT20: 10484.15 | AU20: 10785.66 | AV20: =AD20 -> 499.571 | AW20: 24735 | AX20: MAR'97 | AY20: 248175 | AZ20: 96-97 | BA20: 9260 | BB20: 0 | BC20: =BD20+BB20 -> 0 | BD20: 0 | BG20: =BH20-BK20 -> 0 | BH20: =BH21 -> 31 | BI20: =BI19 -> 1 | BJ20: 30 | BK20: =BJ20+BI20 -> 31
A21: 5 | B21: 7 | C21: 7 | D21: 6 | E21: 7 | F21: 7 | G21: 6 | H21: 7 | I21: 7 | J21: 4 | K21: 6 | L21: 9 | M21: 7 | N21: 8 | O21: 4 | P21: 6 | Q21: 5 | R21: 7 | S21: 7 | T21: 7 | U21: 7 | V21: 6 | W21: 9 | X21: 7 | Y21: 6 | Z21: 8 | AA21: 8 | AB21: 9 | AC21: 9 | AD21: 9 | AE21: 8 | AF21: =MAX(A21:AE21) -> 9 | AG21: =SUM(A21:AE21) -> 215 | AH21: average( | AI21: 209 | AJ21: HEATS: TOTAL | AK21: 8 | AL21: =AE21 -> 8 | AM21: =AM12/53 -> 225.66038 | AN21: =AG21 -> 215 | AP21: =AN21+AI21 -> 424 | AQ21: =AQ12/52 -> 230 | AR21: =AN21*BH21/BK21 -> 215 | AS21: =SUM(AR21*100/AQ21) -> 93.478261 | AT21: 209 | AU21: 217 | AV21: =AD21 -> 9 | BA21: SSB-27 | BB21: 0 | BC21: =BD21+BB21 -> 0 | BD21: 0 | BH21: =BH15 -> 31 | BI21: =BI20 -> 1 | BJ21: 30 | BK21: =BJ21+BI21 -> 31
A22: 1 | B22: 0 | C22: 0 | D22: 0 | E22: 0 | F22: 0 | G22: 1 | H22: 1 | I22: 2 | J22: 1 | K22: 1 | L22: 2 | M22: 1 | N22: 1 | O22: 2 | P22: 1 | Q22: 1 | R22: 1 | S22: 1 | T22: 0 | U22: 1 | V22: 1 | W22: 2 | X22: 2 | Y22: 1 | Z22: 2 | AA22: 2 | AB22: 2 | AC22: 2 | AD22: 2 | AE22: 2 | AF22: =MAX(A22:AE22) -> 2 | AG22: =SUM(A22:AE22) -> 36 | AI22: 39 | AJ22: DSP HM HEATS | AK22: 2 | AL22: =AE22 -> 2 | AN22: =AG22 -> 36 | AP22: =AN22+AI22 -> 75 | AT22: 39 | AU22: 63 | AV22: =AD22 -> 2 | BA22: EA 1N | BB22: 0 | BC22: =BD22+BB22 -> 1 | BD22: 1
A23: 4 | B23: 6 | C23: 7 | D23: 6 | E23: 7 | F23: 6 | G23: 7 | H23: 7 | I23: 7 | J23: 3 | K23: 8 | L23: 7 | M23: 8 | N23: 7 | O23: 4 | P23: 6 | Q23: 6 | R23: 7 | S23: 8 | T23: 6 | U23: 5 | V23: 8 | W23: 8 | X23: 7 | Y23: 7 | Z23: 7 | AA23: 6 | AB23: 10 | AC23: 9 | AD23: 10 | AE23: 11 | AG23: =SUM(A23:AE23) -> 215 | AI23: 209 | AJ23: TEEMING | AL23: =AE23 -> 11 | AN23: =AG23 -> 215 | AT23: 209 | AU23: 217 | AV23: =AD23 -> 10 | BA23: 1875 CL IV | BB23: 0 | BC23: =BD23+BB23 -> 14 | BD23: 14
A24: 0 | B24: 0 | C24: 0 | D24: 0 | E24: 0 | F24: 0 | G24: 0 | H24: 0 | I24: 1 | J24: 0 | K24: 1 | L24: 0 | M24: 0 | N24: 0 | O24: 0 | P24: 0 | Q24: 0 | R24: 1 | S24: 1 | T24: 0 | U24: 0 | V24: 0 | W24: 1 | X24: 1 | Y24: 0 | Z24: 0 | AA24: 0 | AB24: 1 | AC24: 0 | AD24: 1 | AE24: 0 | AF24: =MAX(A24:AE24) -> 1 | AG24: =SUM(A24:AE24) -> 8 | AH24: =770.573-47.73 -> 722.843 | AI24: 10 | AJ24: :CC | AK24: 3 | AL24: =AE24 -> 0 | AN24: =AG24 -> 8 | AP24: =AN24+AI24 -> 18 | AT24: 10 | AU24: 14 | AV24: =AD24 -> 1 | BA24: B-14 | BB24: 0 | BC24: =BD24+BB24 -> 0 | BD24: 0 | BN24: =30-8 -> 22
A25: 2 | B25: 7 | C25: 7 | D25: 6 | E25: 7 | F25: 6 | G25: 2 | H25: 4 | I25: 6 | J25: 3 | K25: 5 | L25: 5 | M25: 6 | N25: 4 | O25: 2 | P25: 4 | Q25: 2 | R25: 6 | S25: 4 | T25: 5 | U25: 2 | V25: 2 | W25: 5 | X25: 4 | Y25: 1 | Z25: 5 | AA25: 4 | AB25: 2 | AC25: 4 | AD25: 4 | AE25: 5 | AF25: =MAX(A25:AE25) -> 7 | AG25: =SUM(A25:AE25) -> 131 | AI25: 108 | AJ25: :VAD | AK25: 0 | AL25: =AE25 -> 5 | AN25: =AG25 -> 131 | AP25: =AN25+AI25 -> 239 | AT25: 108 | AU25: 114 | AV25: =AD25 -> 4 | BA25: R-16 | BB25: 0 | BC25: =BD25+BB25 -> 11 | BD25: 11
A26: 0 | B26: 0 | C26: 0 | D26: 0 | E26: 0 | F26: 1 | G26: 2 | H26: 2 | I26: 1 | J26: 1 | K26: 1 | L26: 2 | M26: 1 | N26: 2 | O26: 1 | P26: 2 | Q26: 3 | R26: 2 | S26: 3 | T26: 2 | U26: 4 | V26: 5 | W26: 9 | X26: 3 | Y26: 4 | Z26: 3 | AA26: 5 | AB26: 3 | AC26: 3 | AD26: 5 | AE26: 3 | AG26: =SUM(A26:AE26) -> 73 | AI26: 83 | AJ26: :VOD | AK26: 0 | AL26: =AE26 -> 3 | AN26: =AG26 -> 73 | AP26: =AN26+AI26 -> 156 | AT26: 83 | AU26: 81 | AV26: =AD26 -> 5 | BA26: 60SICR8 | BB26: 0 | BC26: =BD26+BB26 -> 0 | BD26: 0
A27: 1 | B27: 0 | C27: 0 | D27: 0 | E27: 0 | F27: 0 | G27: 2 | H27: 0 | I27: 0 | J27: 2 | K27: 0 | L27: 0 | M27: 1 | N27: 1 | O27: 0 | P27: 1 | Q27: 2 | R27: 0 | S27: 1 | T27: 0 | U27: 2 | V27: 2 | W27: 3 | X27: 2 | Y27: 1 | Z27: 1 | AA27: 4 | AB27: 3 | AC27: 2 | AD27: 2 | AE27: 3 | AF27: =MAX(A27:AE27) -> 4 | AG27: =SUM(A27:AE27) -> 36 | AH27: 0 | AI27: 62 | AJ27: LF -2 | AK27: 0 | AL27: =AE27 -> 3 | AN27: =AG27 -> 36 | AP27: =AN27+AI27 -> 98 | AT27: 62 | AU27: 64 | AV27: =AD27 -> 2 | BA27: 45X1 | BB27: 0 | BC27: =BD27+BB27 -> 11 | BD27: 11
A28: 3 | B28: 7 | C28: 6 | D28: 6 | E28: 5 | F28: 6 | G28: 4 | H28: 4 | I28: 6 | J28: 4 | K28: 4 | L28: 5 | M28: 5 | N28: 5 | O28: 2 | P28: 4 | Q28: 3 | R28: 5 | S28: 3 | T28: 5 | U28: 2 | V28: 2 | W28: 4 | X28: 5 | Y28: 5 | Z28: 3 | AA28: 5 | AB28: 2 | AC28: 5 | AD28: 6 | AE28: 6 | AF28: =MAX(B28:AE28) -> 7 | AG28: =SUM(A28:AE28) -> 137 | AH28: =717-467 -> 250 | AI28: 106 | AJ28: :LF | AK28: 0 | AL28: =AE28 -> 6 | AN28: =AG28 -> 137 | AP28: =AN28+AI28 -> 243 | AT28: 106 | AU28: 132 | AV28: =AD28 -> 6 | BA28: WAP1/95 | BB28: 7 | BC28: =BD28+BB28 -> 138 | BD28: 131
A29: =A22 -> 1 | B29: =B22 -> 0 | C29: =C22 -> 0 | D29: =D22 -> 0 | E29: =E22 -> 0 | F29: 2 | G29: =G22 -> 1 | H29: =H22 -> 1 | I29: =I22 -> 2 | J29: =J22 -> 1 | K29: =K22 -> 1 | L29: =L22 -> 2 | M29: =M22 -> 1 | N29: =N22 -> 1 | ... AE29: =AE22 -> 2 | AF29: =MAX(B29:AE29) -> 2 | AG29: =SUM(A29:AE29) -> 38 | AH29: =326-19.6 -> 306.4 | AI29: 39 | AJ29: :AOD - TOTAL | AK29: 0 | AL29: =AE29 -> 2 | AN29: =AG29 -> 38 | AP29: 69 | AT29: 39 | AU29: 62 | AV29: =AD29 -> 2 | BA29: OTHER | BB29: 1 | BC29: 15 | BD29: 15 | BE29: =SUM(BC18:BC28) -> 178 | BH29: =+BH21 -> 31 | BI29: =BI21 -> 1 | BJ29: 30 | BK29: =BJ29+BI29 -> 31
A30: 0 | B30: 0 | C30: 0 | D30: 0 | E30: 0 | F30: 2 | G30: 0 | H30: 0 | I30: 0 | J30: 0 | K30: 0 | L30: 0 | M30: 0 | N30: 0 | O30: 0 | P30: 0 | Q30: 0 | R30: 0 | S30: 0 | T30: 0 | U30: 0 | V30: 0 | W30: 0 | X30: 0 | Y30: 0 | Z30: 0 | AA30: 0 | AB30: 0 | AC30: 0 | AD30: 0 | AE30: 0 | AF30: =MAX(A30:AE30) -> 2 | AG30: =SUM(A30:AE30) -> 2 | AH30: =+AH33-AG32 -> 4063.8 | AI30: 0 | AJ30: :AOD - SS | AK30: 1 | AL30: =AE30 -> 0 | AN30: =AG30 -> 2 | AP30: =AN30+AI30 -> 2 | AT30: 0 | AU30: 1 | AV30: =AD30 -> 0 | BA30: TOT ING HTS | BB30: =SUM(BB18:BB29) -> 8 | BC30: =BD30+BB30 -> 204 | BD30: 196
A31: 500.186 | B31: 488.606 | C31: 260.5 | D31: 457.4 | E31: 526.862 | F31: 458.106 | G31: 300 | H31: 460.106 | I31: 602.671 | J31: 244.606 | K31: 462.356 | L31: 452 | M31: 476.562 | N31: 266.65 | O31: 502.312 | P31: 463.018 | Q31: 192.1 | R31: 503.724 | S31: 376.856 | T31: 342.373 | U31: 229.7 | V31: 457.37 | W31: 214.515 | X31: 179.6 | Y31: 528.85 | Z31: 569.31 | AA31: 471.512 | AB31: 300.606 | AC31: 440.991 | AD31: 652.98 | AE31: 361.281 | AF31: =MAX(A31:AE31) -> 652.98 | AG31: =SUM(A31:AE31) -> 12743.709 | AH31: =4413.8+1820.6 -> 6234.4 | AI31: 12805.69 | AJ31: BBM:CH | AK31: =AQ31/BH31*BI31 -> 230.69811 | AL31: =AE31 -> 361.281 | AM31: =SUM(AQ31/BH31*BK31) -> 12227 | AN31: =AG31 -> 12743.709 | AO31: =+AN31/AM31*100 -> 104.22597 | AP31: =AI31+AN31 -> 25549.399 | AQ31: 12227 | AR31: =AN31*BH31/BK31 -> 12743.709 | AS31: =SUM(AR31*100/AQ31) -> 104.22597 | AT31: 12805.69 | AU31: 12737.398 | AV31: =AD31 -> 652.98 | AW31: 15538 | AX31: AUG'09 | AY31: 154538 | AZ31: 88-89 | BA31: TOTAL HTS | BB31: =BB30+BB17 -> 8 | BC31: =+BC30+BC17 -> 215 | BD31: 207 | BE31: =SUM(BD12:BD29) -> 207 | BG31: =BH31-BK31 -> 0 | BH31: 26.5 | BI31: =+BI4 -> 0.5 | BJ31: 26 | BK31: =BJ31+BI31 -> 26.5
A32: 175 | B32: 138 | C32: 70 | D32: 123 | E32: 153 | F32: 128 | G32: 80 | H32: 128 | I32: 177 | J32: 81 | K32: 172 | L32: 164 | M32: 136 | N32: 70 | O32: 146 | P32: 142 | Q32: 50 | R32: 162 | S32: 127 | T32: 115 | U32: 68 | V32: 163 | W32: 76 | X32: 56 | Y32: 169 | Z32: 175 | AA32: 136 | AB32: 88 | AC32: 136 | AD32: 190 | AE32: 113 | AF32: =MAX(A32:AE32) -> 190 | AG32: =SUM(A32:AE32) -> 3907 | AH32: 7531.7 | AI32: 4003 | AJ32: :PCS | AL32: =AE32 -> 113 | AN32: =AG32 -> 3907 | AP32: =AI32+AN32 -> 7910 | AT32: 4003 | AU32: 3727 | AV32: =AD32 -> 190
A33: 0 | B33: 437 | C33: 0 | D33: 435 | E33: 383 | F33: 600 | G33: 680 | H33: =3021.4-2535 -> 486.4 | I33: 425 | J33: 0 | K33: =4825.3-4274.4 -> 550.9 | L33: 413 | M33: 415 | N33: 368 | O33: 393 | P33: 434 | Q33: 0 | R33: 416 | S33: 375 | T33: 261 | U33: 318 | V33: 0 | W33: 334 | X33: =10289.4-9202.3 -> 1087.1 | Y33: 355 | Z33: 363 | AA33: 418 | AB33: 342 | AC33: 475 | AD33: 465 | AE33: 454 | AF33: =MAX(A33:AE33) -> 1087.1 | AG33: =SUM(A33:AE33) -> 11683.4 | AH33: 7970.8 | AI33: 10724.6 | AJ33: CON:DIR | AK33: 259 | AL33: =AE33 -> 454 | AN33: =AG33 -> 11683.4 | AP33: =AI33+AN33 -> 22408 | AT33: 10724.6 | AU33: 11072.8 | AV33: =AD33 -> 465 | BA33: RWF RELEASE | BN33: =10539/18*26.5 -> 15515.75
A34: 429.021 | B34: 425.659 | C34: 226.596 | D34: 395.48 | E34: 470.151 | F34: 403.266 | G34: 259.519 | H34: 323.007 | I34: 494.632 | J34: 209.922 | K34: 415.953 | L34: 402.943 | M34: 423.764 | N34: 229.946 | O34: 442.159 | P34: 414.819 | Q34: 165.508 | R34: 448.079 | S34: 337.183 | T34: 308.384 | U34: 193.175 | V34: 363.066 | W34: 191 | X34: 159.678 | Y34: 469.112 | Z34: 504.839 | AA34: 417.482 | AB34: 266.083 | AC34: 321.912 | AD34: 532.831 | AE34: 321.489 | AF34: =MAX(A34:AE34) -> 532.831 | AG34: =SUM(A34:AE34) -> 10966.658 | AH34: =AG35+AG36 -> 315 | AI34: 11198.83 | AJ34: FIN:BBM | AK34: =AQ34/BH34*BI34 -> 197.79245 | AL34: =AE34 -> 321.489 | AM34: =SUM(AQ34/BH34*BK34) -> 10483 | AN34: =AG34 -> 10966.658 | AO34: =+AN34/AM34*100 -> 104.61374 | AP34: =AI34+AN34 -> 22165.488 | AQ34: 10483 | AR34: =AN34*BH34/BK34 -> 10966.658 | AS34: =SUM(AR34*100/AQ34) -> 104.61374 | AT34: 11198.83 | AU34: 10869.644 | AV34: =AD34 -> 532.831 | AW34: 12883 | AX34: AUG'09 | AY34: 119996 | AZ34: 07-08 | BB34: 0 | BC34: =+BD34+BB34 -> 0 | BD34: 0 | BG34: =BH34-BK34 -> 0 | BH34: =+BH31 -> 26.5 | BI34: =BI31 -> 0.5 | BJ34: 26 | BK34: =BJ34+BI34 -> 26.5
A35: 16 | B35: 18.8 | C35: 0 | D35: 18.8 | E35: 16 | F35: 24 | G35: 5.575 | H35: 5.225 | I35: 0 | J35: 0 | K35: 0 | L35: 0 | M35: 0 | N35: 9.03 | O35: 0 | P35: 0 | Q35: 19.79 | R35: 0 | S35: 0 | T35: 0 | U35: 0 | V35: 0 | W35: 18.8 | X35: 0 | Y35: 19.2 | Z35: 19.8 | AA35: 20.4 | AB35: 20.4 | AC35: 19.2 | AD35: 19.8 | AE35: 0 | AF35: =MAX(A35:AE35) -> 24 | AG35: =SUM(A35:AE35) -> 270.82 | AH35: =458.55-455.09 -> 3.46 | AI35: 296.79 | AJ35: :PRESS | AK35: =AQ35/BH35*BI35 -> 15.384615 | AL35: =AE35 -> 0 | AM35: =SUM(AQ35/BH35*BK35) -> 400 | AN35: =AG35 -> 270.82 | AO35: =+AN35/AM35*100 -> 67.705 | AP35: =AI35+AN35 -> 567.61 | AQ35: 400 | AR35: =AN35*BH35/BK35 -> 270.82 | AS35: =SUM(AR35*100/AQ35) -> 67.705 | AT35: 296.79 | AU35: 332.819 | AV35: =AD35 -> 19.8 | BA35: WAP1/95/EA | BB35: 222.22 | BC35: =BB35+BD35 -> 5161.1 | BD35: 4938.88 | BH35: 26 | BI35: 1 | BJ35: 25 | BK35: =BJ35+BI35 -> 26 | BM35: =BL35+BK35 -> 26
A36: 8.75 | B36: 5.94 | C36: 0 | D36: 0 | E36: 0 | F36: 0 | G36: 0 | H36: 0 | I36: 0 | J36: 0 | K36: 9.81 | L36: 8.258 | M36: 0 | N36: 0 | O36: 5.432 | P36: 5.99 | Q36: 0 | R36: 0 | S36: 0 | T36: 0 | U36: 0 | V36: 0 | W36: 0 | X36: 0 | Y36: 0 | Z36: 0 | AA36: 0 | AB36: 0 | AC36: 0 | AD36: 0 | AE36: 0 | AF36: =MAX(A36:AE36) -> 9.81 | AG36: =SUM(A36:AE36) -> 44.18 | AH36: =+AG35+AG36 -> 315 | AI36: 34.72 | AJ36: : 5 T HAMMER | AK36: =AQ36/BH36*BI36 -> 8.7307692 | AL36: =AE36 -> 0 | AM36: =SUM(AQ36/BH36*BK36) -> 227 | AN36: =AG36 -> 44.18 | AO36: =+AN36/AM36*100 -> 19.462555 | AP36: =AI36+AN36 -> 78.9 | AQ36: 227 | AR36: =AN36*BH36/BK36 -> 44.18 | AS36: =SUM(AR36*100/AQ36) -> 19.462555 | AT36: 34.72 | AU36: 44.76 | AV36: =AD36 -> 0 | AW36: 1113 | AX36: MAR'06 | AY36: 10524 | AZ36: 05-06 | BA36: 1875 XCL IV | BB36: 0 | BC36: =+BD36+BB36 -> 187.68 | BD36: 187.68 | BH36: 26 | BI36: 1 | BJ36: 25 | BK36: =BJ36+BI36 -> 26
A37: 0 | B37: 0 | C37: 0 | D37: 0 | E37: 0 | F37: 0 | G37: 0 | H37: 0 | I37: 0 | J37: 0 | K37: 0 | L37: 0 | M37: 0 | N37: 0 | O37: 0 | P37: 0 | Q37: 0 | R37: 0 | S37: 0 | T37: 0 | U37: 0 | V37: 0 | W37: 0 | X37: 0 | Y37: 0 | Z37: 0 | AA37: 0 | AB37: 0 | AC37: 0 | AD37: 0 | AE37: 0 | AF37: =MAX(A37:AE37) -> 0 | AG37: =SUM(A37:AE37) -> 0 | AH37: =+AH36+8.47 -> 323.47 | AI37: 0 | AJ37: : 2 T HAMMER | AK37: =AQ37/BH37*BI37 -> 0 | AL37: =AE37 -> 0 | AM37: =SUM(AQ37/BH37*BK37) -> 0 | AN37: =AG37 -> 0 | AP37: =AI37+AN37 -> 0 | AR37: =AN37*BH37/BK37 -> 0 | AT37: 0 | AU37: 0 | AV37: =AD37 -> 0 | BA37: EA 1N | BC37: =+BD37+BB37 -> 0 | BD37: 0 | BH37: 26 | BI37: =+BI36 -> 1 | BJ37: 25 | BK37: =BJ37+BI37 -> 26
A38: 0 | B38: 0 | C38: 0 | D38: 0 | E38: 0 | F38: 30 | G38: 0 | H38: 34 | I38: 0 | J38: 0 | K38: 0 | L38: 0 | M38: 0 | N38: 0 | O38: 44 | P38: 0 | Q38: 0 | R38: 0 | S38: 0 | T38: 0 | U38: 0 | V38: 0 | W38: 0 | X38: 0 | Y38: 32 | Z38: 0 | AA38: 32 | AB38: 0 | AC38: 0 | AD38: 0 | AE38: 0 | AF38: 0 | AG38: =SUM(A38:AE38) -> 172 | AH38: =+AH37+AH36 -> 638.47 | AI38: 94 | AJ38: :PM | AK38: =AQ38/BH38*BI38 -> 8.2307692 | AL38: =AE38 -> 0 | AM38: =SUM(AQ38/BH38*BK38) -> 214 | AN38: =AG38 -> 172 | AO38: =+AN38/AM38*100 -> 80.373832 | AP38: =AI38+AN38 -> 266 | AQ38: 214 | AR38: =AN38*BH38/BK38 -> 172 | AS38: =SUM(AR38*100/AQ38) -> 80.373832 | AT38: 94 | AU38: 160 | AV38: =AD38 -> 0 | AW38: 1534 | AX38: FEB'96 | AY38: 14564 | AZ38: 95-96 | BA38: TOTAL | BC38: =+BC37+BC36+BC35 -> 5348.78 | BD38: 5126.56 | BH38: =+BH35 -> 26 | BI38: 1 | BJ38: 25 | BK38: =BJ38+BI38 -> 26 | BM38: =BL38+BK38 -> 26
A39: =A55 -> 0 | B39: =B55 -> 0 | C39: =C55 -> 0 | D39: =D55 -> 0 | E39: =E55 -> 52.65 | F39: =F55 -> 0 | G39: =G55 -> 0 | H39: =H55 -> 52.65 | ... AE39: =AE55 -> 0 | AF39: =MAX(A39:AE39) -> 52.65 | AG39: =SUM(A39:AE39) -> 105.3 | AH39: 28.3 | AI39: 76.95 | AJ39: :ING | AK39: =AQ39/BH39*BI39 -> 9.6774194 | AL39: =AE39 -> 0 | AM39: =SUM(AQ39/BH39*BK39) -> 300 | AN39: =AG39 -> 105.3 | AO39: =+AN39/AM39*100 -> 35.1 | AP39: =AI39+AN39 -> 182.25 | AQ39: 300 | AR39: =AN39*BH39/BK39 -> 105.3 | AS39: =SUM(AR39*100/AQ39) -> 35.1 | AT39: 76.95 | AU39: 100.3 | AV39: =AD39 -> 0 | AY39: 12593 | AZ39: 98-99 | BA39: R-16 DSP | BB39: 0 | BC39: =+BD39+BB39 -> 489.08 | BD39: 489.08 | BH39: =BH20 -> 31 | BI39: 1 | BJ39: 30 | BK39: =BJ39+BI39 -> 31
A40: 0 | B40: 0 | C40: 0 | D40: 0 | E40: 0 | F40: 0 | G40: 0 | H40: 0 | I40: 0 | J40: 0 | K40: 0 | L40: 0 | M40: 0 | N40: 0 | O40: 0 | P40: 0 | Q40: 0 | R40: 0 | S40: 0 | T40: 0 | U40: 0 | V40: 0 | W40: 0 | X40: 0 | Y40: 0 | Z40: 0 | AA40: 0 | AB40: 0 | AC40: 0 | AD40: 0 | AE40: 0 | AG40: =SUM(A40:AE40) -> 0 | AH40: 103.2 | AI40: 0 | AJ40: CC SLB | AK40: =AQ40/BH40*BI40 -> 19.483871 | AL40: =AE40 -> 0 | AM40: =SUM(AQ40/BH40*BK40) -> 604 | AN40: =AG40 -> 0 | AO40: =+AN40/AM40*100 -> 0 | AP40: =AI40+AN40 -> 0 | AQ40: 604 | AR40: =+AN40/BK40*BH40 -> 0 | AS40: =SUM(AR40*100/AQ40) -> 0 | AT40: 0 | AU40: 733.06 | AV40: =AD40 -> 0 | AW40: 12549 | AX40: MAR'94 | AY40: 111575 | AZ40: 10-11 | BA40: R-16/43 YIL | BB40: 0 | BC40: =+BD40+BB40 -> 0 | BD40: 0 | BH40: =BH20 -> 31 | BI40: 1 | BJ40: 30 | BK40: =BJ40+BI40 -> 31
A41: 0 | B41: 0 | C41: 0 | D41: 0 | E41: 0 | F41: 0 | G41: 0 | H41: 0 | I41: 0 | J41: 0 | K41: 0 | L41: 0 | M41: 0 | N41: 0 | O41: 0 | P41: 0 | Q41: 0 | R41: 0 | S41: 0 | T41: 0 | U41: 0 | V41: 0 | W41: 0 | X41: 0 | Y41: 0 | Z41: 0 | AA41: 0 | AB41: 0 | AC41: 0 | AD41: 0 | AE41: 0 | AF41: =MAX(A41:AE41) -> 0 | AG41: =SUM(A41:AE41) -> 0 | AH41: 159.9 | AI41: 0 | AJ41: CC BLM | AL41: =AE41 -> 0 | AM41: =SUM(AQ41/BH40*BK40) -> 0 | AN41: =AG41 -> 0 | AP41: =AI41+AN41 -> 0 | AQ41: =+AQ17 -> 0 | AT41: 0 | AU41: 0 | AV41: =AD41 -> 0 | AY41: 7952 | AZ41: 98-99 | BA41: VSIL R-16 | BB41: 0 | BC41: =+BD41+BB41 -> 0 | BD41: 0
A42: =SUM(A34:A41) -> 453.771 | B42: =SUM(B34:B41) -> 450.399 | C42: =SUM(C34:C41) -> 226.596 | D42: =SUM(D34:D41) -> 414.28 | E42: =SUM(E34:E41) -> 538.801 | F42: =SUM(F34:F41) -> 457.266 | G42: =SUM(G34:G41) -> 265.094 | H42: =SUM(H34:H41) -> 414.882 | ... AE42: =SUM(AE34:AE41) -> 321.489 | AG42: =SUM(A42:AE42) -> 11558.958 | AH42: 130.55 | AI42: 11701.29 | AJ42: :TOT | AK42: =+AQ42/BH42 -> 394.45161 | AL42: =AE42 -> 321.489 | AM42: =SUM(AQ42/BH40*BK40) -> 12228 | AN42: =AG42 -> 11558.958 | AO42: =+AN42/AM42*100 -> 94.528606 | AP42: =AI42+AN42 -> 23260.248 | AQ42: =SUM(AQ34:AQ41) -> 12228 | AR42: =+AN42/BK42*BH42 -> 11558.958 | AS42: =SUM(AR42*100/AQ42) -> 94.528606 | AT42: 11701.29 | AU42: 12240.583 | AV42: =AD42 -> 552.631 | AY42: 215409 | AZ42: 10-11 | BH42: =+BH40 -> 31 | BI42: =BI40 -> 1 | BJ42: 30 | BK42: =BJ42+BI42 -> 31
AF43: =MAX(A43:AE43) -> 0 | AI43: 0 | AL43: =AE43 -> 0 | AN43: =AG43 -> 0 | AP43: 0 | AT43: 0 | AU43: 0 | AV43: =AD43 -> 0 | BA43: DEFENCE | BB43: 0 | BC43: =+BB43+BD43 -> 805.03 | BD43: =78.3+272.83+453.9 -> 805.03 | BE43: =213.4+73.02+479.98+253.5 -> 1019.9
A44: 147.46 | B44: 559.29 | C44: 0 | D44: 516.38 | E44: 365.12 | F44: 395.01 | G44: 324.17 | H44: =284.76 -> 284.76 | I44: 318.45 | J44: 0 | K44: 508.78 | L44: 475.28 | M44: 398.36 | N44: =4744.01-4293.06 -> 450.95 | O44: 493.88 | P44: =409.38-33.09 -> 376.29 | Q44: 0 | R44: 471.31 | S44: 361.53 | T44: 402.96 | U44: 381.73 | V44: 416.24 | W44: 400.78 | X44: 0 | Y44: 319.2 | Z44: 291.26 | AA44: 255.68 | AB44: 182.06 | AC44: =9535.05-9096.93 -> 438.12 | AD44: 358.69 | AE44: 324.62 | AF44: =MAX(A44:AE44) -> 559.29 | AG44: =SUM(A44:AE44) -> 10218.36 | AH44: =276.01+19.2*2 -> 314.41 | AI44: 10111.76 | AJ44: SAL:BLT | AK44: =AQ44/BH44*BI44 -> 351.85185 | AL44: =AE44 -> 324.62 | AM44: =SUM(AQ44/BH44*BK44) -> 9500 | AN44: =AG44 -> 10218.36 | AO44: =+AN45/AM44*100 -> 2.0956842 | AP44: =AI44+AN44 -> 20330.12 | AQ44: 9500 | AR44: =+AN44/BK44*BH44 -> 10218.36 | AS44: =SUM(AR44*100/AQ44) -> 107.56168 | AT44: 10111.76 | AU44: 9716.295 | AV44: =AD44 -> 358.69 | AW44: 9925 | AX44: MAR'07 | AY44: 92912 | AZ44: 11-12 | BA44: SPADE M2 | BB44: 30.5 | BC44: =+BB44+BD44 -> 30.5 | BD44: 0 | BH44: 27 | BI44: =BI3 -> 1 | BJ44: 26 | BK44: =BJ44+BI44 -> 27
A45: 0 | B45: 0 | C45: 0 | D45: 0 | E45: 0 | F45: 0 | G45: 0 | H45: 51.77 | I45: 19.95 | J45: 0 | K45: 0 | L45: 0 | M45: 0 | N45: 0 | O45: 52.58 | P45: 31.65 | Q45: 0 | R45: 0 | S45: 0 | T45: 0 | U45: 0 | V45: 0 | W45: 0 | X45: 0 | Y45: 0 | Z45: 0 | AA45: 0 | AB45: 0 | AC45: 0 | AD45: 0 | AE45: 43.14 | AF45: =MAX(A45:AE45) -> 52.58 | AG45: =SUM(A45:AE45) -> 199.09 | AI45: 54.7 | AJ45: :BAR | AK45: =AQ45/BH45*BI45 -> 1.4814815 | AL45: =AE45 -> 43.14 | AM45: =SUM(AQ45/BH45*BK45) -> 40 | AN45: =AG45 -> 199.09 | AO45: =+AN46/AM45*100 -> 807 | AP45: =AI45+AN45 -> 253.79 | AQ45: 40 | AR45: =+AN45/BK45*BH45 -> 199.09 | AS45: =SUM(AR45*100/AQ45) -> 497.725 | AT45: 54.7 | AU45: 0 | AV45: =AD45 -> 0 | AW45: 2481 | AX45: MAR'87 | AY45: 10013 | AZ45: 99-00 | BA45: SPADE M1 | BB45: 49.24 | BC45: =+BB45+BD45 -> 350.86 | BD45: 301.62 | BH45: =+BH44 -> 27 | BI45: =BI44 -> 1 | BJ45: 26 | BK45: =BJ45+BI45 -> 27
A46: 0 | B46: 4.55 | C46: 0 | D46: 16.6 | E46: 5.2 | F46: 13.95 | G46: 16.6 | H46: 9 | I46: 10.4 | J46: 0 | K46: 24 | L46: 8 | M46: 13.45 | N46: 14 | O46: 9.6 | P46: 6.45 | Q46: 0 | R46: 20 | S46: 5 | T46: 32.3 | U46: 12.4 | V46: 10.75 | W46: 11.1 | X46: 0 | Y46: 3.85 | Z46: 12.3 | AA46: 24.2 | AB46: 11.1 | AC46: 12.8 | AD46: 9.6 | AE46: 5.6 | AF46: =MAX(A46:AE46) -> 32.3 | AG46: =SUM(A46:AE46) -> 322.8 | AI46: 273.35 | AJ46: :FRG | AK46: =AQ46/BH46*BI46 -> 14.814815 | AL46: =AE46 -> 5.6 | AM46: =SUM(AQ46/BH46*BK46) -> 400 | AN46: =AG46 -> 322.8 | AO46: =+AN47/AM46*100 -> 43.81925 | AP46: =AI46+AN46 -> 596.15 | AQ46: 400 | AR46: =+AN46/BK46*BH46 -> 322.8 | AS46: =SUM(AR46*100/AQ46) -> 80.7 | AT46: 273.35 | AU46: 242.29 | AV46: =AD46 -> 9.6 | AW46: 845 | AX46: MAR'05 | AY46: 8152 | AZ46: 06-07 | BA46: JACKAL | BB46: 0 | BC46: =+BB46+BD46 -> 0 | BD46: 0 | BG46: =BH46-BK46 -> 0 | BH46: =BH45 -> 27 | BI46: =BI45 -> 1 | BJ46: 26 | BK46: =BJ46+BI46 -> 27
A47: 3.35 | B47: 4.23 | C47: 0 | D47: 3.241 | E47: 4.13 | F47: 0 | G47: 5.68 | H47: 3.78 | I47: 7.25 | J47: 0 | K47: 7.415 | L47: 3.11 | M47: 5.494 | N47: 7.055 | O47: 7.19 | P47: 7.22 | Q47: 0 | R47: 6.368 | S47: 10.72 | T47: 9.7 | U47: 12.89 | V47: 2.37 | W47: 8.515 | X47: 0 | Y47: 0 | Z47: 6.481 | AA47: 9.498 | AB47: =158.48-144.947 -> 13.533 | AC47: 9.26 | AD47: 10.652 | AE47: 6.145 | AF47: =MAX(A47:AE47) -> 13.533 | AG47: =SUM(A47:AE47) -> 175.277 | AI47: 144.341 | AJ47: :PLT | AK47: =AQ47/BH47*BI47 -> 7.4074074 | AL47: =AE47 -> 6.145 | AM47: =SUM(AQ47/BH47*BK47) -> 200 | AN47: =AG47 -> 175.277 | AO47: =+AN48/AM47*100 -> 175.43 | AP47: =AI47+AN47 -> 319.618 | AQ47: 200 | AR47: =+AN47/BK47*BH47 -> 175.277 | AS47: =SUM(AR47*100/AQ47) -> 87.6385 | AT47: 144.341 | AU47: 179.529 | AV47: =AD47 -> 10.652 | AW47: 1150 | AX47: MAR'96 | AY47: 11717 | AZ47: 95-96 | BA47: JACKAL FRG | BB47: 0 | BC47: =+BB47+BD47 -> 0 | BD47: 0 | BE47: =552.05-572.03 -> -19.98 | BH47: =BH46 -> 27 | BI47: =BI46 -> 1 | BJ47: 26 | BK47: =BJ47+BI47 -> 27
A48: 0 | B48: 0 | C48: 0 | D48: 0 | E48: 0 | F48: 0 | G48: 0 | H48: 0 | I48: 0 | J48: 0 | K48: 0 | L48: 0 | M48: 0 | N48: 0 | O48: 0 | P48: 96.4 | Q48: 0 | R48: 0 | S48: 0 | T48: 0 | U48: 0 | V48: 0 | W48: 51.92 | X48: 0 | Y48: 52.68 | Z48: 0 | AA48: 0 | AB48: 50.32 | AC48: 50.3 | AD48: 0 | AE48: 49.24 | AF48: =MAX(A48:AE48) -> 96.4 | AG48: =SUM(A48:AE48) -> 350.86 | AI48: 556.8 | AJ48: JKL/SP/DMR | AK48: =AQ48/BH48*BI48 -> 24.074074 | AL48: =AE48 -> 49.24 | AM48: =SUM(AQ48/BH48*BK48) -> 650 | AN48: =AG48 -> 350.86 | AO48: =+AN49/AM48*100 -> 0 | AP48: =AI48+AN48 -> 907.66 | AQ48: 650 | AR48: =+AN48/BK48*BH48 -> 350.86 | AS48: =SUM(AR48*100/AQ48) -> 53.978462 | AT48: 556.8 | AU48: 591.87 | AV48: =AD48 -> 0 | BB48: =+BA48+BC48 -> 0 | BH48: =BH47 -> 27 | BI48: =BI47 -> 1 | BJ48: 26 | BK48: =BJ48+BI48 -> 27
A49: 0 | B49: 0 | C49: 0 | D49: 0 | E49: 0 | F49: 0 | G49: 0 | H49: 0 | I49: 0 | J49: 0 | K49: 0 | L49: 0 | M49: 0 | N49: 0 | O49: 0 | P49: 0 | Q49: 0 | R49: 0 | S49: 0 | T49: 0 | U49: 0 | V49: 0 | W49: 0 | X49: 0 | Y49: 0 | Z49: 0 | AA49: 0 | AB49: 0 | AC49: 0 | AD49: 0 | AE49: 0 | AF49: =MAX(A49:AE49) -> 0 | AG49: =SUM(A49:AE49) -> 0 | AH49: Z | AI49: 0 | AJ49: NON STN CC SLB | AK49: =AQ49/BH49*BI49 -> 0 | AL49: =AE49 -> 0 | AM49: =SUM(AQ49/BH49*BK49) -> 0 | AN49: =AG49 -> 0 | AP49: =AI49+AN49 -> 0 | AQ49: 0 | AR49: =+AN49/BK49*BH49 -> 0 | AT49: 0 | AU49: 0 | AV49: =AD49 -> 0 | BA49: DESP:BLT | BB49: ='SAL STOCK'!F6 -> 305.87 | BC49: =44.53+485.28+430.06+115.12+336.49+531.3+347.27+697.06+324.72+267.78+418.482+355.03+501.8+636.13+518.13+199.32+666.16+187.56+291.2+321.3+168.58+684.7+120.92+295.31+172.74+540.31+305.87 -> 9963.152 | BE49: 2752.95 | BH49: =BH48 -> 27 | BI49: =BI48 -> 1 | BJ49: 26 | BK49: =BJ49+BI49 -> 27
A50: 0 | B50: 0 | C50: 0 | D50: 0 | E50: 0 | F50: 0 | G50: 0 | H50: 0 | I50: 0 | J50: 0 | K50: 0 | L50: 0 | M50: 0 | N50: 0 | O50: 0 | P50: 0 | Q50: 0 | R50: 0 | S50: 0 | T50: 0 | U50: 0 | V50: 0 | W50: 0 | X50: 0 | Y50: 0 | Z50: 0 | AA50: 0 | AB50: 0 | AC50: 0 | AD50: 0 | AE50: 0 | AG50: =SUM(A50:AE50) -> 0 | AH50: =+AG48+AG49+AG50 -> 350.86 | AI50: 0 | AJ50: CC BLOOMS | AL50: =AE50 -> 0 | AM50: =SUM(AQ50/BH50*BK50) -> 0 | AN50: =AG50 -> 0 | AP50: 0 | AQ50: 0 | AR50: =+AN50/BK50*BH50 -> 0 | AT50: 0 | AU50: 0 | AV50: =AD50 -> 0 | BA50: BAR | BB50: ='SAL STOCK'!F7 -> 0 | BC50: =1.8+24.07+31.92+15.88+37.63+8.3+26.46 -> 146.06 | BH50: =BH49 -> 27 | BI50: =BI49 -> 1 | BJ50: 26 | BK50: =+BK49 -> 27
A51: 0 | B51: 0 | C51: 0 | D51: 0 | E51: 0 | F51: 0 | G51: 0 | H51: 0 | I51: 0 | J51: 0 | K51: 0 | L51: 0 | M51: 0 | N51: 0 | O51: 0 | P51: 0 | Q51: 0 | R51: 0 | S51: 0 | T51: 0 | U51: 0 | V51: 0 | W51: 0 | X51: 0 | Y51: 0 | Z51: 0 | AA51: 0 | AB51: 0 | AC51: 0 | AD51: 0 | AE51: 30.5 | AF51: =MAX(A51:AE51) -> 30.5 | AG51: =SUM(A51:AE51) -> 30.5 | AI51: 0 | AJ51: FRG SLAB | AL51: =AE51 -> 30.5 | AN51: =AG51 -> 30.5 | AP51: =AI51+AN51 -> 30.5 | AT51: 0 | AU51: 54.4 | AV51: =AD51 -> 0 | BC51: 0 | BH51: =BH50 -> 27
A52: 0 | B52: 0 | C52: 0 | D52: 0 | E52: 0 | F52: 0 | G52: 0 | H52: 0 | I52: 0 | J52: 0 | K52: 0 | L52: 0 | M52: 0 | N52: 0 | O52: 0 | P52: 0 | Q52: 0 | R52: 0 | S52: 0 | T52: 0 | U52: 0 | V52: 0 | W52: 0 | X52: 0 | Y52: 0 | Z52: 0 | AA52: 0 | AB52: 0 | AC52: 0 | AD52: 0 | AE52: 0 | AF52: =MAX(A52:AE52) -> 0 | AG52: =SUM(A52:AE52) -> 0 | AI52: 0 | AJ52: BRC(ISP) | AK52: =AQ52/BH52*BI52 -> 0 | AL52: =AE52 -> 0 | AM52: =SUM(AQ52/BH52*BK52) -> 0 | AN52: =AG52 -> 0 | AP52: =AI52+AN52 -> 0 | AQ52: 0 | AR52: =+AN52/BK52*BH52 -> 0 | AT52: 0 | AU52: 0 | AV52: =AD52 -> 0 | AY52: 7513 | AZ52: 98-99 | BA52: FRG: | BB52: ='SAL STOCK'!F8 -> 0 | BC52: =11.27+18.43+5.7+20.28+15.5+2+20.22+2.55+16.23+19.95+30.74+8.355+17.4+68.01 -> 256.635 | BH52: =BH51 -> 27 | BI52: =+BI49 -> 1 | BJ52: 26 | BK52: =BJ52+BI52 -> 27
A53: 6.25 | B53: 38.85 | C53: 0 | D53: 44.35 | E53: 0 | F53: 79.46 | G53: 40.96 | H53: 1.6 | I53: 40.86 | J53: 0 | K53: 80.37 | L53: 33.3 | M53: 6.2 | N53: 39.91 | O53: 38.46 | P53: =113.66-33.6 -> 80.06 | Q53: 0 | R53: 103.42 | S53: 21.96 | T53: 0 | U53: 0 | V53: 0 | W53: 0 | X53: 0 | Y53: 0 | Z53: 0 | AA53: 0 | AB53: 0 | AC53: 0 | AD53: 0 | AE53: 38.9 | AF53: =MAX(A53:AE53) -> 103.42 | AG53: =SUM(A53:AE53) -> 694.91 | AI53: 652.74 | AJ53: BRC(DSP) | AL53: =AE53 -> 38.9 | AM53: =SUM(AQ53/BH53*BK53) -> 250 | AN53: =AG53 -> 694.91 | AP53: =AI53+AN53 -> 1347.65 | AQ53: 250 | AR53: =+AN53/BK53*BH53 -> 694.91 | AT53: 652.74 | AU53: 390.636 | AV53: =AD53 -> 0 | BC53: 0 | BH53: =BH52 -> 27 | BI53: =+BI52 -> 1 | BJ53: 26 | BK53: =BJ53+BI53 -> 27
A54: 0 | B54: 0 | C54: 0 | D54: 0 | E54: 0 | F54: 0 | G54: 0 | H54: 0 | I54: 0 | J54: 0 | K54: 0 | L54: 0 | M54: 0 | N54: 0 | O54: 0 | P54: 0 | Q54: 0 | R54: 0 | S54: 0 | T54: 0 | U54: 0 | V54: 0 | W54: 0 | X54: 0 | Y54: 0 | Z54: 0 | AA54: 0 | AB54: 0 | AC54: 0 | AD54: 0 | AE54: 0 | AF54: =MAX(A54:AE54) -> 0 | AG54: =SUM(A54:AE54) -> 0 | AH54: =+AG44+AG46+AG47+AG48 -> 11067.297 | AI54: 0 | AJ54: JACK/DMR ING | AK54: =AQ54/BH54*BI54 -> 0 | AL54: =AE54 -> 0 | AM54: =SUM(AQ54/BH54*BK54) -> 0 | AN54: =AG54 -> 0 | AP54: =AI54+AN54 -> 0 | AQ54: 0 | AR54: =+AN54/BK54*BH54 -> 0 | AS54: - | AT54: 0 | AU54: 0 | AV54: =AD54 -> 0 | BA54: PLT: | BB54: ='SAL STOCK'!F9 -> 50.234 | BC54: =27.8+8.5+7.628+29+8.87+2.55+59.71+4.105+50.234 -> 198.397 | BH54: =BH53 -> 27 | BI54: =BI44 -> 1 | BJ54: 26 | BK54: =BJ54+BI54 -> 27 | CI54: =SUM(J55:P55) -> 0
A55: 0 | B55: 0 | C55: 0 | D55: 0 | E55: 52.65 | F55: 0 | G55: 0 | H55: 52.65 | I55: 0 | J55: 0 | K55: 0 | L55: 0 | M55: 0 | N55: 0 | O55: 0 | P55: 0 | Q55: 0 | R55: 0 | S55: 0 | T55: 0 | U55: 0 | V55: 0 | W55: 0 | X55: 0 | Y55: 0 | Z55: 0 | AA55: 0 | AB55: 0 | AC55: 0 | AD55: 0 | AE55: 0 | AF55: =MAX(A55:AE55) -> 52.65 | AG55: =SUM(A55:AE55) -> 105.3 | AH55: =277+302+291+491+532 -> 1893 | AI55: 76.95 | AJ55: OTHER ING | AK55: =AQ55/BH55*BI55 -> 11.111111 | AL55: =AE55 -> 0 | AM55: =SUM(AQ55/BH55*BK55) -> 300 | AN55: =AG55 -> 105.3 | AO55: =+AN56/AM55*100 -> 3800.729 | AP55: =AI55+AN55 -> 182.25 | AQ55: 300 | AR55: =+AN55/BK55*BH55 -> 105.3 | AS55: =SUM(AR55*100/AQ55) -> 35.1 | AT55: 76.95 | AU55: 100.3 | AV55: =AD55 -> 0 | AY55: 12588 | AZ55: 88-89 | BA55: CC SLB: | BB55: ='SAL STOCK'!F10 -> 47.076 | BC55: =388.77+39.6+42.09+47.076 -> 517.536 | BH55: =BH54 -> 27 | BI55: =BI44 -> 1 | BJ55: 26 | BK55: =BJ55+BI55 -> 27 | CI55: 218
A56: =SUM(A44:A55)-A53-A52 -> 150.81 | B56: =SUM(B44:B55)-B53-B52 -> 568.07 | C56: =SUM(C44:C55)-C53-C52 -> 0 | D56: =SUM(D44:D55)-D53-D52 -> 536.221 | E56: =SUM(E44:E55)-E53-E52 -> 427.1 | F56: =SUM(F44:F55)-F53-F52 -> 408.96 | G56: =SUM(G44:G55)-G53-G52 -> 346.45 | H56: =SUM(H44:H55)-H53-H52 -> 401.96 | ... AE56: =SUM(AE44:AE55)-AE53-AE52 -> 459.245 | AF56: =491.61-479.91 -> 11.7 | AG56: =SUM(AG44:AG55)-AG52-AG53 -> 11402.187 | AH56: =20373-20451 -> -78 | AI56: 11217.901 | AJ56: :TOT | AK56: =AQ56/BH56*BI56 -> 420 | AL56: =AE56 -> 459.245 | AM56: =SUM(AQ56/BH56*BK56) -> 11340 | AN56: =AG56 -> 11402.187 | AO56: =+AN56/AM56*100 -> 100.54839 | AP56: =AI56+AN56 -> 22620.088 | AQ56: =SUM(AQ44:AQ55) -> 11340 | AR56: =+AN56/BK56*BH56 -> 11402.187 | AS56: =SUM(AR56*100/AQ56) -> 100.54839 | AT56: 11217.901 | AU56: 10884.684 | AV56: =AD56 -> 378.942 | AW56: 19652 | AX56: AUG'10 | AY56: 202913 | AZ56: 10-11 | BA56: CCBLM | BB56: ='SAL STOCK'!F13 -> 0 | BE56: =+BC56+BC55 -> 517.536 | BG56: =BH56-BK56 -> 0 | BH56: =BH55 -> 27 | BI56: =BI44 -> 1 | BJ56: 26 | BK56: =BJ56+BI56 -> 27 | CI56: =+CI54+CI55 -> 218
AF57: =MAX(A57:AE57) -> 0 | AH57: 0 | AI57: 0 | AL57: =AE57 -> 0 | AN57: =AG57 -> 0 | AT57: 0 | AU57: 0 | AV57: =AD57 -> 0 | BA57: FRG SLB | BB57: ='SAL STOCK'!F12 -> 0 | BC57: =41.42 -> 41.42 | CI57: =2271-CI56 -> 2053
A58: 44.53 | B58: 513.08 | C58: 0 | D58: 491.04 | E58: 237.71 | F58: 356.72 | G58: 531.3 | H58: 347.27 | I58: 697.06 | J58: 0 | K58: 426.5 | L58: 351.91 | M58: 457.49 | N58: 415.84 | O58: 556.55 | P58: 678.46 | Q58: 0 | R58: 520.68 | S58: 275.95 | T58: 676.06 | U58: 212.09 | V58: 342.08 | W58: 341.25 | X58: 0 | Y58: 259.03 | Z58: 741.12 | AA58: 120.92 | AB58: 334.91 | AC58: 190.14 | AD58: 650.41 | AE58: 403.18 | AF58: =MAX(A58:AE58) -> 741.12 | AG58: =SUM(A58:AE58) -> 11173.28 | AH58: =+AH42 -> 130.55 | AI58: 12026.43 | AJ58: TOTAL DESPATCH | AK58: =AQ58/BH58*BI58 -> 425.55556 | AL58: =AE58 -> 403.18 | AM58: =SUM(AQ58/BH58*BK58) -> 11490 | AN58: =AG58 -> 11173.28 | AO58: =+AN58/AM58*100 -> 97.243516 | AP58: =AI58+AN58 -> 23199.71 | AQ58: 11490 | AR58: =+AN58/BK58*BH58 -> 11173.28 | AS58: =SUM(AR58*100/AQ58) -> 97.243516 | AT58: 12026.43 | AU58: 10643.65 | AV58: =AD58 -> 650.41 | AW58: 20107 | AX58: AUG'09 | AY58: 200528 | AZ58: =+AZ42 -> 10-11 | BC58: 0 | BG58: =+BG42 -> 0 | BH58: =+BH56 -> 27 | BI58: =BI5 -> 1 | BJ58: 26 | BK58: =BJ58+BI58 -> 27
AF59: =MAX(A59:AE59) -> 0 | AH59: =+AG60+AG62+AG45+AG46+AG47+AG48+AG49+AG50+AG52+AG54+AG55+0 -> 11786.827 | AL59: =AE59 -> 0 | AU59: 0 | AV59: =AD59 -> 0 | BA59: ING: | BB59: ='SAL STOCK'!F17 -> 0 | BC59: =25.66+24.42 -> 50.08 | BE59: =9*33 -> 297
A60: 131.86 | B60: 559.29 | C60: 0 | D60: 444.52 | E60: 306.82 | F60: 344.83 | G60: 282.77 | H60: 277.85 | I60: 318.46 | J60: 0 | K60: 437.38 | L60: 395.28 | M60: 336.85 | N60: 359.35 | O60: 407.53 | P60: =359.99 -> 359.99 | Q60: 0 | R60: =425.71 -> 425.71 | S60: 306.63 | T60: 347.31 | U60: 346.73 | V60: 375.24 | W60: 412.9 | X60: 0 | Y60: 322.32 | Z60: 251.11 | AA60: 225.42 | AB60: =198.9-50.35 -> 148.55 | AC60: 438.13 | AD60: 317.14 | AE60: 395.96 | AF60: =MAX(A60:AE60) -> 559.29 | AG60: =SUM(A60:AE60) -> 9275.93 | AH60: =+AG44-AG62 -> 8860.79 | AI60: 8260.7 | AJ60: Sal BLT:C-I | AK60: =AQ60/BH60*BI60 -> 281.48148 | AL60: =AE60 -> 395.96 | AM60: 5580 | AN60: =AG60 -> 9275.93 | AO60: =+AN61/AM60*100 -> 31.05 | AP60: =AI60+AN60 -> 17536.63 | AQ60: =+AQ44-AQ62 -> 7600 | AR60: =+AN60/BK60*BH60 -> 9275.93 | AS60: =SUM(AR60*100/AQ60) -> 122.05171 | AT60: 8260.7 | AU60: 8299.34 | AV60: =AD60 -> 317.14 | BA60: TOTAL DESP | BB60: =SUM(BB49:BB59) -> 403.18 | BC60: =SUM(BC49:BC59) -> 11173.28 | BG60: =BH60-BK60 -> 0 | BH60: =+BH58 -> 27 | BI60: =BI56 -> 1 | BJ60: 26 | BK60: =BJ60+BI60 -> 27
A61: 15.6 | B61: 4.55 | C61: 0 | D61: 88.76 | E61: 63.5 | F61: 64.13 | G61: 58 | H61: 67.68 | I61: 30.35 | J61: 0 | K61: =95.4 -> 95.4 | L61: 88 | M61: 74.95 | N61: 105 | O61: 148.53 | P61: 87.85 | Q61: 0 | R61: 65.6 | S61: 59.9 | T61: 87.95 | U61: 47.4 | V61: 51.75 | W61: 50.9 | X61: 0 | Y61: 53.41 | Z61: 52.45 | AA61: 54.46 | AB61: 44.58 | AC61: 63.6 | AD61: 51.15 | AE61: =57.14 -> 57.14 | AF61: =MAX(A61:AE61) -> 148.53 | AG61: =SUM(A61:AE61) -> 1732.59 | AH61: =4452.16-AH62 -> -6181.34 | AI61: 1798.9 | AJ61: :HTF | AK61: =AQ61/BH61*BI61 -> 86.666667 | AL61: =AE61 -> 57.14 | AM61: 1190 | AN61: =AG61 -> 1732.59 | AO61: =+AN62/AM61*100 -> 114.08151 | AP61: =AI61+AN61 -> 3531.49 | AQ61: 2340 | AR61: =+AN61/BK61*BH61 -> 1732.59 | AS61: =SUM(AR61*100/AQ61) -> 74.042308 | AT61: 1798.9 | AU61: 1863.41 | AV61: =AD61 -> 51.15 | BC61: =AG58-BC60 -> 0 | BG61: =BH61-BK61 -> 0 | BH61: =+BH60 -> 27 | BI61: =BI44 -> 1 | BJ61: 26 | BK61: =BJ61+BI61 -> 27
A62: 15.6 | B62: =4.55-4.55 -> 0 | C62: 0 | D62: =88.46-16.6 -> 71.86 | E62: =63.5-5.2 -> 58.3 | F62: =64.13-13.95 -> 50.18 | G62: =58-16.6 -> 41.4 | H62: =67.68-51.77-9 -> 6.91 | I62: =30.35-10.4 -> 19.95 | J62: 0 | K62: =95.4-24 -> 71.4 | L62: =88-8 -> 80 | M62: =74.95-13.45 -> 61.5 | N62: 91 | O62: =148.53-9.6 -> 138.93 | P62: =87.85-6.45 -> 81.4 | Q62: 0 | R62: =65.6-20 -> 45.6 | S62: =59.9-5 -> 54.9 | T62: =87.95-32.3 -> 55.65 | U62: =47.4-12.5 -> 34.9 | V62: 42 | W62: =50.9-11.1 -> 39.8 | X62: 0 | Y62: =53.41-3.85 -> 49.56 | Z62: =52.45-12.3 -> 40.15 | AA62: =54.46-24.2 -> 30.26 | AB62: =44.58-11.1 -> 33.48 | AC62: =63.6-12.8 -> 50.8 | AD62: =51.15-10.65 -> 40.5 | AE62: =57.14-5.6 -> 51.54 | AF62: =MAX(A62:AE62) -> 138.93 | AG62: =SUM(A62:AE62) -> 1357.57 | AH62: =+AG62+AG60 -> 10633.5 | AI62: 1526.55 | AJ62: HTF:BLT | AK62: =AQ62/BH62*BI62 -> 70.37037 | AL62: =AE62 -> 51.54 | AM62: 1395 | AN62: =AG62 -> 1357.57 | AO62: =+AN62/AM62*100 -> 97.316846 | AP62: =AI62+AN62 -> 2884.12 | AQ62: 1900 | AR62: =+AN62/BK62*BH62 -> 1357.57 | AS62: =SUM(AR62*100/AQ62) -> 71.451053 | AT62: 1526.55 | AU62: 1621.44 | AV62: =AD62 -> 40.5 | BA62: R.W.F | BB62: 39.53 | BC62: =+BD62+BB62 -> 5104.28 | BD62: 5064.75 | BE62: =11148-304 -> 10844 | BG62: =BH62-BK62 -> 0 | BH62: =+BH61 -> 27 | BI62: =BI44 -> 1 | BJ62: 26 | BK62: =BJ62+BI62 -> 27
AI63: 0 | AL63: =AE63 -> 0 | AN63: =AG63 -> 0 | AT63: 0 | AV63: =AD63 -> 0 | BA63: SPADEM1 | BB63: 47.076 | BC63: =+BD63+BB63 -> 507.636 | BD63: 460.56
AF64: =MAX(A64:AE64) -> 0 | AI64: 0 | AJ64: DSP SAL | AL64: =AE64 -> 0 | AN64: =AG64 -> 0 | AT64: 0 | AU64: 0 | AV64: =AD64 -> 0 | BA64: JACKAL | BB64: 0 | BC64: =+BD64+BB64 -> 9.9 | BD64: 9.9
A65: 0 | B65: 0 | C65: 0 | D65: 66.02 | E65: =158.08-66.02 -> 92.06 | F65: 0 | G65: 2.47 | H65: 0 | I65: 0 | J65: 0 | K65: 0 | L65: 0 | M65: 0 | N65: 0 | O65: 0 | P65: 0 | Q65: 0 | R65: =17.01 -> 17.01 | S65: =225.24-204.02 -> 21.22 | T65: 26.46 | U65: 4.95 | V65: 0 | W65: =280.04-244.94 -> 35.1 | X65: 0 | Y65: 6.35 | Z65: 8.4 | AA65: 0 | AB65: 1.24 | AC65: 0 | AD65: 22 | AE65: 0 | AF65: =MAX(A65:AE65) -> 92.06 | AG65: =SUM(A65:AE65) -> 303.28 | AH65: 162.9 | AI65: 102.97 | AJ65: COND | AK65: 29.66 | AL65: =AE65 -> 0 | AN65: =AG65 -> 303.28 | AP65: =AI65+AN65 -> 406.25 | AT65: 102.97 | AU65: 635.03 | AV65: =AD65 -> 22 | BA65: SpadeM2 | BB65: 0 | BC65: =+BD65+BB65 -> 41.42 | BD65: 41.42
A66: 0 | B66: 0 | C66: 0 | D66: 0 | E66: 0 | F66: 0 | G66: 0 | H66: 0 | I66: 0 | J66: 0 | K66: 0 | L66: 0 | M66: 0 | N66: 0 | O66: 0 | P66: 0 | Q66: 0 | R66: 0 | S66: 0 | T66: 0 | U66: 0 | V66: 0 | W66: 0 | X66: 0 | Y66: 0 | Z66: 0 | AA66: 0 | AB66: 0 | AC66: 0 | AD66: 0 | AE66: 0 | AF66: =MAX(A66:AE66) -> 0 | AG66: =SUM(A66:AE66) -> 0 | AI66: 0 | AJ66: HTF BLT | AK66: 18 | AL66: =AE66 -> 0 | AN66: =AG66 -> 0 | AP66: =AI66+AN66 -> 0 | AR66: 45 | AT66: 0 | AU66: 58.17 | AV66: =AD66 -> 0 | BA66: BSP | BB66: 0 | BC66: =+BD66+BB66 -> 0 | BD66: 0
A67: 0 | B67: 0 | C67: 0 | D67: 0 | E67: 0 | F67: 0 | G67: 0 | H67: 0 | I67: 0 | J67: 0 | K67: 0 | L67: 0 | M67: 0 | N67: 0 | O67: 0 | P67: 0 | Q67: 0 | R67: 0 | S67: 0 | T67: 0 | U67: 0 | V67: 0 | W67: 0 | X67: 0 | Y67: 0 | Z67: 0 | AA67: 0 | AB67: 0 | AC67: 0 | AD67: 0 | AE67: 0 | AF67: =MAX(A67:AE67) -> 0 | AG67: =SUM(A67:AE67) -> 0 | AI67: 0 | AJ67: HTF BAR | AK67: 0 | AL67: =AE67 -> 0 | AN67: =AG67 -> 0 | AP67: =AI67+AN67 -> 0 | AT67: 0 | AU67: 0 | AV67: =AD67 -> 0 | BA67: DSP | BB67: 0 | BC67: =+BD67+BB67 -> 408.45 | BD67: 408.45
A68: 0 | B68: 0 | C68: 0 | D68: 0 | E68: 0 | F68: 0 | G68: 0 | H68: 0 | I68: 0 | J68: 0 | K68: 0 | L68: 0 | M68: 0 | N68: 0 | O68: 0 | P68: 0 | Q68: 0 | R68: 0 | S68: 0 | T68: 0 | U68: 0 | V68: 0 | W68: 0 | X68: 0 | Y68: 0 | Z68: 0 | AA68: 0 | AB68: 0 | AC68: 0 | AD68: 0 | AE68: 0 | AF68: =MAX(A68:AE68) -> 0 | AG68: =SUM(A68:AE68) -> 0 | AH68: =884.29-880.39 -> 3.9 | AI68: 0 | AJ68: HTF FRG | AK68: 0 | AL68: =AE68 -> 0 | AN68: =AG68 -> 0 | AP68: =AI68+AN68 -> 0 | AT68: 0 | AU68: 0 | AV68: =AD68 -> 0 | BA68: BSL | BB68: 0 | BC68: =+BD68+BB68 -> 94.58 | BD68: 94.58
A69: 0 | B69: 0 | C69: 0 | D69: 0 | E69: 0 | F69: 0 | G69: 0 | H69: 0 | I69: 0 | J69: 0 | K69: 0 | L69: 0 | M69: 0 | N69: 0 | O69: 0 | P69: 0 | Q69: 0 | R69: 0 | S69: 0 | T69: 0 | U69: 0 | V69: 0 | W69: 0 | X69: 0 | Y69: 0 | Z69: 0 | AA69: 0 | AB69: 0 | AC69: 0 | AD69: 0 | AE69: 0 | AF69: =MAX(A69:AE69) -> 0 | AG69: =SUM(A69:AE69) -> 0 | AI69: 0 | AJ69: PM | AK69: 0 | AL69: =AE69 -> 0 | AN69: =AG69 -> 0 | AP69: =AI69+AN69 -> 0 | AT69: 0 | AU69: 0 | AV69: =AD69 -> 0 | BA69: IISCO | BB69: 0 | BC69: =+BD69+BB69 -> 89.98 | BD69: 89.98
A70: =SUM(A65:A69) -> 0 | B70: =SUM(B65:B69) -> 0 | C70: =SUM(C65:C69) -> 0 | D70: =SUM(D65:D69) -> 66.02 | E70: =SUM(E65:E69) -> 92.06 | F70: =SUM(F65:F69) -> 0 | G70: =SUM(G65:G69) -> 2.47 | H70: =SUM(H65:H69) -> 0 | ... AE70: =SUM(AE65:AE69) -> 0 | AF70: =MAX(A70:AE70) -> 92.06 | AG70: =SUM(A70:AE70) -> 303.28 | AH70: =1221.04-976.32 -> 244.72 | AI70: 102.97 | AJ70: TOT DSP | AK70: =+AQ70/BH70 -> 14.814815 | AL70: =AE70 -> 0 | AM70: =SUM(AQ70/BH70*BK70) -> 400 | AN70: =AG70 -> 303.28 | AO70: =+AN71/AM70*100 -> 0 | AP70: =AI70+AN70 -> 406.25 | AQ70: 400 | AR70: =AN71*BH70/BK70 -> 0 | AS70: =SUM(AR70*100/AQ70) -> 0 | AT70: 102.97 | AU70: 693.2 | AV70: =AD70 -> 22 | BA70: VISL | BB70: 0 | BC70: =+BD70+BB70 -> 0 | BD70: 0 | BG70: =BH70-BK70 -> 0 | BH70: =BH62 -> 27 | BI70: =BI44 -> 1 | BJ70: 26 | BK70: =BJ70+BI70 -> 27
AF71: =MAX(A71:AE71) -> 0 | AH71: =343*3.9 -> 1337.7 | AI71: 0 | AL71: =AE71 -> 0 | AN71: =AG71 -> 0 | AT71: 0 | AU71: 0 | AV71: =AD71 -> 0 | BA71: SSP | BB71: 0 | BC71: =+BD71+BB71 -> 0 | BD71: 0
A72: 0 | B72: 0 | C72: 0 | D72: 0 | E72: 0 | F72: 0 | H72: 0 | I72: 0 | J72: 0 | K72: =25*3.9 -> 97.5 | L72: 0 | M72: 0 | N72: 0 | O72: 0 | P72: 0 | Q72: =23*3.9 -> 89.7 | R72: 0 | S72: 0 | T72: 0 | U72: 0 | V72: 0 | W72: 0 | X72: 0 | Y72: 0 | Z72: 0 | AA72: 0 | AB72: 0 | AC72: 0 | AD72: 0 | AE72: 0 | AF72: =1728-183 -> 1545 | AG72: =SUM(A72:AE72) -> 187.2 | AH72: =451.7-280.8 -> 170.9 | AI72: 397.8 | AJ72: DSP-RECIEPT | AK72: =+AQ72/BH72 -> 12.903226 | AL72: =AE72 -> 0 | AM72: =SUM(AQ72/BH72*BK72) -> 400 | AN72: =AG72 -> 187.2 | AP72: =AI72+AN72 -> 585 | AQ72: 400 | AR72: =+AN72/BK72*BH72 -> 187.2 | AS72: =SUM(AR72*100/AQ72) -> 46.8 | AT72: 397.8 | AU72: 904.8 | AV72: =AD72 -> 0 | AW72: 5672 | AX72: APR'08 | AY72: 48895 | AZ72: 07-08 | BA72: RSP | BB72: 71.83 | BC72: =+BD72+BB72 -> 751.57 | BD72: 679.74 | BH72: =BH21 -> 31 | BI72: 1 | BJ72: 30 | BK72: =BJ72+BI72 -> 31
A73: 66.3 | B73: 0 | C73: 0 | D73: 0 | E73: 0 | F73: 0 | G73: 64.4 | H73: 61.4 | I73: =58+70.5 -> 128.5 | J73: 68.9 | K73: 71.6 | L73: =71.2+69.3 -> 140.5 | M73: 68.7 | N73: 80.2 | O73: =66.9+64.8 -> 131.7 | P73: 63.2 | Q73: 62.9 | R73: 70.2 | S73: 75.8 | T73: 0 | U73: 75.3 | V73: 73.7 | W73: =76.4+78.3 -> 154.7 | X73: =66.5+66.5 -> 133 | Y73: 70.3 | Z73: =66.1+77 -> 143.1 | AA73: =68.6+68.24 -> 136.84 | AB73: =69.9+70.9 -> 140.8 | AC73: =57.3+76 -> 133.3 | AD73: =84+70.6 -> 154.6 | AE73: =70.3+68.4 -> 138.7 | AF73: =1493-159 -> 1334 | AG73: =SUM(A73:AE73) -> 2508.64 | AH73: =523.43+440.7 -> 964.13 | AI73: 2500.2 | AJ73: DSP HOT MET wt | AK73: =+AQ73/BH73 -> 64.516129 | AL73: =AE73 -> 138.7 | AM73: =SUM(AQ73/BH73*BK73) -> 2000 | AN73: =AG73 -> 2508.64 | AP73: =AI73+AN73 -> 5008.84 | AQ73: 2000 | AR73: =+AN73/BK73*BH73 -> 2508.64 | AS73: =SUM(AR73*100/AQ73) -> 125.432 | AT73: 2500.2 | AU73: 4309.99 | AV73: =AD73 -> 154.6 | BA73: DEFENCE | BB73: 44.48 | BC73: =+BD73+BB73 -> 1300.34 | BD73: 1255.86 | BE73: =348.85+231.24 -> 580.09 | BH73: =BH21 -> 31 | BI73: 1 | BJ73: 30 | BK73: =BJ73+BI73 -> 31
A74: 52.6 | B74: 0 | C74: 0 | D74: 0 | E74: 0 | F74: 0 | G74: 46.8 | H74: 50 | I74: 98.9 | J74: 52.6 | K74: 48.95 | L74: 101.55 | M74: 48.45 | N74: 48.5 | O74: =52.6+48 -> 100.6 | P74: 45.3 | Q74: 52.6 | R74: 48.95 | S74: 48.95 | T74: 0 | U74: 48.3 | V74: 52.6 | W74: 92.15 | X74: =46.05+50 -> 96.05 | Y74: 48.95 | Z74: =52.6+49 -> 101.6 | AA74: =52.6*2 -> 105.2 | AB74: =52.6*2 -> 105.2 | AC74: =52+52 -> 104 | AD74: =52.6*2 -> 105.2 | AE74: =52.6*2 -> 105.2 | AF74: =MAX(A74:AE74) -> 105.2 | AG74: =SUM(A74:AE74) -> 1809.2 | AH74: =748.8-687 -> 61.8 | AI74: 1898.6 | AJ74: DSP H/M LIQ | AL74: =AE74 -> 105.2 | AN74: =AG74 -> 1809.2 | AP74: =AI74+AN74 -> 3707.8 | AT74: 1898.6 | AU74: 3174.356 | AV74: =AD74 -> 105.2 | BA74: DSP R-16 | BB74: 0 | BC74: =+BD74+BB74 -> 387.59 | BD74: 387.59 | BE74: 44.69
A75: 422000 | B75: 402300 | C75: 418300 | D75: 433500 | E75: 473900 | F75: 450100 | G75: 470400 | H75: 465600 | I75: 464800 | J75: 253400 | K75: 466900 | L75: 468400 | M75: 477400 | N75: 457200 | O75: 319300 | P75: 417700 | Q75: 398900 | R75: 465400 | S75: 469600 | T75: 416300 | U75: 445300 | V75: 459300 | W75: 459600 | X75: 430600 | Y75: 473600 | Z75: 483500 | AA75: 473800 | AB75: 491900 | AC75: 577000 | AD75: 445000 | AE75: 444400 | AF75: =MAX(A75:AE75) -> 577000 | AG75: =SUM(A75:AE75) -> 13795400 | AH75: =AG75/AG20 -> 1282.1968 | AI75: 14431500 | AJ75: ASP NET | AK75: 337700 | AL75: =AE75 -> 444400 | AN75: =AG75 -> 13795400 | AP75: =AI75+AN75 -> 28226900 | AT75: 14431500 | AU75: 13208100 | AV75: =AD75 -> 445000 | BA75: YANTRA R16 | BB75: 0 | BC75: =+BD75+BB75 -> 0 | BD75: 0 | BF75: 27.456 | BH75: =BH73 -> 31 | BI75: 1 | BJ75: 30 | BK75: =BJ75+BI75 -> 31
A76: 0 | B76: 0 | C76: 0 | D76: 0 | E76: 0 | F76: 0 | G76: 0 | H76: 0 | I76: 0 | J76: 0 | K76: 0 | L76: 0 | M76: 0 | N76: 0 | O76: 0 | P76: 0 | Q76: 0 | R76: 0 | S76: 0 | T76: 0 | U76: 0 | V76: 0 | W76: 0 | X76: 0 | Y76: 0 | Z76: 0 | AA76: 0 | AB76: 0 | AC76: 0 | AD76: 0 | AE76: 0 | AF76: =MAX(A76:AE76) -> 0 | AG76: =AG75/AG56 -> 1209.8907 | AH76: =BB79 -> 1209.8907 | AI76: 1286.4706 | AJ76: F/OIL KL | AK76: 0 | AL76: =AE76 -> 0 | AN76: =AG76 -> 1209.8907 | AP76: =AI76+AN76 -> 2496.3613 | AT76: 1286.4706 | AU76: 0 | AV76: =AD76 -> 0 | BA76: VISL R-16 | BB76: 0 | BC76: =+BD76+BB76 -> 0 | BD76: 0 | BF76: =31.2*0.88 -> 27.456 | BH76: =BH75 -> 31 | BI76: 1 | BJ76: 30 | BK76: =BJ76+BI76 -> 31
A77: 43 | B77: 43.63 | C77: 43.32 | D77: 43.3 | E77: 43 | F77: 42.89 | G77: 42 | H77: 42.71 | I77: 36.07 | J77: 59.42 | K77: 47 | L77: 45.787 | M77: 44.887 | N77: 29.51 | O77: 35 | P77: 32.47 | Q77: 34.71 | R77: 20.082 | S77: 0 | T77: 0 | U77: =991.75-977 -> 14.75 | V77: 0 | W77: 25.92 | X77: 47.95 | Y77: 57.62 | Z77: 57.73 | AA77: 58.992 | AB77: 58.62 | AC77: 57.98 | AD77: 57.978 | AE77: 68.1 | AF77: =MAX(A77:AE77) -> 68.1 | AG77: =SUM(A77:AE77) -> 1234.426 | AH77: =AG77/(24*BK75)*1000 -> 1659.1747 | AI77: 1273.139 | AJ77: DSP GAS(NM) | AK77: 72 | AL77: =AE77 -> 68.1 | AN77: =AG77 -> 1234.426 | AO77: =V111 -> 1577 | AP77: =AI77+AN77 -> 2507.565 | AT77: 1273.139 | AU77: 1576.936 | AV77: =AD77 -> 57.978 | BA77: BRC BLM | BB77: 0 | BC77: =+BD77+BB77 -> 356.69 | BD77: 356.69
A78: 43.31 | B78: 28.977 | C78: 34.899 | D78: 33.931 | E78: 48.426 | F78: 59.951 | G78: 61 | H78: 45.372 | I78: 35.231 | J78: 32.892 | K78: 43 | L78: 43.252 | M78: 46.097 | N78: 59.974 | O78: 55 | P78: 44.302 | Q78: 37.631 | R78: 63.464 | S78: 65 | T78: 52.683 | U78: 66.898 | V78: =1343.261-1264.595 -> 78.666 | W78: 57.196 | X78: 45.116 | Y78: 53.38 | Z78: 56.159 | AA78: 51.454 | AB78: 40.983 | AC78: 49.646 | AD78: 39.956 | AE78: 49.819 | AF78: =MAX(A78:AE78) -> 78.666 | AG78: =SUM(A78:AE78) -> 1523.665 | AH78: =AG78/(24*BK76)*1000 -> 2047.9368 | AI78: 1277.171 | AJ78: RLNG(SCM) | AK78: 19 | AL78: =AE78 -> 49.819 | AN78: =AG78 -> 1523.665 | AO78: =V112 -> 2060 | AP78: =AI78+AN78 -> 2800.836 | AT78: 1277.171 | AU78: 1610.2651 | AV78: =AD78 -> 39.956 | BA78: IPT DESP | BB78: 0 | BC78: =+BC72+BC71+BC70+BC69+BC68+BC67+BC66 -> 1344.58 | BD78: 1272.75
A79: 0 | B79: 0 | C79: 0 | D79: 0 | E79: 0 | F79: 0 | G79: 0 | H79: 0 | I79: 52.41 | J79: 0 | K79: 49.49 | L79: 0 | M79: 0 | N79: 0 | O79: =207.51-101.9 -> 105.61 | P79: 0 | Q79: 0 | R79: 0 | S79: 0 | T79: 0 | U79: 0 | V79: 0 | W79: 52 | X79: =309.35-259.5 -> 49.85 | Y79: 0 | Z79: 0 | AA79: 0 | AB79: 49.8 | AC79: 0 | AD79: 0 | AE79: 0 | AF79: =MAX(A79:AE79) -> 105.61 | AG79: =SUM(A79:AE79) -> 359.16 | AH79: =AG19/AG79*100 -> 111.22369 | AI79: 520.37 | AJ79: CCS LIQ | AK79: 0 | AL79: =AE79 -> 0 | AN79: =AG79 -> 359.16 | AP79: =AI79+AN79 -> 879.53 | AQ79: 309 | AT79: 520.37 | AU79: 751.46 | AV79: =AD79 -> 0 | BA79: SAL/TON:KWH | BB79: =AN75/AN56 -> 1209.8907
A80: =+A12-A79 -> 211 | B80: =+B12-B79 -> 320 | C80: =+C12-C79 -> 369 | D80: =+D12-D79 -> 314.55 | E80: =+E12-E79 -> 367.2 | F80: =+F12-F79 -> 306.65 | G80: =+G12-G79 -> 368.55 | H80: =+H12-H79 -> 362 | ... AE80: =+AE12-AE79 -> 585 | AF80: =MAX(A80:AE80) -> 585 | AG80: =SUM(A80:AE80) -> 10841.67 | AI80: 10365.275 | AJ80: ING LIQ | AK80: 0 | AL80: =AE80 -> 585 | AN80: =AG80 -> 10841.67 | AP80: =AI80+AN80 -> 21206.945 | AQ80: 11861 | AT80: 10365.275 | AU80: 10455.51 | AV80: =AD80 -> 515 | BA80: CRUDE/TON:KWH | BB80: =AN75/AN20 -> 1282.1968
A81: =A99 -> 4.4583333 | B81: =B99 -> 2.6785714 | C81: =C99 -> 2.8571429 | D81: =D99 -> 3.1111111 | E81: =E99 -> 2.9642857 | F81: =F99 -> 3.047619 | G81: =G99 -> 3.45 | H81: =H99 -> 3.2916667 | ... AE81: =AE99 -> 3.8333333 | AF81: 0 | AG81: =SUM(A81:AE81) -> 102.79365 | AI81: 123.87808 | AJ81: POWER ON TO | AK81: =AK99 -> 0 | AL81: =AE81 -> 3.8333333 | AN81: =AG81 -> 102.79365 | AP81: =AI81+AN81 -> 226.67173 | AT81: 123.87808 | AU81: 106.43611 | AV81: =AD81 -> 3.297619 | BA81: GAS CONSUMPTION :
A82: =A92 -> 4 | B82: =B92 -> 7 | C82: =C92 -> 7 | D82: =D92 -> 6 | E82: =E92 -> 7 | F82: =F92 -> 7 | G82: =G92 -> 5 | H82: =H92 -> 6 | ... AE82: =AE92 -> 0 | AF82: 5 | AG82: =SUM(A82:AE82) -> 145 | AH82: =1341-1416 -> -75 | AI82: 85 | AJ82: FCE#2 HEATS MELT | AK82: 4 | AL82: =AE82 -> 0 | AN82: =AG82 -> 145 | AP82: =AI82+AN82 -> 230 | AT82: 85 | AV82: =AD82 -> 0 | BA82: LIQ/TON:NMC | BB82: =(AG77++AG78)/AN12*1000 -> 246.23988
A83: =A96 -> 0 | B83: =B96 -> 0 | C83: =C96 -> 0 | D83: =D96 -> 0 | E83: =E96 -> 0 | F83: =F96 -> 0 | G83: =G96 -> 0 | H83: =H96 -> 0 | ... AE83: =AE96 -> 6 | AJ83: FCE#3 HEATS MELT | AK83: 4 | AL83: =AE83 -> 6 | AV83: =AD83 -> 7
AG84: =250.36/0.9714 -> 257.73111 | AH84: =+AG15/AG79*100 -> 26.840405 | AI84: R-16 | AM84: RWF STOCK POSITION | AQ84: BREAK UP OF CC | AV84: =AD84 -> 0 | AX84: REJ | AY84: CL BAL
A85: 0 | B85: 0 | C85: 0 | D85: 0 | E85: 0 | F85: 0 | G85: 0 | H85: 0 | I85: 0 | J85: 0 | K85: 0 | L85: 0 | M85: 0 | N85: 0 | O85: 0 | P85: 0 | Q85: 0 | R85: 0 | S85: 0 | T85: 0 | U85: 0 | V85: 0 | W85: 0 | X85: 0 | Y85: 0 | Z85: 0 | AA85: 0 | AB85: 0 | AC85: 0 | AD85: 0 | AE85: 0 | AF85: =SUM(A85:AE85) -> 0 | AH85: FC#4 MIN | AI85: 2908250201 | AJ85: MSF | AK85: TON | AL85: 2331260101 | AM85: WAP1/95 | AN85: =975 -> 975 | AO85: =89.2 -> 89.2 | AP85: SAILRATH | AR85: 0
A86: =A85/A104 -> 0 | B86: =B85/B104 -> 0 | C86: =C85/C104 -> 0 | D86: =D85/D104 -> 0 | E86: =E85/E104 -> 0 | F86: =F85/F104 -> 0 | G86: =G85/G104 -> 0 | H86: =H85/H104 -> 0 | ... AE86: =AE85/AE104 -> 0 | AF86: =SUM(A86:AE86) -> 0 | AG86: =SUM(A84:AE84) -> 0 | AH86: HRS | AI86: 2908250401 | AJ86: R-16/MSF | AK86: =343.31+4.15+628.03+9.4+308.23+1037.37+37.56 -> 2368.05 | AL86: 2331250401 | AM86: EA 1 N | AN86: 0 | AO86: =40.58+41.38-41.18 -> 40.78 | AP86: 50XKHAGA | AR86: 0
A87: =+A86/A88 -> #DIV/0! | B87: =+B86/B88 -> #DIV/0! | C87: =+C86/C88 -> #DIV/0! | D87: =+D86/D88 -> #DIV/0! | E87: =+E86/E88 -> #DIV/0! | F87: =+F86/F88 -> #DIV/0! | G87: =+G86/G88 -> #DIV/0! | H87: =+H86/H88 -> #DIV/0! | ... AE87: =+AE86/AE88 -> #DIV/0! | AF87: =SUM(A87:AE87) -> #DIV/0! | AG87: =SUM(A85:AE85) -> 0 | AH87: TAP TO TAP | AI87: 2908250501 | AJ87: R-43/MSF | AK87: =73.5+72+36+28.8+36.68-48.87+32.44-50.2-100.14-74.89 -> 5.32 | AL87: 2331250501 | AM87: WAP(LHB) | AN87: 950 | AO87: =75.26-74.26 -> 1 | AP87: DMRL1750 | AR87: 0
A88: 0 | B88: 0 | C88: 0 | D88: 0 | E88: 0 | F88: 0 | G88: 0 | H88: 0 | I88: 0 | J88: 0 | K88: 0 | L88: 0 | M88: 0 | N88: 0 | O88: 0 | P88: 0 | Q88: 0 | R88: 0 | S88: 0 | T88: 0 | U88: 0 | V88: 0 | W88: 0 | X88: 0 | Y88: 0 | Z88: 0 | AA88: 0 | AB88: 0 | AC88: 0 | AD88: 0 | AE88: 0 | AF88: =SUM(A88:AE88) -> 0 | AG88: =+AG87/AG89 -> 0 | AH88: HEATS | AI88: WAP1/95 | AJ88: R-16 DSP | AK88: =233.73+7 -> 240.73 | AL88: 2331250901 | AM88: WAP1/95 | AN88: 1020 | AO88: =3219.51 -> 3219.51 | AP88: SpadeM1 | AR88: =300.31+48.4 -> 348.71 | BR88: =91-13 -> 78
A89: =495+190+180+205 -> 1070 | B89: =210+185+190+175+185+180 -> 1125 | C89: =160+160+180+175+175+175+175 -> 1200 | D89: =205+195+170+180+190+180 -> 1120 | E89: =175+160+190+175+180+200+165 -> 1245 | F89: =160+160+140+170+190+270+190 -> 1280 | G89: =165+160+180+335+195 -> 1035 | H89: =160+180+255+220+190+180 -> 1185 | I89: =185+170+200+180+190 -> 925 | J89: =180+165+205 -> 550 | K89: =260+220+185+180+185 -> 1030 | L89: =930+180 -> 1110 | M89: =165+160+235+185+180+170 -> 1095 | N89: =530+215+200+360 -> 1305 | O89: =160+240 -> 400 | P89: =320+215+185+230+240 -> 1190 | Q89: =245+200+245+250 -> 940 | R89: =305+180+185+210+200+190 -> 1270 | S89: =205+205+185+180+210+180 -> 1165 | T89: =270+195+165+150+175+175+200 -> 1330 | U89: 1125 | V89: 915 | W89: 1425 | X89: =165+175+195 -> 535 | Y89: 0 | Z89: 0 | AA89: =240+180+235+240 -> 895 | AB89: =165+190+170+210+130+295 -> 1160 | AC89: =250+205 -> 455 | AD89: 0 | AE89: 0 | AF89: =SUM(A89:AE89) -> 28080 | AG89: =SUM(A89:AE89) -> 28080 | AH89: FC#2 MIN | AI89: 1058241701 | AJ89: 1058250701 | AL89: 2331240501 | AM89: CL IV 300/340 | AN89: 1070 | AO89: =175.76 -> 175.76 | AP89: Jackel | AR89: 0 | BR89: 3
A90: =+A89/A104 -> 17.833333 | B90: =+B89/B104 -> 18.75 | C90: =+C89/C104 -> 20 | D90: =+D89/D104 -> 18.666667 | E90: =+E89/E104 -> 20.75 | F90: =+F89/F104 -> 21.333333 | G90: =+G89/G104 -> 17.25 | H90: =+H89/H104 -> 19.75 | ... AE90: =+AE89/AE104 -> 0 | AF90: =SUM(A90:AE90) -> 468 | AG90: =SUM(A90:AE90) -> 468 | AH90: HRS | AJ90: 1058260101 | AL90: 2331240801 | AM90: CL IV 300/340 | AN90: 1230 | AO90: =42.28 -> 42.28 | AQ90: TOTAL | AR90: =SUM(AR85:AR89) -> 348.71 | BM90: =30+31+30 -> 91
A91: =+A90/A92 -> 4.4583333 | B91: =+B90/B92 -> 2.6785714 | C91: =+C90/C92 -> 2.8571429 | D91: =+D90/D92 -> 3.1111111 | E91: =+E90/E92 -> 2.9642857 | F91: =+F90/F92 -> 3.047619 | G91: =+G90/G92 -> 3.45 | H91: =+H90/H92 -> 3.2916667 | ... AF91: =+AF90/AF92 -> 3.2275862 | AG91: =+AG90/AG105 -> 24.704981 | AH91: TAP TO TAP | AM91: TOTAL | AO91: =SUM(AO85:AO90) -> 3568.53 | AP91: TARGET FOR BALANCE PERIOD OF THE MONTH TO MEET ABP FOR THE MONTH OF MAY'26 | AY91: PERFORMANCE FOR PERIOD UPTO MAY'26 | BP91: =91+3 -> 94 | BR91: 26
A92: 4 | B92: 7 | C92: 7 | D92: 6 | E92: 7 | F92: 7 | G92: 5 | H92: 6 | I92: 5 | J92: 3 | K92: 5 | L92: 7 | M92: 6 | N92: 7 | O92: 2 | P92: 5 | Q92: 4 | R92: 6 | S92: 6 | T92: 7 | U92: 6 | V92: 5 | W92: 7 | X92: 3 | Y92: 0 | AA92: 4 | AB92: 6 | AC92: 2 | AD92: 0 | AE92: 0 | AF92: =SUM(A92:AE92) -> 145 | AG92: =+AG91/AG93 -> 0.17037918 | AH92: HEATS | AP92: ON DATE | AQ92: CUMM. | AR92: ITEM | AS92: ABP | AT92: ACT T/DT | AU92: RATE | AV92: BAL | AW92: ASK RATE | AX92: HTS/DAY | AY92: ABP | AZ92: ACT T/DT | BA92: BALANCE | BB92: ASK RATE | BC92: HTS/DAY | BR92: 27
A93: 0 | B93: 0 | C93: 0 | D93: 0 | E93: 0 | F93: 0 | G93: 0 | H93: 0 | I93: 0 | J93: 0 | K93: 0 | L93: 0 | M93: 0 | N93: 0 | O93: 0 | P93: 0 | Q93: 0 | R93: 0 | S93: 0 | T93: 0 | U93: 0 | V93: 0 | W93: 0 | X93: =360+300 -> 660 | Y93: =195+185+190+195+195 -> 960 | Z93: =415+350+400 -> 1165 | AA93: =180+205 -> 385 | AB93: 240 | AC93: =215+275+190+160+140 -> 980 | AD93: =215+225+185+190+165+145+260 -> 1385 | AE93: =180+210+200+235+260+295 -> 1380 | AF93: =SUM(A93:AE93) -> 7155 | AG93: =SUM(A92:AE92) -> 145 | AH93: FC#3MIN | AJ93: 0 | AO93: DSP | AR93: CRUDE | AS93: =AQ20 -> 11612 | AT93: =AN20 -> 10759.191 | AU93: =AR20 -> 10759.191 | AV93: =AS93-AT93 -> 852.809 | AW93: =AV93/BG20 -> #DIV/0! | AX93: =+AW93/50 -> #DIV/0! | AY93: =11511+11612 -> 23123 | AZ93: =AP20 -> 21246.991 | BA93: =AY93-AZ93 -> 1876.009 | BB93: =+BA93/BF93 -> 6.1710822 | BC93: =+BB93/50 -> 0.12342164 | BF93: =+BH93-BK93 -> 304 | BH93: 365 | BI93: 1 | BJ93: 60 | BK93: =BJ93+BI93 -> 61 | BR93: 25
A94: =+A93/A104 -> 0 | B94: =+B93/B104 -> 0 | C94: =+C93/C104 -> 0 | D94: =+D93/D104 -> 0 | E94: =+E93/E104 -> 0 | F94: =+F93/F104 -> 0 | G94: =+G93/G104 -> 0 | H94: =+H93/H104 -> 0 | ... AE94: =+AE93/AE104 -> 23 | AF94: =SUM(A94:AE94) -> 119.25 | AG94: =SUM(A94:AE94) -> 119.25 | AH94: HRS | AN94: 0 | AO94: W/SCRAP | AP94: 0 | AQ94: =+AP94+AI94 -> 0 | AR94: CONCAST | AS94: =AQ19 -> 607 | AT94: =AN19 -> 399.471 | AU94: =AR16 -> 399.471 | AV94: =AS94-AT94 -> 207.529 | AW94: =BG16 -> 0 | AX94: =+AW94/50 -> 0 | AY94: =506+507 -> 1013 | AZ94: =AP19 -> 907.181 | BA94: =AY94-AZ94 -> 105.819 | BB94: =+BA94/BF94 -> 0.34808882 | BC94: =+BB94/50 -> 0.0069617763 | BF94: =+BH94-BK94 -> 304 | BH94: 365 | BI94: 1 | BJ94: 60 | BK94: =BJ94+BI94 -> 61
A95: =+A94/A96 -> #DIV/0! | B95: =+B94/B96 -> #DIV/0! | C95: =+C94/C96 -> #DIV/0! | D95: =+D94/D96 -> #DIV/0! | E95: =+E94/E96 -> #DIV/0! | F95: =+F94/F96 -> #DIV/0! | G95: =+G94/G96 -> #DIV/0! | H95: =+H94/H96 -> #DIV/0! | ... AF95: =+AF94/AF96 -> 3.5073529 | AG95: =SUM(A95:AE95) -> #DIV/0! | AH95: TAP TO TAP | AO95: T/B | AP95: 0 | AQ95: =+AP95+AI95 -> 0 | AR95: DSP INGOTS | AS95: =AQ72 -> 400 | AT95: =AN72 -> 187.2 | AU95: =AR72 -> 187.2 | AV95: =AS95-AT95 -> 212.8 | AW95: =AU95/BG16 -> #DIV/0! | AX95: =+AW95/50 -> #DIV/0! | AY95: 800 | AZ95: =AP72 -> 585 | BA95: =AY95-AZ95 -> 215 | BB95: =+BA95/BF95 -> 0.70723684 | BC95: =+BB95/100 -> 0.0070723684 | BF95: =+BH95-BK95 -> 304 | BH95: 365 | BI95: 1 | BJ95: 60 | BK95: =BJ95+BI95 -> 61 | BP95: =91-13 -> 78 | BR95: =78+3 -> 81
A96: 0 | B96: 0 | C96: 0 | D96: 0 | E96: 0 | F96: 0 | H96: 0 | I96: 0 | J96: 0 | K96: 0 | L96: 0 | M96: 0 | N96: 0 | O96: 0 | P96: 0 | Q96: 0 | R96: 0 | S96: 0 | T96: 0 | U96: 0 | V96: 0 | W96: 0 | X96: 2 | Y96: 5 | Z96: 6 | AA96: 2 | AB96: 1 | AC96: 5 | AD96: 7 | AE96: 6 | AF96: =SUM(A96:AE96) -> 34 | AG96: =+AG95/AG97 -> #DIV/0! | AH96: HEATS | AO96: MISC | AP96: 0 | AQ96: =+AP96+AI96 -> 0 | AR96: SALEABLE | AS96: =AQ56 -> 11340 | AT96: =AN56 -> 11402.187 | AU96: =AR56 -> 11402.187 | AV96: =AS96-AT96 -> -62.187 | AY96: =11590+11340 -> 22930 | AZ96: =AP56 -> 22620.088 | BA96: =AY96-AZ96 -> 309.912 | BB96: =+BA96/BF96 -> 1.1965714 | BC96: - | BF96: =+BH96-BK96 -> 259 | BH96: 312 | BI96: =BI3 -> 1 | BJ96: 52 | BK96: =BJ96+BI96 -> 53
AF97: AOD LIQ | AG97: =AF94+AF90 -> 587.25 | AL97: 0 | AO97: TOTAL | AP97: =SUM(AP94:AP96) -> 0 | AQ97: =SUM(AQ94:AQ96) -> 0 | AR97: DISPATCH | AS97: =AQ58 -> 11490 | AT97: =AN58 -> 11173.28 | AU97: =AR58 -> 11173.28 | AV97: =AS97-AT97 -> 316.72 | AY97: =11740+11490 -> 23230 | AZ97: =AP58 -> 23199.71 | BA97: =AY97-AZ97 -> 30.29 | BB97: =+BA97/BF97 -> 0.11694981 | BC97: - | BF97: =+BH97-BK97 -> 259 | BH97: 312 | BI97: =BI5 -> 1 | BJ97: 52 | BK97: =BJ97+BI97 -> 53
A98: =+A103/A104 -> 17.833333 | B98: =+B103/B104 -> 18.75 | C98: =+C103/C104 -> 20 | D98: =+D103/D104 -> 18.666667 | E98: =+E103/E104 -> 20.75 | F98: =+F103/F104 -> 21.333333 | G98: =+G103/G104 -> 17.25 | H98: =+H103/H104 -> 19.75 | ... AE98: =+AE103/AE104 -> 23 | AF98: =SUM(A98:AE98) -> 587.25 | AG98: PLATE MIILL INP | AH98: 185.513 | AI98: 235.76 | AJ98: POWER ON TO | AL98: =SUM(AL94:AL97) -> 0
A99: =A98/(A21-A22) -> 4.4583333 | B99: =B98/(B21-B22) -> 2.6785714 | C99: =C98/(C21-C22) -> 2.8571429 | D99: =D98/(D21-D22) -> 3.1111111 | E99: =E98/(E21-E22) -> 2.9642857 | F99: =F98/(F21-F22) -> 3.047619 | G99: =G98/(G21-G22) -> 3.45 | H99: =H98/(H21-H22) -> 3.2916667 | ... AE99: =AE98/(AE21-AE22) -> 3.8333333 | AF99: =AF98/(AG21-AG22) -> 3.2807263 | AJ99: TAP TIME(HRS) | AN99: CUMM | AP99: MONTHLY SAL | BQ99: =365-52 -> 313
A100: 0 | B100: 0 | C100: 0 | D100: 0 | E100: 0 | F100: 0 | G100: 0 | H100: 0 | I100: 0 | J100: 0 | K100: 0 | L100: 0 | M100: 37.5 | N100: 55 | O100: 61.6 | P100: 0 | Q100: 0 | R100: 45.6 | S100: 0 | T100: 0 | U100: 0 | V100: 0 | W100: =212.81-199.7 -> 13.11 | X100: =274.21-212.81 -> 61.4 | Y100: 0 | Z100: 0 | AA100: 30.26 | AB100: =36.54+8.58 -> 45.12 | AC100: =50.8+18.48 -> 69.28 | AD100: 2.75 | AE100: 8.4 | AF100: 0 | AG100: =SUM(A100:AE100) -> 430.02 | AH100: DSP NVDREL | AJ100: PER HEAT | AP100: ELEMENTS | AQ100: TON | AT100: RELEAS OF DSP/BSP NVD | AX100: DESP STATUS OF DSP /BSP NON-VD MATERIAL
...

Sheet md cell
A1: ALLOY STEELS PLANT, DURGAPUR | J1: PRODUCTION PERFORMANCE: 2026-27
A2: PRODUCTION PLANNING & CONTROL DEPARTMENT | J2: ITEM | K2: ABP | L2: ACTUAL | M2: RATE | N2: % ABP
A3: =CONCATENATE("DAILY PERFORMANCE SUMMARY REPORT FOR") -> DAILY PERFORMANCE SUMMARY REPORT FOR | E3: 31/05/2026 | J3: CRUDE | K3: ='DAILY FLASH'!AZ2 -> 150797 | L3: ='DAILY FLASH'!BA2 -> 21246.991 | M3: ='DAILY FLASH'!BB2 -> 127133.63 | N3: ='DAILY FLASH'!BC2 -> 84.307801
J4: SAL. ST. | K4: ='DAILY FLASH'!AZ3 -> 146285 | L4: ='DAILY FLASH'!BA3 -> 22620.088 | M4: ='DAILY FLASH'!BB3 -> 133159.76 | N4: ='DAILY FLASH'!BC3 -> 91.027626 | AL4: 03.09.2020 | BI4: 0
A5: PARAMETERS | B5: UNIT | C5: ON DATE | E5: MONTHLY | J5: DESP | K5: ='DAILY FLASH'!AZ5 -> 148285 | L5: ='DAILY FLASH'!BA5 -> 23199.71 | M5: ='DAILY FLASH'!BB5 -> 136571.88 | N5: ='DAILY FLASH'!BC5 -> 92.100939
C7: ABP | D7: ON DT | E7: ABP | F7: CUMM | G7: RATE | H7: %FUL | I7: ='MIS MONTH WISE FUEL NMGCAL '!I14 -> CPLY | J7: Major Delays & Shut Downs
A8: TOTAL HEATS (EAF+H/M) | B8: NO. | C8: ='DAILY FLASH'!AK21 -> 8 | D8: ='DAILY FLASH'!AL21 -> 8 | E8: ='DAILY FLASH'!AQ21 -> 230 | F8: ='DAILY FLASH'!AN21 -> 215 | G8: ='DAILY FLASH'!AR21 -> 215 | H8: =G8/E8% -> 93.478261 | I8: ='DAILY FLASH'!AU21 -> 217 | J8: EQPT. | K8: From | L8: To | M8: Duration | N8: Agency | O8: Reasons
A9: LIQUID | B9: T | C9: ='DAILY FLASH'!AK12 -> 385.80645 | D9: ='DAILY FLASH'!AL12 -> 585 | E9: ='DAILY FLASH'!AQ12 -> 11960 | F9: ='DAILY FLASH'!AN12 -> 11200.83 | G9: ='DAILY FLASH'!AR12 -> 11200.83 | H9: ='DAILY FLASH'!AS12 -> 93.652425 | I9: ='DAILY FLASH'!AU12 -> 11206.97 | J9: CR#6 | K9: 12:15 HRS | L9: 13:15 HRS | M9: 1 HR | N9: CR. MAINT. | O9: AUXILIARY HOIST UP-DOWN PROBLEM, RECTIFIED.
A10: CRUDE | B10: T | C10: ='DAILY FLASH'!AK14 -> 355 | D10: ='DAILY FLASH'!AL20 -> 565.15 | E10: ='DAILY FLASH'!AQ20 -> 11612 | F10: ='DAILY FLASH'!AN20 -> 10759.191 | G10: ='DAILY FLASH'!AR20 -> 10759.191 | H10: ='DAILY FLASH'!AS20 -> 92.655796 | I10: ='DAILY FLASH'!AU20 -> 10785.66 | J10: CR#93 | K10: 13:00 HRS | L10: 20:40 HRS | M10: 7 HRS 40 MIN. | N10: CR. MAINT. | O10: BEARING DAMAGED, RECTIFIED.
A11: TOTAL CC | B11: T | C11: =C9 -> 385.80645 | D11: ='DAILY FLASH'!AL16 -> 0 | E11: ='DAILY FLASH'!AQ16 -> 607 | F11: ='DAILY FLASH'!AN16 -> 399.471 | G11: ='DAILY FLASH'!AR16 -> 399.471 | H11: =G11/E11% -> 65.810708 | I11: ='DAILY FLASH'!AU16 -> 733.06 | J11: VOD | K11: 18:45 HRS | L11: 19:45 HRS | M11: 1 HR | N11: SMS OPERATION | O11: ROOF CHANGED.
A12: INGOT PRODUCTION | B12: T | C12: ='MIS MONTH WISE FUEL NMGCAL '!C18 -> 355 | D12: ='DAILY FLASH'!AL14 -> 565.15 | E12: ='DAILY FLASH'!AQ14 -> 11005 | F12: ='DAILY FLASH'!AN14 -> 10359.72 | G12: ='DAILY FLASH'!AR14 -> 10359.72 | H12: =G12/E12% -> 94.136483 | I12: ='DAILY FLASH'!AU14 -> 10052.6 | J12: CR#5 | K12: 17:10 HRS | L12: 20 HRS | M12: 2 HRS 50 MIN | N12: CR. MAINT. | O12: A.C . DOWN, RECTIFIED.
A13: HOT METAL ROUTE HEATS | B13: NO. | C13: ='MIS MONTH WISE FUEL NMGCAL '!C27 -> 0.99255583 | D13: ='DAILY FLASH'!AL22 -> 2 | F13: ='DAILY FLASH'!AN22 -> 36 | I13: ='DAILY FLASH'!AU22 -> 63 | J13: CURRENT SAL. STOCK -PLANT(T) | O13: PREV DT | P13: CUMM
A14: TOTAL AOD ROUTE HEATS | B14: NO. | C14: ='MIS MONTH WISE FUEL NMGCAL '!C28 -> 0.99255583 | D14: ='DAILY FLASH'!AL29 -> 2 | F14: ='DAILY FLASH'!AN29 -> 38 | I14: ='DAILY FLASH'!AU29 -> 62 | J14: BILLET | L14: ='SAL STOCK'!G6 -> 14889.63 | N14: ABP | O14: ='DAILY FLASH'!P111 -> 2124 | P14: ='DAILY FLASH'!V111 -> 1577 | BB14: 1
A15: STN. STEEL HEATS | B15: NO. | C15: 0 | D15: ='DAILY FLASH'!AL30 -> 0 | F15: ='DAILY FLASH'!AN30 -> 2 | I15: ='DAILY FLASH'!AU30 -> 1 | L15: ='SAL STOCK'!G7 -> 383.137 | M15: DSP COG NM^3/HR | N15: 2500 | O15: ='DAILY FLASH'!P112 -> 2069 | P15: ='DAILY FLASH'!V112 -> 2060 | AD15: Item | AE15: ABP | AF15: Actual | AG15: % | AH15: CPLY(T) | AY15: =708-809 -> -101
A16: NON-STN.STEEL HEATS | B16: NO. | C16: =C8-C15 -> 8 | D16: =D8-D15 -> 8 | F16: =F8-F15 -> 213 | I16: =I8-I15 -> 216 | J16: FORGE | L16: ='SAL STOCK'!G8 -> 1957.769 | N16: 2068 | AE16: (T) | AF16: (T) | AG16: Ach | AH16: (T)
A17: BBM CHARGE WEIGHT | B17: T | C17: ='DAILY FLASH'!AK31 -> 230.69811 | D17: ='DAILY FLASH'!AL31 -> 361.281 | E17: ='DAILY FLASH'!AQ31 -> 12227 | F17: ='DAILY FLASH'!AN31 -> 12743.709 | G17: ='DAILY FLASH'!AR31 -> 12743.709 | H17: =G17/E17% -> 104.22597 | I17: ='DAILY FLASH'!AU31 -> 12737.398 | J17: PLATE | L17: ='SAL STOCK'!G9 -> 1239.4365 | M17: EQUIP. | N17: HEAT PROCESSED | O17: POSITION | AD17: Crude Steel | AE17: 6247 | AF17: 8284 | AG17: =+AF17/AE17*100 -> 132.60765 | AH17: 7122
A18: BBM FINISHING | B18: T | C18: ='DAILY FLASH'!AK34 -> 197.79245 | D18: ='DAILY FLASH'!AL34 -> 321.489 | E18: ='DAILY FLASH'!AQ34 -> 10483 | F18: ='DAILY FLASH'!AN34 -> 10966.658 | G18: ='DAILY FLASH'!AR34 -> 10966.658 | H18: =G18/E18% -> 104.61374 | I18: ='DAILY FLASH'!AU34 -> 10869.644 | J18: INGOT | L18: ='SAL STOCK'!G10 -> 410.103 | M18: EAF#2 | N18: ='DAILY FLASH'!AL82 -> 0 | O18: OK | AD18: Concast Slab | AE18: 460 | AH18: 524
A19: FORGE SHOP FINISHING | B19: T | C19: ='DAILY FLASH'!AK35+'DAILY FLASH'!AK36 -> 24.115385 | D19: ='DAILY FLASH'!AL35+'DAILY FLASH'!AL36+'DAILY FLASH'!AL37 -> 0 | E19: =SUM('DAILY FLASH'!AQ35:AQ36) -> 627 | F19: ='DAILY FLASH'!AN35+'DAILY FLASH'!AN36+'DAILY FLASH'!AN37 -> 315 | G19: ='DAILY FLASH'!AR35+'DAILY FLASH'!AR36+'DAILY FLASH'!AR37 -> 315 | H19: =G19/E19% -> 50.239234 | I19: ='DAILY FLASH'!AU35+'DAILY FLASH'!AU36 -> 377.579 | J19: CC BLOOM | L19: ='SAL STOCK'!G11 -> 125.23 | M19: EAF#3 | N19: ='DAILY FLASH'!AL83 -> 6 | O19: OK | AD19: Concast Bloom | AE19: 237 | AH19: 617
A20: SALEABLE STEEL | B20: T | C20: ='DAILY FLASH'!AK56 -> 420 | D20: ='DAILY FLASH'!AL56 -> 459.245 | E20: ='DAILY FLASH'!AQ56 -> 11340 | F20: ='DAILY FLASH'!AN56 -> 11402.187 | G20: ='DAILY FLASH'!AR56 -> 11402.187 | H20: =G20/E20% -> 100.54839 | I20: ='DAILY FLASH'!AU56 -> 10884.684 | J20: CC SLAB | L20: ='SAL STOCK'!G10 -> 410.103 | M20: CCS | O20: OK | AD20: Total CC | AE20: 697 | AH20: 1141
A21: PLANT DESPATCH | B21: T | C21: ='DAILY FLASH'!AK58 -> 425.55556 | D21: ='DAILY FLASH'!AL58 -> 403.18 | E21: =+'DAILY FLASH'!AQ58 -> 11490 | F21: ='DAILY FLASH'!AN58 -> 11173.28 | G21: ='DAILY FLASH'!AR58 -> 11173.28 | H21: =G21/E21% -> 97.243516 | I21: ='DAILY FLASH'!AU58 -> 10643.65 | J21: FRG SLAB | L21: ='SAL STOCK'!G12 -> 232.627 | M21: LF1 | O21: OK | AD21: Ingot Steel | AE21: 5550 | AF21: 8284 | AG21: =+AF21/AE21*100 -> 149.26126 | AH21: 5981
A22: DSP SPL. STEEL INGOTS | B22: T | C22: ='DAILY FLASH'!AK72 -> 12.903226 | D22: ='DAILY FLASH'!AL72 -> 0 | E22: ='DAILY FLASH'!AQ72 -> 400 | F22: ='DAILY FLASH'!AN72 -> 187.2 | G22: ='DAILY FLASH'!AR72 -> 187.2 | H22: =G22/E22% -> 46.8 | I22: ='DAILY FLASH'!AU72 -> 904.8 | J22: OTHER INGOT | L22: ='SAL STOCK'!G17+'SAL STOCK'!G16 -> 840.66 | M22: LF2 | O22: OK | AD22: BBM Charge Weight | AE22: 9700 | AF22: 10919 | AG22: =+AF22/AE22*100 -> 112.56701 | AH22: 8671 | BB22: 1
A23: DSP HOT METAL ( MT) | B23: T | C23: ='DAILY FLASH'!AK73 -> 64.516129 | D23: ='MIS MONTH WISE FUEL NMGCAL '!D42 -> 138.7 | E23: ='MIS MONTH WISE FUEL NMGCAL '!F42 -> 2000 | F23: ='DAILY FLASH'!AN73 -> 2508.64 | G23: ='DAILY FLASH'!AR73 -> 2508.64 | H23: =G23/E23% -> 125.432 | I23: ='DAILY FLASH'!AU73 -> 4309.99 | J23: ='MIS MONTH WISE FUEL NMGCAL '!M50 -> STN SLAB | L23: 0 | M23: AOD/HOT METAL | N23: =D13 -> 2 | O23: OK | AD23: Total Saleable | AE23: 9245 | AF23: 9426 | AG23: =+AF23/AE23*100 -> 101.95782 | AH23: 8110
J24: STN SLAB | L24: ='SAL STOCK'!G15 -> 0 | M24: VAD | O24: OK | AD24: Dispatch | AE24: 9395 | AF24: 9226 | AG24: =+AF24/AE24*100 -> 98.201171 | AH24: 7653
J25: TOTAL PLANT ST. | L25: =SUM(L14:L24) -> 20488.695 | M25: VOD | O25: OK | AA25: =3221+80 -> 3301 | AD25: Special Steel Ingots – DSP | AE25: 2000 | AF25: 1544 | AG25: =+AF25/AE25*100 -> 77.2 | AH25: 917 | AX25: =11385-304 -> 11081
A26: MAJOR TECHNO ECONOMIC PARAMETERS | J26: STOCKYARD | L26: 200 | AD26: DSP Hot Metal | AE26: 2500 | AF26: 2652 | AG26: =+AF26/AE26*100 -> 106.08 | AH26: 1230 | BB26: 0
A27: AREA | B27: KEY TE PARAMETERS | E27: NORM | F27: UNIT | G27: ON DT | H27: CUM. | I27: =I7 -> CPLY | J27: 25-26PRODUCITON (T) | M27: ALL TIME BEST PRODUCTION (T)
A28: SMS | B28: POWER ON TO TAP TIME | E28: ='MIS MONTH WISE FUEL NMGCAL '!E59 -> 3.5 | F28: HR | G28: ='DAILY FLASH'!AL101 -> 3.8333333 | H28: ='DAILY FLASH'!AF99 -> 3.2807263 | I28: 3.4301948 | K28: ABP25-26 | L28: ACTUAL | M28: FOR A MONTH | N28: MONTH | O28: YEARLY | P28: YEAR | AD28: Item | AE28: ABP | AF28: Actual | AG28: % | AH28: CPLY(T)
B29: HEAT SIZE | E29: 52 | F29: T | G29: ='DAILY FLASH'!AL12/'DAILY FLASH'!AL23 -> 53.181818 | H29: ='DAILY FLASH'!AN12/'DAILY FLASH'!AN23 -> 52.096884 | I29: 51.645023 | J29: TOT CRUDE | K29: 137676 | L29: 125918 | M29: ='DAILY FLASH'!AW20 -> 24735 | N29: ='DAILY FLASH'!AX20 -> MAR'97 | O29: ='DAILY FLASH'!AY20 -> 248175 | P29: ='DAILY FLASH'!AZ20 -> 96-97 | AE29: (T) | AF29: (T) | AG29: Ach | AH29: (T) | AK29: 0.40972222 | AL29: 0.024305556 | AM29: =+AL29-AK29+24 -> 23.614583
B30: POWER CONS. | E30: 650 | F30: KWH/T | G30: 643 | H30: 747 | I30: 717 | J30: INGOT | K30: 133424 | L30: 119330 | M30: ='DAILY FLASH'!AW14 -> 15089 | N30: ='DAILY FLASH'!AX14 -> MAR'89 | O30: ='DAILY FLASH'!AY14 -> 151556 | P30: ='DAILY FLASH'!AZ14 -> 88-89 | AD30: Crude Steel | AE30: 61374 | AF30: 77413 | AG30: =+AF30/AE30*100 -> 126.13322 | AH30: 43743
B31: FUEL CONS | E31: 0.355 | F31: ='MIS MONTH WISE FUEL NMGCAL '!F64 -> GCAL/TON | G31: 0.266 | H31: 0.398 | I31: 0.569 | J31: CC PDN | K31: =+K29-K30 -> 4252 | L31: =+L29-L30 -> 6588 | M31: ='DAILY FLASH'!AW19 -> 8488 | N31: ='DAILY FLASH'!AX19 -> NOV'09 | O31: ='DAILY FLASH'!AY16 -> 112288 | P31: ='DAILY FLASH'!AZ16 -> 10-11 | AD31: Concast Slab | AE31: 4190 | AF31: 1343 | AG31: =+AF31/AE31*100 -> 32.052506 | AH31: 2438 | AS31: =8.33*8.04 -> 66.9732
B32: ELECTRODE CONS. | E32: 5.52 | F32: KG/T | G32: 5.37 | H32: 5.17 | I32: 5.61 | J32: SALEABLE | K32: 139825 | L32: 119127.06 | M32: 19652 | N32: AUG'10 | O32: 202913 | P32: ='MIS MONTH WISE FUEL NMGCAL '!J55 -> 10-11 | AD32: Concast Bloom | AE32: 2010 | AF32: 6043 | AG32: =+AF32/AE32*100 -> 300.64677 | AH32: 5466 | AS32: =+AS31/104.2 -> 0.64273704
B33: YLD: LIQUID TO INGOT | E33: 96.64 | F33: % | G33: 96.66 | H33: 96.45 | I33: 96.18 | J33: DESPATCH | K33: 141825 | L33: 112369 | M33: ='DAILY FLASH'!AW58 -> 20107 | N33: ='DAILY FLASH'!AX58 -> AUG'09 | O33: 200528 | P33: ='MIS MONTH WISE FUEL NMGCAL '!J56 -> 10-11 | AD33: Total CC | AE33: 6200 | AF33: 7386 | AG33: =+AF33/AE33*100 -> 119.12903 | AH33: 7904
B34: AOD FUEL CONS.(Prevous day) | E34: 0.32 | F34: GCAL/TON | G34: ='DAILY FLASH'!M111 -> 0.31674667 | H34: 0.456 | I34: 0.448 | J34: BBM CH WT | K34: 155974 | L34: 143751.71 | M34: 15338 | N34: AUG'09 | O34: ='DAILY FLASH'!AY31 -> 154538 | P34: 88-89
A35: CCS | B35: YIELD | E35: 97.2 | F35: % | G35: N/C | H35: 97.13 | I35: 97.18 | J35: GRADE | K35: RECPT (T) | L35: ROLL.(T) | M35: REL. (T) | N35: DESP.(T) | O35: SAL STOCK | AD35: Ingot Steel | AE35: 55174 | AF35: 70027 | AG35: =+AF35/AE35*100 -> 126.92029 | AH35: 35839
J36: MONTHLY STATUS OF BRC BLOOM | AD36: BBM Charge weight | AE36: 94500 | AF36: 92934 | AG36: =+AF36/AE36*100 -> 98.342857 | AH36: 53335
A37: BBM | B37: POWER CONS. | E37: 93 | F37: KWH/T | G37: =L79 -> 91.527094 | H37: =M79 -> 96.2625 | I37: 95.155631 | J37: 45C8 | K37: 0 | L37: =724.302 -> 724.302 | M37: ='DAILY FLASH'!AN53 -> 694.91 | N37: ='DAILY FLASH'!BC77 -> 356.69 | O37: =205.56+0.98+M37-N37 -> 544.76 | AD37: Total Saleable | AE37: 90479 | AF37: 90133 | AG37: =+AF37/AE37*100 -> 99.617591 | AH37: 52700
B38: ='MIS MONTH WISE FUEL NMGCAL '!B70 -> FUEL CONS | E38: ='MIS MONTH WISE FUEL NMGCAL '!E70 -> 0.44 | F38: ='MIS MONTH WISE FUEL NMGCAL '!F70 -> GCAL/TON | G38: 0.66 | H38: 0.505 | I38: 0.477 | J38: CL II/C-20/R16 | K38: =27*8+24*8+26*2.563 -> 474.638 | L38: =216 -> 216 | M38: =167.22+2.75+8.4 -> 178.37 | N38: =203.1+57.74 -> 260.84 | U38: =28*7.1 -> 198.8 | AD38: Dispatch | AE38: 92129 | AF38: 90091 | AG38: =+AF38/AE38*100 -> 97.787884 | AH38: 56130
B39: YIELD | E39: 88.5 | F39: % | G39: =L76 -> 88.985859 | H39: =M76 -> 88.670156 | I39: 88.540919 | J39: AISI 1018 | K39: 0 | L39: 0 | M39: 0 | N39: =224.13 -> 224.13 | AD39: Special Steel Ingots – DSP | AE39: 20000 | AF39: 8618 | AG39: =+AF39/AE39*100 -> 43.09 | AH39: 7640
T40: =621.51-615.65 -> 5.86 | V40: =409.99-414.13 -> -4.14 | AD40: DSP Hot Metal | AE40: 25000 | AF40: 23701 | AG40: =+AF40/AE40*100 -> 94.804 | AH40: 19654
A41: LOCATION | B41: 01-04-26 | C41: 01-05-26 | D41: 01-06-26 | O41: 26-27 | W41: =307+M35-N35 -> #VALUE! | AE41: 94500 | AF41: 92753 | AG41: =+AF41/AE41*100 -> 98.151323
A42: PLANT STOCK - NON-IPT | B42: =21402-340 -> 21062 | C42: 20426 | D42: 20489 | O42: =L25 -> 20488.695
A43: - IPT | B43: 917.509 | C43: 820 | D43: 643 | O43: =L21+L20+0 -> 642.73 | Q43: =22679-22044 -> 635 | AA43: =116957-119011 -> -2054
A44: TOTAL PLANT STOCK | B44: =SUM(B42:B43) -> 21979.509 | C44: =+C42++C43 -> 21246 | D44: 21131 | O44: =+O43+O42 -> 21131.425 | Q44: =21572+472 -> 22044 | S44: =16638-2829 -> 13809 | AA44: =9666+2054 -> 11720
A45: STOCKYARD STOCK | B45: 200 | C45: 200 | D45: 200 | O45: =L26 -> 200 | S45: +
A46: MONTH-WISE PRODUCTION 26-27 | R46: =+P54-P57 -> -579.622 | S46: =18778-15860 -> 2918
B47: PARTICULARS | C47: APR | D47: MAY | E47: JUN | F47: JUL | G47: AUG | H47: SEP | I47: H1 26-27 | J47: OCT | K47: NOV | L47: DEC | M47: JAN | N47: FEB | O47: MAR | P47: 26-27
B48: ABP (T) | C48: 11511 | D48: 11612 | E48: 13823 | F48: 13069 | G48: 13822 | H48: 12818 | I48: =SUBTOTAL(9,C48:H48) -> 76655 | J48: 13068 | K48: 12818 | L48: 12064 | M48: 12064 | N48: 12064 | O48: 12064 | P48: =SUBTOTAL(9,C48:I48) -> 76655
A49: CRUDE STEEL | B49: ACTUAL (T) | C49: 11488 | D49: =F10 -> 10759.191 | P49: =SUBTOTAL(9,C49:O49) -> 22247.191 | Q49: =97003-2001 -> 95002
B50: %ABP | C50: =C49/C48*100 -> 99.800191 | D50: =D49/D48*100 -> 92.655796 | P50: =P49/P48*100 -> 29.022492
A51: NO OF HEATS | C51: 209 | D51: =F8 -> 215 | P51: =SUBTOTAL(9,C51:O51) -> 424
A52: NO OF HOT METAL HTS | C52: 39 | D52: =F13 -> 36 | P52: =SUBTOTAL(9,C52:O52) -> 75 | S52: =15551-24260 -> -8709
B53: ABP (T) | C53: 11590 | D53: 11340 | E53: 11770 | F53: 12515 | G53: 12515 | H53: 12100 | I53: =SUBTOTAL(9,C53:H53) -> 71830 | J53: 13165 | K53: 13090 | L53: 12720 | M53: 11815 | N53: 11795 | O53: 11870 | P53: =SUBTOTAL(9,C53:O53) -> 146285 | S53: =8709-6769 -> 1940
A54: SALEABLE STEEL | B54: ACTUAL (T) | C54: 11217.901 | D54: =F20 -> 11402.187 | P54: =SUBTOTAL(9,C54:O54) -> 22620.088
B55: %ABP | C55: 98.923289 | D55: =+D54/D53*100 -> 100.54839 | P55: =+P54/P53*100 -> 15.463026
B56: ABP (T) | C56: 11740 | D56: 11490 | E56: 11970 | F56: 12665 | G56: 12665 | H56: 12300 | I56: =SUBTOTAL(9,C56:H56) -> 72830 | J56: 13315 | K56: 13240 | L56: 12920 | M56: 11965 | N56: 11945 | O56: 12070 | P56: =SUBTOTAL(9,C56:O56) -> 148285
A57: PLANT DESPATCH | B57: ACTUAL (T) | C57: 12026 | D57: =F21 -> 11173.28 | P57: =L5 -> 23199.71
B58: %ABP | C58: =+C57/C56*100 -> 102.43612 | D58: =+D57/D56*100 -> 97.243516 | P58: =+P57/P56*100 -> 15.645352 | R58: =108719-108819 -> -100
B59: ABP (T) | C59: 12727 | D59: 12227 | E59: 14088 | F59: 13934 | G59: 14738 | H59: 10633 | I59: =SUBTOTAL(9,C59:H59) -> 78347 | J59: 14785 | K59: 14633 | L59: 14029 | M59: 12829 | N59: 12929 | O59: 12927 | P59: =+J59+K59+L59+M59+N59+O59+I59 -> 160479
A60: BBM CH WT | B60: ACTUAL (T) | C60: 12805.69 | D60: =F17 -> 12743.709 | E60: 0 | F60: 0 | G60: 0 | H60: 0 | I60: 0 | J60: 0 | K60: 0 | L60: 0 | M60: 0 | N60: 0 | O60: 0 | P60: ='DAILY FLASH'!BA4 -> 25549.399
B61: %ABP | C61: =C60/C59*100 -> 100.61829 | D61: =D60/D59*100 -> 104.22597 | E61: =E60/E59*100 -> 0 | F61: =F60/F59*100 -> 0 | G61: =G60/G59*100 -> 0 | H61: =H60/H59*100 -> 0 | I61: =I60/I59*100 -> 0 | J61: =J60/J59*100 -> 0 | K61: =K60/K59*100 -> 0 | L61: =+L60/L59*100 -> 0 | M61: =+M60/M59*100 -> 0 | N61: =+N60/N59*100 -> 0 | O61: =+O60/O59*100 -> 0 | P61: =+P60/P59*100 -> 15.920712
A62: PARTICULARS | B62: ABP (T) | C62: APR | D62: MAY | E62: JUN | F62: JUL | G62: AUG | H62: SEP | I62: =I47 -> H1 26-27 | J62: OCT | K62: NOV | L62: DEC | M62: JAN | N62: FEB | O62: MAR | P62: =+P47 -> 26-27
A63: CCB RECPT(TON)DSPC20/R16 | B63: 6000 | C63: 448 | D63: 475 | I63: =SUBTOTAL(9,C63:H63) -> 923 | P63: 0
A64: CCB RECPT(TON)DSP45C8 | C64: =K37 -> 0 | I64: =SUBTOTAL(9,C64:H64) -> 0 | P64: =SUBTOTAL(9,C64:O64) -> 0
A65: CCB RECPT(TON)DSP1018 | C65: =K39 -> 0 | P65: =SUBTOTAL(9,C65:O65) -> 0
A66: CCBRECPT(TON)BSP/EN 19 | B66: 6000 | C66: 0 | I66: =SUBTOTAL(9,C66:H66) -> 0 | P66: =SUBTOTAL(9,C66:O66) -> 0 | Z66: =101*4 -> 404
A67: CCB RECPT(TON)BSP/45C8 | B67: 6000 | C67: =164*7.1 -> 1164.4 | D67: 1935.45 | I67: =SUBTOTAL(9,C67:H67) -> 3099.85 | P67: =SUBTOTAL(9,C67:O67) -> 3099.85
A68: CCB RECPT(TON)BSP/50CRMO4(M) | B68: - | C68: - | I68: =SUBTOTAL(9,C68:H68) -> 0 | P68: =SUBTOTAL(9,C68:O68) -> 0
A69: DSP SPL INGOTS(TON) | B69: 9000 | C69: 397.8 | D69: =F22 -> 187.2 | I69: =SUBTOTAL(9,C69:H69) -> 585 | P69: =SUBTOTAL(9,C69:O69) -> 585
A70: DSP HOT METAL(TON) | B70: 48000 | C70: 2500.2 | D70: =F23 -> 2508.64 | I70: =SUBTOTAL(9,C70:H70) -> 5008.84 | P70: =SUBTOTAL(9,C70:O70) -> 5008.84
A71: SCRAP & PIG IRON | B71: 86003 | C71: ='MIS MONTH WISE FUEL NMGCAL '!E96 -> 6577 | D71: ='MIS MONTH WISE FUEL NMGCAL '!F96 -> 0 | E71: ='MIS MONTH WISE FUEL NMGCAL '!G96 -> 0 | F71: ='MIS MONTH WISE FUEL NMGCAL '!H96 -> 0 | G71: ='MIS MONTH WISE FUEL NMGCAL '!I96 -> 0 | H71: ='MIS MONTH WISE FUEL NMGCAL '!J96 -> 0 | I71: =SUBTOTAL(9,C71:H71) -> 6577 | J71: ='MIS MONTH WISE FUEL NMGCAL '!L96 -> 0 | K71: ='MIS MONTH WISE FUEL NMGCAL '!M96 -> 0 | L71: ='MIS MONTH WISE FUEL NMGCAL '!N96 -> 0 | M71: ='MIS MONTH WISE FUEL NMGCAL '!O96 -> 0 | N71: ='MIS MONTH WISE FUEL NMGCAL '!P96 -> 0 | O71: 0 | P71: =SUBTOTAL(9,C71:O71) -> 6577
L72: =IF($E$80=1,E82,(IF($E$80=2,E86,(IF($E$80=3,E89))))) -> RAJESH KUMAR
L73: =IF($E$80=1,E83,(IF($E$80=2,E87,(IF($E$80=3,E90))))) -> DGM(PPCD, PC & SHIP),ASP | AB73: CUMM 26-27 | AE73: CUMM 25-26
T74: RMT FINAL | Y74: ABP | Z74: ACTUAL | AB74: ABP | AC74: ACTUAL | AE74: CPLY | AH74: May'26
I75: prev dt cum | T75: 11511 | U75: 10487.8 | X75: Crude Steel | Y75: ='md cell'!E10 -> 11612 | Z75: =F10 -> 10759.191 | AA75: =+Z75/Y75*100 -> 92.655796 | AB75: =+Y75+T75 -> 23123 | AC75: =+Z75+U75 -> 21246.991 | AD75: =+AC75/AB75*100 -> 91.886827 | AE75: 20013 | AF75: =SUM(AC75-AE75)/AE75*100 -> 6.1659471 | AH75: =I10 -> 10785.66 | AI75: =SUM(Z75-AH75)/AH75*100 -> -0.24540918
H76: CW | I76: 12382.425 | J76: =D17 -> 361.281 | K76: =+J76+I76 -> 12743.706 | L76: =+J77/J76*100 -> 88.985859 | M76: =+K77/K76*100 -> 88.670156 | T76: 506 | U76: 507.71 | X76: CC SLAB | Y76: =E11 -> 607 | Z76: ='md cell'!F11 -> 399.471 | AA76: =+Z76/Y76*100 -> 65.810708 | AB76: =+Y76+T76 -> 1113 | AC76: =+Z76+U76 -> 907.181 | AD76: =+AC76/AB76*100 -> 81.507727 | AE76: 1296 | AF76: =SUM(AC76-AE76)/AE76*100 -> -30.001466 | AH76: =I11 -> 733.06 | AI76: =SUM(Z76-AH76)/AH76*100 -> -45.506371
F77: 8234/8235 | H77: OUT(fin+cog) | I77: 10978.375 | J77: 321.489 | K77: =+J77+I77 -> 11299.864 | T77: 0 | U77: 0 | X77: CC BLOOM | Y77: 0 | Z77: 0 | AB77: =+Y77+T77 -> 0 | AC77: =+Z77+U77 -> 0 | AH77: 0
H78: fin | I78: 10642.274 | J78: =D18 -> 321.489 | K78: =+J78+I78 -> 10963.763 | T78: 506 | U78: 507.71 | X78: Total CC | Y78: ='DAILY FLASH'!AQ19 -> 607 | Z78: =F11 -> 399.471 | AA78: =+Z78/Y78*100 -> 65.810708 | AB78: =+Y78+T78 -> 1113 | AC78: =+Z78+U78 -> 907.181 | AD78: =+AC78/AB78*100 -> 81.507727 | AE78: 1296 | AF78: =SUM(AC78-AE78)/AE78*100 -> -30.001466 | AH78: =+AH76 -> 733.06 | AI78: =SUM(Z78-AH78)/AH78*100 -> -45.506371
H79: POWER | I79: 1193674 | J79: 33067 | K79: =+J79+I79 -> 1226741 | L79: =+J79/J76 -> 91.527094 | M79: =K79/K76 -> 96.2625 | T79: 11005 | U79: 9980.09 | X79: Ingot Steel | Y79: =E12 -> 11005 | Z79: =F12 -> 10359.72 | AA79: =+Z79/Y79*100 -> 94.136483 | AB79: =+Y79+T79 -> 22010 | AC79: =+Z79+U79 -> 20339.81 | AD79: =+AC79/AB79*100 -> 92.411677 | AE79: =+AE75-AE78 -> 18717 | AF79: =SUM(AC79-AE79)/AE79*100 -> 8.6702463 | AH79: =I12 -> 10052.6 | AI79: =SUM(Z79-AH79)/AH79*100 -> 3.05513
C80: ENTER SL.NO. -> | E80: 1 | I80: 0 | T80: 12727 | U80: 12805.69 | X80: BBM Charge Weight | Y80: =E17 -> 12227 | Z80: =F17 -> 12743.709 | AA80: =+Z80/Y80*100 -> 104.22597 | AB80: =+Y80+T80 -> 24954 | AC80: =+Z80+U80 -> 25549.399 | AD80: =+AC80/AB80*100 -> 102.38599 | AE80: 21952 | AF80: =SUM(AC80-AE80)/AE80*100 -> 16.387568 | AH80: =I17 -> 12737.398 | AI80: =SUM(Z80-AH80)/AH80*100 -> 0.049547011
T81: 11590 | U81: 11217.901 | X81: TOTAL SAL | Y81: =E20 -> 11340 | Z81: =F20 -> 11402.187 | AA81: =+Z81/Y81*100 -> 100.54839 | AB81: =+Y81+T81 -> 22930 | AC81: =+Z81+U81 -> 22620.088 | AD81: =+AC81/AB81*100 -> 98.648443 | AE81: 19252 | AF81: =SUM(AC81-AE81)/AE81*100 -> 17.494743 | AH81: =I20 -> 10884.684 | AI81: =SUM(Z81-AH81)/AH81*100 -> 4.7544146
D82: 1 | E82: RAJESH KUMAR | T82: 11740 | U82: 12026.43 | X82: Dispatch | Y82: =E21 -> 11490 | Z82: =F21 -> 11173.28 | AA82: =+Z82/Y82*100 -> 97.243516 | AB82: =+Y82+T82 -> 23230 | AC82: =+Z82+U82 -> 23199.71 | AD82: =+AC82/AB82*100 -> 99.869608 | AE82: 18762 | AF82: =SUM(AC82-AE82)/AE82*100 -> 23.652649 | AH82: =I21 -> 10643.65 | AI82: =SUM(Z82-AH82)/AH82*100 -> 4.9760186 | AJ82: =SUM(AA82-AI82)/AI82*100 -> 1854.2434
E83: DGM(PPCD, PC & SHIP),ASP | T83: 400 | U83: 397.8 | X83: SPL ING | Y83: =E22 -> 400 | Z83: =F22 -> 187.2 | AA83: =+Z83/Y83*100 -> 46.8 | AB83: =+Y83+T83 -> 800 | AC83: =+Z83+U83 -> 585 | AD83: =+AC83/AB83*100 -> 73.125 | AE83: 1486 | AF83: =SUM(AC83-AE83)/AE83*100 -> -60.632571 | AH83: =I22 -> 904.8 | AI83: =SUM(Z83-AH83)/AH83*100 -> -79.310345
T84: 2000 | U84: 2500.2 | X84: DSP HOT/ | Y84: =E23 -> 2000 | Z84: =F23 -> 2508.64 | AA84: =+Z84/Y84*100 -> 125.432 | AB84: =+Y84+T84 -> 4000 | AC84: =+Z84+U84 -> 5008.84 | AD84: =+AC84/AB84*100 -> 125.221 | AE84: 6442 | AF84: =SUM(AC84-AE84)/AE84*100 -> -22.247128 | AH84: =I23 -> 4309.99 | AI84: =SUM(Z84-AH84)/AH84*100 -> -41.794761
X85: \
D86: 2 | E86: KABITA DEB | Z86: =53*8*2 -> 848
E87: GM(PPCD, PC & SHIP),ASP | T87: RMT LIKELY | Y87: =68*16 -> 1088 | Z87: =63*12 -> 756 | AA87: =52.65*18 -> 947.7
Z88: =225*51 -> 11475 | AH88: =AH74 -> May'26 | AK88: =114124/125862*100 -> 90.673913
D89: 3 | E89: SULEKHA KUMARI | W89: =125*4 -> 500 | AH89: CPLY
E90: AGM(PPCD & SHIPPING), ASP | M90: =45.61-12.81-0.58 -> 32.22 | T90: =T75 -> 11511 | U90: =U75 -> 10487.8 | V90: 91.520391 | X90: Crude Steel | Y90: =Y75 -> 11612 | Z90: =Z75+13*50 -> 11409.191 | AA90: =+Z90/Y90*100 -> 98.253453 | AB90: =+Y90+T90 -> 23123 | AC90: =+Z90+U90 -> 21896.991 | AD90: =+AC90/AB90*100 -> 94.697881 | AE90: =AE75 -> 20013 | AF90: =SUM(AC90-AE90)/AE90*100 -> 9.413836 | AH90: =AH75 -> 10785.66 | AI90: =SUM(Z90-AH90)/AH90*100 -> 5.7811112 | AL90: 137676 | AM90: =AL90*AD90 -> 13037625
L91: =11218-12026 -> -808 | T91: =T76 -> 506 | U91: =U76 -> 507.71 | V91: 112.7022 | X91: CC SLAB | Y91: =Y76 -> 607 | Z91: 396 | AA91: =+Z91/Y91*100 -> 65.23888 | AB91: =+Y91+T91 -> 1113 | AC91: =+Z91+U91 -> 903.71 | AD91: =+AC91/AB91*100 -> 81.195867 | AE91: =AE76 -> 1296 | AF91: =SUM(AC91-AE91)/AE91*100 -> -30.26929 | AH91: =AH76 -> 733.06 | AI91: =SUM(Z91-AH91)/AH91*100 -> -45.979865 | AL91: 4252 | AM91: =AL91*AD91/100 -> 3452.4483
T92: =T77 -> 0 | U92: =U77 -> 0 | X92: CC BLOOM | Z92: =Z77 -> 0 | AH92: =AH77 -> 0
T93: =T78 -> 506 | U93: =U78 -> 507.71 | V93: 112.7022 | X93: Total CC | Y93: =Y78 -> 607 | Z93: =Z91 -> 396 | AA93: =+Z93/Y93*100 -> 65.23888 | AB93: =+Y93+T93 -> 1113 | AC93: =AC91 -> 903.71 | AD93: =+AC93/AB93*100 -> 81.195867 | AE93: =AE78 -> 1296 | AF93: =SUM(AC93-AE93)/AE93*100 -> -30.26929 | AH93: =AH78 -> 733.06 | AI93: =SUM(Z93-AH93)/AH93*100 -> -45.979865 | AL93: 4252 | AM93: =AL93*AD93/100 -> 3452.4483
A94: DIFFERNCE | C94: =+C57-C54 -> 808.099 | D94: =+D57-D54 -> -228.907 | E94: =+E57-E54 -> 0 | F94: =+F57-F54 -> 0 | G94: =+G57-G54 -> 0 | H94: =+H57-H54 -> 0 | I94: =+I57-I54 -> 0 | J94: =+#REF!-#REF! -> #REF! | K94: =+#REF!-#REF! -> #REF! | L94: =+#REF!-#REF! -> #REF! | M94: =+#REF!-#REF! -> #REF! | N94: =+#REF!-#REF! -> #REF! | O94: =+#REF!-#REF! -> #REF! | T94: =T79 -> 11005 | U94: =U79 -> 9980.09 | V94: 90.408536 | X94: Ingot Steel | Y94: =Y79 -> 11005 | Z94: =Z90-Z93 -> 11013.191 | AA94: =+Z94/Y94*100 -> 100.07443 | AB94: =+Y94+T94 -> 22010 | AC94: =+Z94+U94 -> 20993.281 | AD94: =+AC94/AB94*100 -> 95.38065 | AE94: =AE79 -> 18717 | AF94: =SUM(AC94-AE94)/AE94*100 -> 12.16157 | AH94: =AH79 -> 10052.6 | AI94: =SUM(Z94-AH94)/AH94*100 -> 9.5556473 | AL94: 133424 | AM94: =AL94*AD94/100 -> 127260.68
C95: =+B44-C44 -> 733.509 | D95: =+C44-D44 -> 115 | E95: =+D44-E44 -> 21131 | F95: =+E44-F44 -> 0 | G95: =+F44-G44 -> 0 | H95: =+G44-H44 -> 0 | I95: =+H44-I44 -> 0 | J95: =+I44-#REF! -> #REF! | K95: =+#REF!-#REF! -> #REF! | L95: =+#REF!-#REF! -> #REF! | M95: =+#REF!-#REF! -> #REF! | N95: =+#REF!-#REF! -> #REF! | O95: =+#REF!-O44 -> #REF! | T95: =T80 -> 12727 | U95: =U80 -> 12805.69 | V95: 81.97542 | X95: BBM Charge Weight | Y95: =Y80 -> 12227 | Z95: 12500 | AA95: =+Z95/Y95*100 -> 102.23276 | AB95: =+Y95+T95 -> 24954 | AC95: =+Z95+U95 -> 25305.69 | AD95: =+AC95/AB95*100 -> 101.40935 | AE95: =AE80 -> 21952 | AF95: =SUM(AC95-AE95)/AE95*100 -> 15.277378 | AH95: =AH80 -> 12737.398 | AI95: =SUM(Z95-AH95)/AH95*100 -> -1.8637873 | AL95: 155974 | AM95: =AL95*AD95/100 -> 158172.22
K96: =32*7.253 -> 232.096 | T96: =T81 -> 11590 | U96: =U81 -> 11217.901 | V96: 78.166414 | X96: TOTAL SAL | Y96: =Y81 -> 11340 | Z96: 11400 | AA96: =+Z96/Y96*100 -> 100.5291 | AB96: =+Y96+T96 -> 22930 | AC96: =+Z96+U96 -> 22617.901 | AD96: =+AC96/AB96*100 -> 98.638905 | AE96: =AE81 -> 19252 | AF96: =SUM(AC96-AE96)/AE96*100 -> 17.483384 | AH96: =AH81 -> 10884.684 | AI96: =SUM(Z96-AH96)/AH96*100 -> 4.7343221 | AL96: 139825 | AM96: =AL96*AD96/100 -> 137921.85
F97: =1041-67 -> 974 | G97: =168-814 -> -646 | T97: =T82 -> 11740 | U97: =U82 -> 12026.43 | V97: 74.800286 | X97: Dispatch | Y97: =Y82 -> 11490 | Z97: 11500 | AA97: =+Z97/Y97*100 -> 100.08703 | AB97: =+Y97+T97 -> 23230 | AC97: =+Z97+U97 -> 23526.43 | AD97: =+AC97/AB97*100 -> 101.27607 | AE97: =AE82 -> 18762 | AF97: =SUM(AC97-AE97)/AE97*100 -> 25.394041 | AH97: =AH82 -> 10643.65 | AI97: =SUM(Z97-AH97)/AH97*100 -> 8.0456422 | AL97: 141825
G98: =+G94-G95 -> 0 | J98: =-957+1016 -> 59 | K98: =920-523 -> 397 | T98: =T83 -> 400 | U98: =U83 -> 397.8 | V98: 77.48 | X98: SPL ING | Y98: =Y83 -> 400 | Z98: =Z83 -> 187.2 | AA98: =+Z98/Y98*100 -> 46.8 | AB98: =+Y98+T98 -> 800 | AC98: =+Z98+U98 -> 585 | AD98: =+AC98/AB98*100 -> 73.125 | AE98: =AE83 -> 1486 | AF98: =SUM(AC98-AE98)/AE98*100 -> -60.632571 | AH98: =AH83 -> 904.8 | AI98: =SUM(Z98-AH98)/AH98*100 -> -79.310345
T99: =T84 -> 2000 | U99: =U84 -> 2500.2 | V99: 53.30175 | X99: DSP HOT/ | Y99: =Y84 -> 2000 | Z99: =Z84+69*2 -> 2646.64 | AA99: =+Z99/Y99*100 -> 132.332 | AB99: =+Y99+T99 -> 4000 | AC99: =+Z99+U99 -> 5146.84 | AD99: =+AC99/AB99*100 -> 128.671 | AE99: =AE84 -> 6442 | AF99: =SUM(AC99-AE99)/AE99*100 -> -20.104936 | AH99: =AH84 -> 4309.99 | AI99: =SUM(Z99-AH99)/AH99*100 -> -38.592897
K100: =200.77/32 -> 6.2740625 | T100: =T85 -> 0
L101: =22320-21172 -> 1148 | T101: =T86 -> 0
...

Sheet Seg wise Saleable & desp 24-25
B2: saleable24-25
B3: product | C3: APRIL'24 | D3: MAY'24 | E3: JUNE'24 | F3: JULY'24 | G3: AUG'24 | H3: SEPT'24 | I3: OCT'24 | J3: NOV'24 | K3: DEC'24 | L3: JAN'25 | M3: FEB'25 | N3: MARCH'25 | O3: 24-25
B4: RWF | C4: 3624 | D4: 2505 | E4: 4029 | F4: 3626 | G4: 4203 | H4: 3705 | I4: 3792 | J4: 3406 | K4: 3873 | L4: 4883 | M4: 5524 | N4: 5517 | O4: =SUM(C4:N4) -> 48687
B5: DEFENCE | C5: 1513 | D5: 501 | E5: 1771 | F5: 1437 | G5: 1452 | H5: 1477 | I5: 2129 | J5: 2119 | K5: 1913 | L5: 2089 | M5: 1626 | N5: 1756 | O5: =SUM(C5:N5) -> 19783
B6: PSU | C6: 41 | D6: 299 | E6: 0 | F6: 40 | G6: 117 | H6: 91 | I6: 113 | J6: 149 | K6: 125 | L6: 123 | M6: 24 | N6: 66 | O6: =SUM(C6:N6) -> 1188
B7: IPT | C7: 68 | D7: 217 | E7: 418 | F7: 354 | G7: 363 | H7: 257 | I7: 275 | J7: 479 | K7: 538 | L7: 649 | M7: 492 | N7: 609 | O7: =SUM(C7:N7) -> 4719
B8: BD/FRG | C8: 226 | D8: 181 | E8: 158 | F8: 228 | G8: 158 | H8: 184 | I8: 185 | J8: 330 | K8: 233 | L8: 390 | M8: 307 | N8: 145 | O8: =SUM(C8:N8) -> 2725
B9: BRC | C9: 739 | D9: 739 | E9: 288 | F9: 609 | G9: 926 | H9: 773 | I9: 1608 | J9: 544 | K9: 568 | L9: 49 | N9: 329 | O9: =SUM(C9:N9) -> 7172
B10: SPADE M1 | C10: 416 | D10: 349 | E10: 350 | F10: 348 | G10: 395 | H10: 357 | I10: 292 | J10: 583 | K10: 399 | L10: 233 | M10: 274 | N10: 243 | O10: =SUM(C10:N10) -> 4239
B11: SPADE M1/JKL FRG | C11: 123 | D11: 97 | E11: 139 | F11: 31 | G11: 81 | H11: 102 | I11: 41 | J11: 0 | K11: 0 | L11: 0 | M11: 0 | N11: 0 | O11: =SUM(C11:N11) -> 614
B12: PLATES(HF-MN) | C12: 42 | D12: 86 | E12: 67 | F12: 6 | G12: 0 | H12: 9 | I12: 30 | J12: 74 | K12: 77 | L12: 119 | M12: 136 | N12: 101 | O12: =SUM(C12:N12) -> 747
B13: PLATES(OTHERS) | C13: 72 | D13: 14 | E13: 4 | F13: 61 | G13: 73 | H13: 19 | I13: 7 | J13: 19 | K13: 37 | L13: 13 | M13: 9 | O13: =SUM(C13:N13) -> 328
B14: DSP INGOT-ASP | C14: 474 | D14: 216 | E14: 484 | F14: 813 | G14: 476 | H14: 254 | I14: 312 | J14: 359 | K14: 486 | L14: 484 | M14: 411 | N14: 700 | O14: =SUM(C14:N14) -> 5469
B15: NVD CCB | C15: 1394 | D15: 420 | E15: 822 | F15: 559 | G15: 706 | H15: 745 | I15: 874 | J15: 1260 | K15: 950 | L15: 993 | M15: 739 | N15: 633 | O15: =SUM(C15:N15) -> 10095
B16: EN 19/20MNCR5 | C16: 360 | D16: 221 | E16: 990 | F16: 486 | G16: 630 | H16: 196 | I16: 320 | J16: 93 | K16: 719 | L16: 486 | M16: 926 | N16: 725 | O16: =SUM(C16:N16) -> 6152
B17: PVT | C17: 911 | D17: 906 | E17: 850 | F17: 445 | G17: 449 | H17: 382 | I17: 505 | J17: 724 | K17: 527 | L17: 290 | M17: 208 | N17: 540 | O17: =SUM(C17:N17) -> 6737
B18: Grand total | C18: =SUM(C4:C17) -> 10003 | D18: =SUM(D4:D17) -> 6751 | E18: =SUM(E4:E17) -> 10370 | F18: =SUM(F4:F17) -> 9043 | G18: =SUM(G4:G17) -> 10029 | H18: =SUM(H4:H17) -> 8551 | I18: =SUM(I4:I17) -> 10483 | J18: =SUM(J4:J17) -> 10139 | ... O18: =SUM(O4:O17) -> 118655
B23: Despatch 24-25
B24: product | C24: APRIL'24 | D24: MAY'24 | E24: JUNE'24 | F24: JULY'24 | G24: AUG'24 | H24: SEPT'24 | I24: OCT'24 | J24: NOV'24 | K24: DEC'24 | L24: JAN'25 | M24: FEB'25 | N24: MARCH'25 | O24: 24-25
B25: RWF | C25: 3742 | D25: 3349 | E25: 4127 | F25: 4262 | G25: 4155 | H25: 3699 | I25: 3634 | J25: 3165 | K25: 4264 | L25: 4409 | M25: 5665 | N25: 5665 | O25: =SUM(C25:N25) -> 50136
B26: DEFENCE | C26: 1437 | D26: 630 | E26: 1766 | F26: 1298 | G26: 1545 | H26: 1553 | I26: 1852 | J26: 2173 | K26: 2040 | L26: 2008 | M26: 1622 | N26: 1797 | O26: =SUM(C26:N26) -> 19721
B27: PSU | C27: 35 | D27: 137 | E27: 126 | F27: 61 | G27: 70 | H27: 158 | I27: 30 | J27: 120 | K27: 86 | L27: 161 | M27: 30 | N27: 156 | O27: =SUM(C27:N27) -> 1170
B28: IPT | C28: 74 | D28: 285 | E28: 431 | F28: 446 | G28: 431 | H28: 260 | I28: 266 | J28: 449 | K28: 456 | L28: 723 | M28: 422 | N28: 724 | O28: =SUM(C28:N28) -> 4967
B29: BD/FRG | C29: 375 | D29: 310 | E29: 305 | F29: 324 | G29: 187 | H29: 339 | I29: 221 | J29: 412 | K29: 212 | L29: 491 | M29: 280 | N29: 331 | O29: =SUM(C29:N29) -> 3787
B30: BRC | C30: 982 | D30: 512 | E30: 288 | F30: 1020 | G30: 859 | H30: 684 | I30: 1102 | J30: 526 | K30: 480 | L30: 147 | M30: 48 | N30: 309 | O30: =SUM(C30:N30) -> 6957
B31: SPADE M1 | C31: 478 | D31: 324 | E31: 379 | F31: 318 | G31: 405 | H31: 354 | I31: 306 | J31: 514 | K31: 432 | L31: 97 | M31: 353 | N31: 328 | O31: =SUM(C31:N31) -> 4288
B32: SPADE M1/JKL FRG | C32: 124 | D32: 81 | E32: 140 | F32: 46 | G32: 57 | H32: 120 | I32: 39 | J32: 8 | O32: =SUM(C32:N32) -> 615
B33: PLATES(HF-MN) | C33: 55 | D33: 83 | E33: 15 | F33: 17 | G33: 57 | H33: 59 | I33: 94 | J33: 105 | K33: 100 | L33: 64 | M33: 58 | N33: 232 | O33: =SUM(C33:N33) -> 939
B34: PLATES(OTHERS) | C34: 18 | D34: 20 | F34: 28 | G34: 39 | H34: 24 | I34: 69 | K34: 27 | L34: 9 | N34: 97 | O34: =SUM(C34:N34) -> 331
B35: DSP INGOT-ASP | C35: 768 | D35: 796 | E35: 506 | F35: 804 | G35: 462 | H35: 480 | I35: 333 | J35: 390 | K35: 233 | L35: 555 | M35: 250 | N35: 521 | O35: =SUM(C35:N35) -> 6098
B36: NVD CCB | C36: 1332 | D36: 1130 | E36: 614 | F36: 556 | G36: 1157 | H36: 1033 | I36: 551 | J36: 681 | K36: 1079 | L36: 538 | M36: 469 | N36: 584 | O36: =SUM(C36:N36) -> 9724
B37: EN 19/20MNCR5 | C37: 659 | D37: 636 | E37: 273 | F37: 245 | G37: 406 | H37: 587 | I37: 523 | J37: 469 | K37: 753 | L37: 344 | M37: 598 | N37: 566 | O37: =SUM(C37:N37) -> 6059
B38: PVT | C38: 531 | D38: 870 | E38: 876 | F38: 659 | G38: 368 | H38: 532 | I38: 447 | J38: 603 | K38: 725 | L38: 385 | M38: 401 | N38: 600 | O38: =SUM(C38:N38) -> 6997
B39: Grand total | C39: =SUM(C25:C38) -> 10610 | D39: =SUM(D25:D38) -> 9163 | E39: =SUM(E25:E38) -> 9846 | F39: =SUM(F25:F38) -> 10084 | G39: =SUM(G25:G38) -> 10198 | H39: =SUM(H25:H38) -> 9882 | I39: =SUM(I25:I38) -> 9467 | J39: =SUM(J25:J38) -> 9615 | ... N39: =SUM(N25:N38) -> 11910 | O39: =SUM(C39:N39) -> 121789

Sheet SEGMMENT WISE SAL & DESP 26-27
B4: REL | C4: APRIL'26
B5: RWF | C5: 5362.78
B6: DEFENCE | C6: 1250
B7: PSU | C7: 0
B8: IPT | C8: =36.4+54.7+510.51+12.8+108.2 -> 722.61
B9: BD/FRG | C9: 273.35
B10: BRC | C10: 652.74
B11: SPADE M1 | C11: 556.8
B12: SPADE M1/JKL FRG | C12: 0
B13: PLATES(HF-MN) | C13: 95.672
B14: PLATES(OTHERS) | C14: =144.34-95.672 -> 48.668
B15: DSP INGOT-ASP | C15: 122
B16: NVD CCB | C16: 1363
B17: EN 19/20MNCR5 | C17: 241.25
B18: PVT | C18: 529
C19: =SUM(C5:C18) -> 11217.87
B20: DESPA
B21: RWF | C21: 6155.27
B22: DEFENCE | C22: 891
B23: PSU | C23: 35
B24: IPT | C24: 823
B25: BD/FRG | C25: 277
B26: BRC | C26: 650.35
B27: SPADE M1 | C27: 666.313
B28: SPADE M1/JKL FRG | C28: 3.64
B29: PLATES(HF-MN) | C29: 116.605
B30: PLATES(OTHERS) | C30: =195.375-116.605 -> 78.77
B31: DSP INGOT-ASP | C31: 412
B32: NVD CCB | C32: 933
B33: EN 19/20MNCR5 | C33: 416
B34: PVT | C34: 569
C35: =SUM(C21:C34) -> 12026.948
M39: 11111.5
M40: 12026.43
M41: =+M40-M39 -> 914.93

Sheet SAL STOCK
A1: INTERNAL CALCULATION OF SALEABLE STOCK
A3: PRODUCTS | B3: TILL | C3: SALEABLE | D3: CUM. DESP | H3: OP ST | Q3: SAIL/ASP | S3: FOR INTERNAL CIRCULATION
C4: ON DT. | D4: TILL DT | E4: previous DT | F4: ON DT. | G4: CL. STOCK | H4: 44028 | I4: cumm sal | J4: cummdesp | K4: 0 | P4: =+O4-N4 -> 0
A5: NON-IPT
A6: BLOOM / BILLET | B6: 7551 | C6: ='DAILY FLASH'!#REF! -> #REF! | D6: ='DAILY FLASH'!BC49 -> 9963.152 | E6: 9657.282 | F6: =D6-E6 -> 305.87 | G6: =+H6+I6-J6 -> 14889.63 | H6: 14634.422 | I6: ='DAILY FLASH'!AG44 -> 10218.36 | J6: ='DAILY FLASH'!BC49 -> 9963.152 | Q6: SHOPWISE SALEABLE STOCK AS ON 05.05.2011
A7: BAR | B7: 227 | C7: ='DAILY FLASH'!#REF! -> #REF! | D7: ='DAILY FLASH'!BC50 -> 146.06 | E7: 146.06 | F7: =D7-E7 -> 0 | G7: =+H7+I7-J7 -> 383.137 | H7: 330.107 | I7: ='DAILY FLASH'!AG45 -> 199.09 | J7: =+D7 -> 146.06
A8: FORGE | B8: 1729 | C8: ='DAILY FLASH'!#REF! -> #REF! | D8: ='DAILY FLASH'!BC52 -> 256.635 | E8: 256.635 | F8: =D8-E8 -> 0 | G8: =+H8+I8-J8 -> 1957.769 | H8: 1891.604 | I8: ='DAILY FLASH'!AG46 -> 322.8 | J8: =+D8 -> 256.635 | R8: QUANTITY IN T
A9: PLATE | B9: 1775 | C9: ='DAILY FLASH'!#REF! -> #REF! | D9: ='DAILY FLASH'!BC54 -> 198.397 | E9: 148.163 | F9: =D9-E9 -> 50.234 | G9: =+H9+I9-J9 -> 1239.4365 | H9: 1262.5565 | I9: ='DAILY FLASH'!AG47 -> 175.277 | J9: =+D9 -> 198.397 | Q9: PRODUCT | R9: CONDITIONING | S9: HTF | T9: PLATE MILL | U9: WAREHOUSE | V9: TOTAL
A10: CC SLAB | B10: 1413 | C10: ='DAILY FLASH'!#REF!+'DAILY FLASH'!#REF!+'DAILY FLASH'!#REF! -> #REF! | D10: ='DAILY FLASH'!BC55 -> 517.536 | E10: 470.46 | F10: =D10-E10 -> 47.076 | G10: =+H10+I10-J10 -> 410.103 | H10: 576.779 | I10: ='DAILY FLASH'!AG48 -> 350.86 | J10: =+D10 -> 517.536
A11: CC BLOOM | D11: 0 | E11: 0 | F11: =D11-E11 -> 0 | G11: =+H11+I11-J11 -> 125.23 | H11: 125.23 | I11: ='DAILY FLASH'!AG49 -> 0 | J11: =+D11 -> 0
A12: FRG SLB | D12: ='DAILY FLASH'!BC57 -> 41.42 | E12: 41.42 | F12: =D12-E12 -> 0 | G12: =+H12+I12-J12+8 -> 232.627 | H12: 235.547 | I12: ='DAILY FLASH'!AN51 -> 30.5 | J12: =+D12 -> 41.42
A13: SPD/JACKA SLAB | D13: 0 | E13: 0 | F13: =D13-E13 -> 0 | G13: =+H13+I13-J13 -> 410.103 | H13: 576.779 | I13: ='DAILY FLASH'!AG48 -> 350.86 | J13: ='DAILY FLASH'!BC55 -> 517.536 | L13: =17232-16094 -> 1138
A14: JACKAL INGOT | D14: 0 | E14: 0 | F14: =D14-E14 -> 0 | G14: =+H14+I14-J14 -> 0 | H14: 0 | I14: ='DAILY FLASH'!AN54 -> 0 | J14: =+D14 -> 0
A15: BHEL INGOT | D15: 0 | E15: 0 | F15: =D15-E15 -> 0 | G15: =+H15+I15-J15 -> 0 | H15: 0 | I15: 0 | J15: =+D15 -> 0
A16: STN SLAB | D16: 0 | E16: 0 | F16: =D16-E16 -> 0 | G16: =+H16+I16-J16 -> 184.141 | H16: 184.141 | I16: ='DAILY FLASH'!AG54 -> 0 | J16: =+D16 -> 0
A17: INGOT | D17: ='DAILY FLASH'!BC59 -> 50.08 | E17: 50.08 | F17: =D17-E17 -> 0 | G17: =+H17+I17-J17 -> 656.519 | H17: 601.299 | I17: ='DAILY FLASH'!AG55 -> 105.3 | J17: =+D17 -> 50.08 | Q17: BILLET | R17: =4970+222-218-115.25+259+253-174-8+222-167-221+202+270-46-43+234-123+300+302-2917-142+138 -> 3197.75 | S17: =1114-85+32 -> 1061 | U17: =1212-1-40 -> 1171 | V17: =SUM(R17:U17) -> 5429.75
A18: TOTAL | B18: =SUM(B6:B10) -> 12695 | C18: =SUM(C6:C10) -> #REF! | D18: =SUM(D6:D17) -> 11173.28 | E18: =SUM(E6:E17) -> 10770.1 | F18: =SUM(F6:F17) -> 403.18 | G18: =SUM(G6:G17)-G10 -> 20078.592 | H18: =SUM(H6:H17)-H10 -> 19841.685 | I18: =SUM(I6:I17) -> 11753.047 | J18: =SUM(J6:J17) -> 11690.816
Q19: BAR | S19: =232-20 -> 212 | U19: 21 | V19: =SUM(R19:U19) -> 233
E20: =SUM(E6:E18) -> 21540.2
D21: COPY | E21: PASTE | V21: =SUM(R21:U21) -> 0
V23: =SUM(R23:U23) -> 0
A25: YEAR0WISE SALEABLE | V25: =SUM(R25:U25) -> 0
B26: 2009-10 | C26: 2010-11 | D26: 2011-12 | E26: 2012-13 | F26: 2013-14 | G26: 2014-15 | H26: 2015-16 | I26: 2016-17 | N26: AS ON 01/04/19 | O26: SAL | P26: DESP | Q26: STK 01/06
A27: BILLET | B27: 75524 | C27: =83006+333 -> 83339 | D27: 92912 | E27: 86622 | F27: 92716 | G27: 82253 | H27: 71051 | I27: 70879 | J27: =89073-20678+14 -> 68409 | N27: =11450.1+1792.267+26.461 -> 13268.828 | O27: 13820.904 | P27: 15354.029 | Q27: =+N27+O27-P27 -> 11735.703 | V27: =SUM(V17:V25) -> 5662.75
A28: BAR | B28: 1238 | C28: 761 | D28: 1027 | E28: 457 | F28: 335 | G28: 799 | H28: 263 | I28: 674 | J28: 699.611 | N28: 337.177 | O28: 13.29 | P28: 29.04 | Q28: =+N28+O28-P28 -> 321.427
A29: FORGE | B29: 3731 | C29: 3737 | D29: 4283 | E29: 4558 | F29: 5477 | G29: 4330 | H29: 4350 | I29: =3069+531 -> 3600 | J29: 4150.229 | N29: 1497.055 | O29: 705.43 | P29: 898.255 | Q29: =+N29+O29-P29 -> 1304.23
A30: PLATE | B30: 1831 | C30: 1809 | D30: 1467 | E30: 1428 | F30: 1663 | G30: 1500 | H30: 1303 | I30: 1661 | J30: 1735.072 | N30: 1014.131 | O30: 41.024 | P30: 87.425 | Q30: =+N30+O30-P30 -> 967.73
A31: ING | B31: 3832 | C31: 1692 | D31: =1689+73 -> 1762 | E31: =2411+392 -> 2803 | F31: =2250+42 -> 2292 | G31: 3500 | H31: 2278 | I31: =1383+199 -> 1582 | J31: 1948.5 | N31: 364.73 | O31: 1062.15 | P31: 1088.94 | Q31: =+N31+O31-P31 -> 337.94
A32: CC SLAB | B32: 93889 | C32: 111575 | D32: 82709 | E32: 27572 | F32: 9325 | G32: 1811 | H32: 3233 | I32: =4689.637-1009.76 -> 3679.877 | J32: =11521.395+623.525-8094.635 -> 4050.285 | N32: 1381.124 | O32: 600.129 | P32: 595.52 | Q32: =+N32+O32-P32 -> 1385.733
A33: CCBLOOM | B33: 0 | D33: 324 | E33: 2954 | F33: 2538 | G33: 1771 | I33: 1009.78 | J33: =8041.755+52.88 -> 8094.635 | N33: =SUM(N27:N32) -> 17863.045 | O33: =SUM(O27:O32) -> 16242.927 | P33: =SUM(P27:P32) -> 18053.209 | Q33: =SUM(Q27:Q32) -> 16052.763
A34: TOTAL | B34: =SUM(B27:B33) -> 180045 | C34: =SUM(C27:C33) -> 202913 | D34: =SUM(D27:D33) -> 184484 | E34: =SUM(E27:E33) -> 126394 | F34: =SUM(F27:F33) -> 114346 | G34: =SUM(G27:G33) -> 95964 | H34: =SUM(H27:H33) -> 82478 | I34: =SUM(I27:I33) -> 83085.657 | J34: =SUM(J27:J33) -> 89087.332
A40: YEAR0WISE DESPATCH
B41: 2009-10 | C41: 2010-11 | D41: 2011-12 | E41: 2012-13 | F41: 2013-14 | G41: 2014-15 | H41: 2015-16 | I41: 2016-17 | J41: 2017-18 | N41: 43556 | O41: SAL | P41: DESP | Q41: 43922 | R41: SAL | S41: DESP | T41: 44013
A42: BILLET | B42: 75796 | C42: 80079 | D42: 96892 | E42: 85834 | F42: 87135 | G42: 82533 | H42: 66368 | I42: 68523 | J42: 74455 | N42: =11450.1+1792.267+26.461 -> 13268.828 | O42: 92793.599 | P42: 88459.127 | Q42: =+N42+O42-P42 -> 17603.3 | R42: 5119.007 | S42: 6935.928 | T42: =+Q42+R42-S42 -> 15786.379
A43: BAR | B43: 1377 | C43: 863 | D43: 830 | E43: 560 | F43: 240 | G43: 834 | H43: 281 | I43: 598 | J43: 749.275 | N43: 337.177 | O43: 216.44 | P43: 236.92 | Q43: =+N43+O43-P43 -> 316.697 | S43: 4.98 | T43: =+Q43+R43-S43 -> 311.717
A44: FORGE | B44: 3761 | C44: 4083 | D44: 4349 | E44: 4521 | F44: 4991 | G44: 4557 | H44: 4095 | I44: 3403.5 | J44: 3951.559 | N44: 1497.055 | O44: 5177.324 | P44: 4629.588 | Q44: =+N44+O44-P44 -> 2044.791 | R44: 480.51 | S44: 408.012 | T44: =+Q44+R44-S44 -> 2117.289
A45: PLATE | B45: 1750 | C45: 1638 | D45: 1437 | E45: 1471 | F45: 1647 | G45: 1576 | H45: 1315 | I45: 1517 | J45: 1624.335 | N45: 1014.131 | O45: 1124.21 | P45: 1185.005 | Q45: =+N45+O45-P45 -> 953.336 | R45: 177.287 | S45: 142.55 | T45: =+Q45+R45-S45 -> 988.073
A46: ING | B46: 3786 | C46: 1641 | D46: 1838 | E46: 2628 | F46: 2142 | G46: 3455 | H46: 1986 | I46: =1556+159 -> 1715 | J46: 11647.118 | N46: 364.73 | O46: 2038.05 | P46: 2227.66 | Q46: =+N46+O46-P46 -> 175.12 | R46: 612 | S46: 588.7 | T46: =+Q46+R46-S46 -> 198.42
A47: CC SLAB | B47: 93592 | C47: 112225 | D47: 82387 | E47: 21050 | F47: 12317 | G47: 4260 | H47: 3281 | I47: 3721 | J47: 0 | N47: 1381.124 | O47: 1236.589 | P47: 1235.8 | Q47: =+N47+O47-P47 -> 1381.913 | R47: 339.1 | S47: 305.14 | T47: =+Q47+R47-S47 -> 1415.873
A48: CCBLOOM | B48: 0 | C48: 0 | D48: =214+99 -> 313 | E48: 2614 | F48: 2720 | G48: 1471 | H48: 113 | I48: 938 | J48: 671
A49: TOTAL | B49: =SUM(B42:B48) -> 180062 | C49: =SUM(C42:C48) -> 200529 | D49: =SUM(D42:D48) -> 188046 | E49: =SUM(E42:E48) -> 118678 | F49: =SUM(F42:F48) -> 111192 | G49: =SUM(G42:G48) -> 98686 | H49: =SUM(H42:H48) -> 77439 | I49: =SUM(I42:I48) -> 80415.5 | J49: =SUM(J42:J48) -> 93098.287 | N49: =SUM(N42:N48) -> 17863.045 | O49: =SUM(O42:O48) -> 102586.21 | P49: =SUM(P42:P48) -> 97974.1 | Q49: =SUM(Q42:Q48) -> 22475.157 | R49: =SUM(R42:R48) -> 6727.904 | S49: =SUM(S42:S48) -> 8385.31 | T49: =+Q49+R49-S49 -> 20817.751
J50: =95918-93098 -> 2820
M51: 43922 | N51: SAL0420 | O51: DESP 0420 | P51: STOCK | Q51: SAL 520 | R51: DESP0520 | S51: 43983 | T51: SAL 0620 | U51: DESP0620 | V51: 44013
L52: BILLET | M52: =16284.176+244.383+1646.471 -> 18175.03 | N52: 1075.907 | O52: 398.04 | P52: =+M52+N52-O52 -> 18852.897 | Q52: 644.06 | R52: 2743.12 | S52: =+P52+Q52-R52 -> 16753.837 | T52: 3399.04 | U52: 3794.768 | V52: =+S52+T52-U52 -> 16358.109
A53: 10/11/10 | L53: BAR | M53: 320.783 | P53: =+M53+N53-O53 -> 320.783 | R53: 0.28 | S53: =+P53+Q53-R53 -> 320.503 | U53: 4.7 | V53: =+S53+T53-U53 -> 315.803
L54: FORGE | M54: 2149.236 | N54: 185.91 | O54: 4.61 | P54: =+M54+N54-O54 -> 2330.536 | Q54: 163.61 | R54: 153.59 | S54: =+P54+Q54-R54 -> 2340.556 | T54: 130.96 | U54: 249.812 | V54: =+S54+T54-U54 -> 2221.704
A55: TOTAL WATER | B55: TOT WAT | C55: IND WAT | L55: PLATE | M55: 1092.961 | N55: 25.347 | O55: 98.19 | P55: =+M55+N55-O55 -> 1020.118 | Q55: 30.835 | R55: 19.46 | S55: =+P55+Q55-R55 -> 1031.493 | T55: 121.05 | U55: 24.9 | V55: =+S55+T55-U55 -> 1127.643
A56: 2020-21 | B56: 881617 | C56: =+B56*0.4 -> 352646.8 | L56: ING | M56: =259.59+142.36 -> 401.95 | P56: =+M56+N56-O56 -> 401.95 | Q56: 286.9 | R56: 265.86 | S56: =+P56+Q56-R56 -> 422.99 | T56: 325.2 | U56: 322.84 | V56: =+S56+T56-U56 -> 425.35
A57: 2021-22 | B57: =416420/0.4 -> 1041050 | C57: =+B57*0.4 -> 416420 | L57: CC SLAB | M57: =1824.484+184.141 -> 2008.625 | P57: =+M57+N57-O57 -> 2008.625 | Q57: 96.05 | R57: 0 | S57: =+P57+Q57-R57 -> 2104.675 | T57: 243.05 | U57: 305.14 | V57: =+S57+T57-U57 -> 2042.585
A58: 2022-23 | L58: CCBLOOM
A59: APRIL'22 | B59: 87888 | C59: =+B59*0.4 -> 35155.2 | D59: 6901 | E59: =+C59/D59 -> 5.0942182 | L59: TOTAL | M59: =SUM(M52:M57) -> 24148.585 | N59: =SUM(N52:N57) -> 1287.164 | O59: =SUM(O52:O57) -> 500.84 | P59: =SUM(P52:P57) -> 24934.909 | Q59: =SUM(Q52:Q57) -> 1221.455 | R59: =SUM(R52:R57) -> 3182.31 | S59: =SUM(S52:S57) -> 22974.054 | T59: =SUM(T52:T57) -> 4219.3 | ... V59: =SUM(V52:V57) -> 22491.194
A60: MAY'22 | B60: 90833 | C60: =+B60*0.4 -> 36333.2 | D60: 6807 | E60: =+C60/D60 -> 5.337623 | P60: 24952.047 | S60: 23006.631 | V60: 22572.89
A61: JUNE'22 | B61: 87936 | C61: =+B61*0.4 -> 35174.4 | D61: 6526 | E61: =+C61/D61 -> 5.3898866 | P61: =+P59-P60 -> -17.138 | S61: =+S59-S60 -> -32.577 | V61: =+V59-V60 -> -81.696
C62: =SUM(C59:C61) -> 106662.8 | D62: =SUM(D59:D61) -> 20234 | E62: =+C62/D62 -> 5.2714639
A65: YEAR WISE SALEABLE PRODUCTION
B66: 2016-17 | C66: 2017-18 | D66: 2018-19 | E66: 2019-20 | F66: 2020-21
A67: BILLET | B67: 70878 | C67: 68426 | D67: 100246 | E67: 92794 | F67: 52403.4
A68: BAR | B68: 674 | C68: 700 | D68: 319 | E68: 216 | F68: 119.4
A69: FORGE | B69: 3069 | C69: =4150+622 -> 4772 | D69: 4638 | E69: 5177 | F69: =2643+343 -> 2986
A70: PLATE | B70: 1661 | C70: 1733 | D70: 1031 | E70: 1124 | F70: 1414
A71: ING | B71: =1383+199 -> 1582 | C71: 1949 | D71: 2669 | E71: 2038 | F71: 2048
A72: CC SLAB | B72: 4213 | C72: 3480 | D72: 2164 | E72: =1237-85 -> 1152 | F72: =10003-7272 -> 2731
A73: CCBLOOM | B73: 1009.78 | C73: 8048 | D73: 4618 | E73: 85 | F73: 7272
A74: TOTAL | B74: =SUM(B67:B73) -> 83086.78 | C74: =SUM(C67:C73) -> 89108 | D74: =SUM(D67:D73) -> 115685 | E74: =SUM(E67:E73) -> 102586 | F74: =SUM(F67:F73) -> 68973.8
L75: =52.65*30 -> 1579.5
L76: =5086+1580 -> 6666 | Q76: PLATE | R76: BILLET/BLMS | S76: BAR | T76: CCBLMS/CCSLB | U76: FORGES | V76: INGOTS
E77: =52.65*9 -> 473.85 | F77: 6021 | G77: =+F77+E77 -> 6494.85 | H77: UPTOJUNE'22 | K77: =130*4.05 -> 526.5 | O77: 2017-18 | P77: PLAN | Q77: 1900 | R77: 70520 | S77: 501 | T77: 5315 | U77: =6064+500 -> 6564 | V77: =2210+1954 -> 4164
B78: ABP | C78: LIKELY | D78: % | E78: CPLY | H78: ABP | I78: LIKELY | J78: % | K78: CPLY | P78: ACTUAL | Q78: 1733 | R78: 68426 | S78: 700 | T78: =3480+8048 -> 11528 | U78: 4772 | V78: 1949
A79: crude | B79: 7480 | C79: 6495 | D79: =+C79/B79*100 -> 86.831551 | H79: =+B79+B93 -> 22684 | I79: =+C79+C93 -> 20202 | J79: =+I79/H79*100 -> 89.058367 | O79: 2018-19 | P79: PLAN | Q79: 1635 | R79: =73795+33282 -> 107077 | S79: 749 | T79: =5862+4000 -> 9862 | U79: 4965 | V79: 1500
A80: cc slab | B80: 150 | C80: 50 | D80: =+C80/B80*100 -> 33.333333 | H80: =+B80+B94 -> 456 | I80: =+C80+C94 -> 248 | J80: =+I80/H80*100 -> 54.385965 | L80: =68*6 -> 408 | O80: 2019-20 | P80: PLAN | Q80: 970 | R80: =85830+28020 -> 113850 | S80: 850 | T80: 7862 | U80: 6170 | V80: =3970+624+500 -> 5094
A81: cc bloom | B81: 100 | C81: 53 | D81: =+C81/B81*100 -> 53 | H81: =+B81+B95 -> 302 | I81: =+C81+C95 -> 53 | J81: =+I81/H81*100 -> 17.549669 | P81: ACTUAL | Q81: 1124 | R81: 92794 | S81: 216 | T81: 1337 | U81: 5177 | V81: 2038
A82: cc prod | B82: 250 | C82: =+C81+C80 -> 103 | D82: =+C82/B82*100 -> 41.2 | H82: =+B82+B96 -> 758 | I82: =+C82+C96 -> 301 | J82: =+I82/H82*100 -> 39.709763 | O82: 2020-21 | P82: PLAN | Q82: 1080 | R82: =60699+14100 -> 74799 | S82: 300 | T82: 6833 | U82: 6450 | V82: 4440
A83: ingot | B83: =+B79-B82 -> 7230 | C83: =+C79-C82 -> 6392 | D83: =+C83/B83*100 -> 88.409405 | H83: =+B83+B97 -> 21926 | I83: =+C83+C97 -> 19901 | J83: =+I83/H83*100 -> 90.764389 | P83: ACTUAL | Q83: 1414 | R83: 52403 | S83: 119 | T83: =2731+7272 -> 10003 | U83: 2986 | V83: 2048
A84: bbm cw | B84: 10200 | C84: =7705+526 -> 8231 | D84: =+C84/B84*100 -> 80.696078 | H84: =+B84+B98 -> 31200 | I84: =+C84+C98 -> 22907 | J84: =+I84/H84*100 -> 73.419872
A85: sal | B85: 9590 | C85: 7400 | D85: =+C85/B85*100 -> 77.163712 | H85: =+B85+B99 -> 29204 | I85: =+C85+C99 -> 21959 | J85: =+I85/H85*100 -> 75.191755
A86: desp | B86: 9790 | C86: 8200 | D86: =+C86/B86*100 -> 83.758938 | H86: =+B86+B100 -> 29704 | I86: =+C86+C100 -> 23293 | J86: =+I86/H86*100 -> 78.417048 | P86: OP STOCK | Q86: SAL. | R86: DESP | S86: CL STOCK
A87: dsp ing | B87: 1500 | C87: 909 | D87: =+C87/B87*100 -> 60.6 | H87: =+B87+B101 -> 4500 | I87: =+C87+C101 -> 3857 | J87: =+I87/H87*100 -> 85.711111 | O87: 2017-18 | P87: 26547 | Q87: 89108 | R87: 95919 | S87: =+P87+Q87-R87 -> 19736
A88: hot metal | B88: 3000 | C88: 1449 | D88: =+C88/B88*100 -> 48.3 | H88: =+B88+B102 -> 9000 | I88: =+C88+C102 -> 4217 | J88: =+I88/H88*100 -> 46.855556
O89: 2018-19 | P89: 19736 | Q89: 115685 | R89: 116119 | S89: =+P89+Q89-R89 -> 19302
O91: 2019-20 | P91: 19302 | Q91: 102586 | R91: 97975 | S91: =+P91+Q91-R91 -> 23913
A92: UPTO MAY
A93: crude | B93: 15204 | C93: 13707 | O93: 2020-21 | P93: 23913 | Q93: 68974 | R93: 74336 | S93: =+P93+Q93-R93 -> 18551
A94: cc slab | B94: 306 | C94: 198
A95: cc bloom | B95: 202 | C95: 0 | O95: TILL DEC'21 | P95: 18705 | Q95: 80706 | R95: 80860 | S95: =+P95+Q95-R95 -> 18551
A96: cc prod | B96: 508 | C96: 198
A97: ingot | B97: =+B93-B96 -> 14696 | C97: =+C93-C96 -> 13509
A98: bbm cw | B98: 21000 | C98: 14676
A99: sal | B99: 19614 | C99: 14559
A100: desp | B100: 19914 | C100: 15093 | O100: YEAR-WISE STN LIQ PRODUCTION FIG (TON)
A101: dsp ing | B101: 3000 | C101: 2948 | P101: 2018-19 | Q101: 2019-20 | R101: 2020-21 | S101: TILL DEC'21
A102: hot metal | B102: 6000 | C102: 2768 | O102: ABP | P102: 1297 | Q102: 1523 | R102: 715 | S102: 2398
O103: ACTUAL | P103: 794 | Q103: 1180 | R103: 265 | S103: 764
P107: Sal steel | Q107: order avail. | R107: order received | S107: total desp | T107: direct desp order | U107: Actual supply
O108: 2016-17 | P108: 83087 | S108: 80417
O109: 2017-18 | P109: 89108 | S109: 95918.59
O110: 2018-19 | P110: 115685 | S110: 116119
C111: STOCK OF CC BLOOM(TON) | O111: 2019-20 | P111: 102586 | S111: 97975
A113: DATE | B113: BSP | C113: DSP | D113: TOTAL | E113: BRC125 RCS | F113: NVD | G113: VD
A115: 01/04/2022 | B115: 223 | C115: 1045 | D115: =+C115+B115 -> 1268 | E115: 1230 | F115: 1018 | G115: 666
A117: 01/05/2022 | B117: 0 | C117: 816 | D117: 816 | E117: 1234 | F117: 1455 | G117: 962
...

Sheet DMR GRADE DESPATCHED
C10: DMR-249 & DMR301 DESPATCH
C11: GRADE | D11: 13-14 | E11: 14-15 | F11: 15-16 | G11: 16-17 | H11: 17-18 | I11: 18-19 | J11: 19-20 | K11: 20-21 | L11: 21-22 | M11: 22-23 | N11: 23-24 | O11: 24-25 | P11: 25-26
C12: DNR 249A CERTIFIED | E12: 71.02 | O12: 161.6 | P12: =43.42+67.51 -> 110.93
C13: DMR-249 BK | E13: 72.6
C14: DMR-249BK MAX ALLOYS | D14: 36.855 | E14: 52.94 | F14: 201.4 | G14: 50.78 | H14: 0 | I14: 0 | J14: 0 | K14: 0 | L14: 0 | M14: 0
C15: DMR-249BK-AMIN ALLOY | D15: 40.654 | E15: 49.67 | F15: 94.03 | G15: 50.79 | H15: 0 | I15: 0 | J15: 0 | K15: 0 | L15: 0 | M15: 0
C16: DMR 301 | N16: 143.27
C17: DMR 249B MIN ALLOYS | D17: 98.66
C18: AB3 | N18: 37.47
C19: AB3K | G19: 51.14
C20: AB3K | G20: 98.33
C21: TOTAL | D21: 176.169 | E21: 102.61 | F21: 295.43 | G21: 251.04 | H21: 0 | I21: 0 | J21: 0 | K21: 0 | L21: 0 | M21: 0 | N21: 180.74 | O21: 161.6
C22: From 17-18 to 22-23
C23: No despatch

Sheet MESSAGE
A1: AUTO REPORT GENERATION & MESSAGING PAGE
A2: The following particulars are directly read from the MIS report:
A4: Production Summary of | B4: ='MIS MONTH WISE FUEL NMGCAL '!J9 -> 11/07/24 | C4: : | D4: Crude Steel: | E4: =ROUND('MIS MONTH WISE FUEL NMGCAL '!D25,0) -> 565 | F4: T; | G4: Saleable Steel: | H4: =ROUND('MIS MONTH WISE FUEL NMGCAL '!D38,0) -> 459 | I4: T | J4: =ROUND('MIS MONTH WISE FUEL NMGCAL '!D39,0) -> 403
L5: ASP production summary FOR JULY'18 | N5: SAUG'18 | O5: ='MIS MONTH WISE FUEL NMGCAL '!J9 -> 11/07/24
A6: MESSAGE FOR CORP. OFFICE: (copy cell A7 & paste in the way-2-sms-msg.box) | I6: Send SMS -> | L6: ITEM | M6: ON DT | N6: TNNAGE | O6: RATE
A7: =CONCATENATE(A4,B4,C4," ",D4," ",E4,F4," ",G4," ",H4,I4,"; "," Dispatch: ",J4," T") -> Production Summary of 11/07/24 : Crude Steel: 565 T; Saleable Steel: 459 T; Dispatch: 403 T | L7: CRUDE ST | M7: =+'MIS MONTH WISE FUEL NMGCAL '!D25 -> 565.15 | N7: ='md cell'!F11 -> 399.471 | O7: ='MIS MONTH WISE FUEL NMGCAL '!G25 -> 10759.191
L8: SALEABLE | M8: ='MIS MONTH WISE FUEL NMGCAL '!D38 -> 459.245 | N8: ='md cell'!F20 -> 11402.187 | O8: ='DAILY FLASH'!AR56 -> 11402.187
A9: at new delhi | D9: 1124367250 | L9: DESPATCH | M9: ='MIS MONTH WISE FUEL NMGCAL '!D40 -> 0 | N9: ='md cell'!F21 -> 11173.28 | O9: ='md cell'!G21 -> 11173.28
B10: *******Despatch all time best on daily basis through truck********* | L10: CC PRD | M10: ='MIS MONTH WISE FUEL NMGCAL '!D24 -> 0 | N10: ='MIS MONTH WISE FUEL NMGCAL '!E24 -> 399.471 | O10: ='MIS MONTH WISE FUEL NMGCAL '!G24 -> 399.471
L11: HEATS | M11: ='MIS MONTH WISE FUEL NMGCAL '!D26 -> 8 | N11: ='MIS MONTH WISE FUEL NMGCAL '!E26 -> 215 | P11: WELCOME
A12: production loss due to non availabuility of Coke Oven Gas | K12: FIG IN TON | L12: STN HEATS | M12: ='MIS MONTH WISE FUEL NMGCAL '!D29 -> 0 | N12: ='MIS MONTH WISE FUEL NMGCAL '!E29 -> 2 | T12: =3183+552+6547 -> 10282
B13: UP TO 24/10 | D13: 43033 | E13: 43034 | F13: 43035 | G13: 43036 | H13: 43037 | I13: 43038 | J13: 43039 | K13: TOTAL | L13: CRUDE STEEL
A14: CRUDE STEEL | B14: 572 | D14: 200 | E14: 50 | G14: 50 | I14: 100 | J14: 100 | K14: =+B14+D14+E14+F14+G14+H14+I14+J14+B14 -> 1644
A15: BBM | B15: 1312 | D15: 200 | E15: 40 | F15: 80 | G15: 0 | H15: 40 | I15: 240 | J15: 200 | K15: =+B15+D15+E15+F15+G15+H15+I15+J15+B15 -> 3424 | R15: =70520+500 -> 71020 | S15: 59080 | T15: 54777 | V15: =+T15/S15*100 -> 92.716655 | W15: =71020*0.93 -> 66048.6
A16: FORGE FIN' | B16: 207 | D16: 25 | E16: 25 | I16: 8 | K16: =+B16+D16+E16+F16+G16+H16+I16+J16+B16 -> 472 | P16: WELCOME SHRI HARI MOHAN DIRECTOR GENERAL , ORDNANCE FACTORIES AND CHAIRMAN, ORDNANCE FACTORY BOARD(OFB) GOVT OF INDIA | R16: 501 | S16: 415 | T16: 696 | V16: =+T16/S16*100 -> 167.71084 | W16: =501*1.68 -> 841.68
R17: 6064 | S17: 5000 | T17: 3495 | V17: =+T17/S17*100 -> 69.9 | W17: =6064*0.7 -> 4244.8
R18: 1900 | S18: 1580 | T18: 1581 | V18: =+T18/S18*100 -> 100.06329 | W18: 1900 | AA18: =2*52*5 -> 520
R19: 5315 | S19: 4450 | T19: 3183 | V19: =+T12/S19*100 -> 231.05618 | W19: =5315*2.31 -> 12277.65 | AA19: =8*6*53 -> 2544
E20: controlroom-steel(@govà | T20: 552 | AA20: 5048
E21: controlroom-steel(@gov.in | R21: =1954+2210 -> 4164 | S21: 3435 | T21: 1939 | V21: =+T21/S21*100 -> 56.448326 | W21: =4164*0.56 -> 2331.84 | AA21: =+AA19+AA20 -> 7592
P22: 26.01.19 2331182101 1830566 15to19 59to57 39.57to38.23
P23: 2.26.01.19 2331182101 1820643 21to22 57to56 38.23to37.56 | R23: 0 | T23: 6547
P24: 3.28.01.19 2331182101 1820652 20to19 58to57 38.90to38.23 | R24: =SUM(R15:R23) -> 88964 | S24: 73960 | T24: 72770 | V24: =+T24/S24*100 -> 98.391022 | W24: =+R24*0.98 -> 87184.72 | X24: =SUM(W15:W21) -> 87644.57
A25: Production Summary of 25/09/2024 : Crude Steel: 347 T; Saleable Steel: 430 T; Dispatch: 407 T BBM CH WT 518 T | P25: 4.28.01.19 2331181901 1810403 16to18 NC NC
P26: 5.28.01.19 2331181901 1810404 14to15 64to63 44.84to44.14
P27: 6.28.01.19 2331181901 1830565 14to13 62to61 43.44to42.74
P28: 7.28.01.19 2331181901 1820650 17to18 63to62 44.14to43.44
Q29: 26.01.19 2331182101 1830566 15to19 59to57 39.57to38.23
M30: Sourci | Q30: 2.26.01.19 2331182101 1820643 21to22 57to56 38.23to37.56
A31: WELCOME | Q31: 3.28.01.19 2331182101 1820652 20to19 58to57 38.90to38.23
Q32: 4.28.01.19 2331181901 1810403 16to18 NC NC
B33: =A4:B4 -> 11/07/24 | D33: 2574317 | L33: DESPATCH | N33: ='DAILY FLASH'!AL59 -> 0 | O33: ='DAILY FLASH'!AR58 -> 11173.28 | Q33: 5.28.01.19 2331181901 1810404 14to15 64to63 44.84to44.14
A34: shalubh-9717652929 | B34: hts | D34: ='MIS MONTH WISE FUEL NMGCAL '!D26 -> 8 | L34: SAL STOC | M34: =+O37 -> 20078.592 | N34: ONDATE | O34: CUMM | Q34: 6.28.01.19 2331181901 1830565 14to13 62to61 43.44to42.74
A35: ED OPRN 9968605024 | B35: stn | D35: ='MIS MONTH WISE FUEL NMGCAL '!D28 -> 2 | L35: NO OF HTS | N35: ='MIS MONTH WISE FUEL NMGCAL '!D26 -> 8 | O35: ='MIS MONTH WISE FUEL NMGCAL '!E26 -> 215 | Q35: 7.28.01.19 2331181901 1820650 17to18 63to62 44.14to43.44
A36: anand : 9968605406 | B36: crude | D36: =E4 -> 565 | L36: SS HEATS | N36: ='MIS MONTH WISE FUEL NMGCAL '!D29 -> 0 | O36: ='MIS MONTH WISE FUEL NMGCAL '!E29 -> 2
A37: dinesh : 9968605466 | B37: sal | D37: =H4 -> 459 | L37: SAL STEEL STOCK | O37: ='MIS MONTH WISE FUEL NMGCAL '!R40 -> 20078.592
A38: SHAILESH:9986805775
A40: DURING HOLIDAY AT
A41: ED CELL | B41: 3432562662 | H41: =54143.309+695.871+3494.329+1581.39+9777.255+512.14+1742.04+824.59 -> 72770.924
P43: Item | Q43: ABP | R43: Actual | S43: % ABP | T43: CPLY | V43: Change from CPLY (%) | Z43: Item | AA43: ABP(T) | AB43: Actual | AC43: Rate | AE43: CPLY | AF43: cply
P44: Crude Steel | Q44: ='md cell'!E11 -> 607 | R44: ='DAILY FLASH'!AN20 -> 10759.191 | S44: =+R44/Q44*100 -> 1772.5191 | T44: ='md cell'!I11 -> 733.06 | V44: =(R44-T44)/T44*100 -> 1367.7095 | AB44: (T)
P45: Concast Slab | Q45: ='md cell'!#REF! -> #REF! | R45: ='md cell'!#REF! -> #REF! | S45: ='md cell'!#REF! -> #REF! | T45: ='md cell'!#REF! -> #REF! | V45: =(R45-T45)/T45*100 -> #REF! | Z45: Crude Steel | AA45: 101883 | AB45: 99162 | AC45: 101 | AE45: 92005 | AF45: =+(AB45-AE45)/AE45*100 -> 7.7789251
P46: Concast Bloom | Q46: ='md cell'!#REF! -> #REF! | R46: ='md cell'!#REF! -> #REF! | S46: ='md cell'!#REF! -> #REF! | T46: ='md cell'!#REF! -> #REF! | V46: =(R46-T46)/T46*100 -> #REF! | Z46: Concast Slab | AA46: 6447 | AB46: 1258 | AC46: 22 | AE46: 2257 | AF46: =+(AB46-AE46)/AE46*100 -> -44.262295
J47: Water | K47: 8316 | P47: Total CC | Q47: ='md cell'!#REF! -> #REF! | R47: ='md cell'!#REF! -> #REF! | S47: ='md cell'!#REF! -> #REF! | T47: ='md cell'!#REF! -> #REF! | V47: =(R47-T47)/T47*100 -> #REF! | Z47: Concast Bloom | AA47: 3553 | AB47: 601 | AC47: 31 | AE47: 5219 | AF47: =+(AB47-AE47)/AE47*100 -> -88.484384
A48: Column1 | B48: Column2 | J48: sms | K48: 8774 | P48: Ingot Steel | Q48: ='md cell'!E12 -> 11005 | R48: ='DAILY FLASH'!AN14 -> 10359.72 | S48: =+R48/Q48*100 -> 94.136483 | T48: ='md cell'!I12 -> 10052.6 | V48: =(R48-T48)/T48*100 -> 3.05513 | Z48: Total CC | AA48: 9700 | AB48: 1859 | AC48: 25 | AE48: 7476 | AF48: =+(AB48-AE48)/AE48*100 -> -75.133761
A49: chandni | B49: 9968605310 | J49: bbm elec | K49: 8234 | L49: 8235 | P49: BBM Charge Weight | Q49: ='md cell'!E17 -> 12227 | R49: ='DAILY FLASH'!AN31 -> 12743.709 | S49: =+R49/Q49*100 -> 104.22597 | T49: ='md cell'!I17 -> 12737.398 | V49: =(R49-T49)/T49*100 -> 0.049547011 | Z49: Ingot Steel | AA49: 92183 | AB49: 97303 | AC49: 109 | AE49: 84529 | AF49: =+(AB49-AE49)/AE49*100 -> 15.111973
A50: PRO | B50: 9434798666 | J50: bbm | K50: 8978 | L50: 8309 | P50: SAL | Q50: ='md cell'!E20 -> 11340 | R50: ='DAILY FLASH'!AN57 -> 0 | S50: =+R50/Q50*100 -> 0 | T50: ='md cell'!I20 -> 10884.684 | V50: =(R50-T50)/T50*100 -> -100 | Z50: BBM Charge Weight | AA50: 129173 | AB50: 114053 | AC50: 89 | AE50: 113431 | AF50: =+(AB50-AE50)/AE50*100 -> 0.54835098
A51: ED OPRN | B51: 9968605024 | J51: PD IN EMERGENCY | L51: 9434798979 | P51: Dispatch | Q51: ='md cell'!E21 -> 11490 | R51: ='DAILY FLASH'!BC60 -> 11173.28 | S51: =+R51/Q51*100 -> 97.243516 | T51: ='md cell'!I21 -> 10643.65 | V51: =(R51-T51)/T51*100 -> 4.9760186 | Z51: Total Saleable | AA51: 123387 | AB51: 97157 | AC51: 78 | AE51: 105117 | AF51: =+(AB51-AE51)/AE51*100 -> -7.5725144
A52: DINESH | B52: 9968605466 | J52: PLANT CONT | K52: 8368/8750 | L52: 8368 | P52: Steel Ingots – DSP | Q52: ='md cell'!E22 -> 400 | R52: ='DAILY FLASH'!AN73 -> 2508.64 | S52: =+R52/Q52*100 -> 627.16 | T52: ='md cell'!I22 -> 904.8 | V52: =(R52-T52)/T52*100 -> 177.25906 | Z52: Dispatch | AA52: 125187 | AB52: 77865 | AC52: 80 | AE52: 102572 | AF52: =+(AB52-AE52)/AE52*100 -> -24.08747
A53: gopal bhattacharya | B53: 9434798846 | J53: pd | K53: 8959 | P53: RWF | R53: 32240 | T53: 18764 | V53: =(R53-T53)/T53*100 -> 71.818376 | Z53: Special Steel Ingots – DSP | AA53: 22000 | AB53: 8628 | AC53: 39 | AE53: 13548 | AF53: =+(AB53-AE53)/AE53*100 -> -36.315323
A54: BISWAJIT ACHARYA | B54: 9434798864 | J54: f/oil& gas | K54: 8616/ 8694 | L54: 8616 | M54: 9614228857 | N54: TAPAN NANDY | P54: DEFENCE | Q54: 0 | R54: 5966 | S54: 0 | T54: 7023 | V54: =(R54-T54)/T54*100 -> -15.050548
A55: RAJESH | B55: 9434798787 | I55: 8651 | K55: for scrap | L55: hot metal /liq | P55: SPADE/JACKAL | R55: 769 | S55: 0 | T55: 2045 | V55: =(R55-T55)/T55*100 -> -62.396088
A56: SULEKHA | B56: 9434798866 | G56: SAMEER MAJUMDAR | I56: MOULD POSITION | K56: 9434798746 | P56: BRC | R56: 9601 | T56: 14337 | V56: =(R56-T56)/T56*100 -> -33.03341
A57: KAVITA | B57: 9434798959 | I57: SCRAP | K57: 9434798827 | L57: P S KAR | P57: SCRAP
A58: GMW | B58: 9434798789 | K58: 9434798738 | L58: DKD
A59: GM STEEL | B59: 9434798778 | K59: 9434798835 | L59: NETAI PAL | P59: 419 | Q59: 1519 | R59: 619 | S59: 719 | T59: 819 | U59: 919
A60: SWARUP | B60: 9434798782 | J60: CCS YIELD | K60: 9434798971 | L60: NEPAL SAHA | P60: 3270 | Q60: 1490 | R60: 757 | S60: 1012 | T60: 1327 | U60: 1290 | V60: =+T60+S60+R60+Q60+P60+U60 -> 9146
A61: S S GHOSHE | B61: 9434798863 | K61: 9434798712 | L61: DEBJYOTI GHOSH
A62: MONIOTORING CELL | B62: 9968605775 | D62: DELHI | K62: 9434798852 | L62: A MITRA | S62: 712 | T62: 1058 | U62: 974 | V62: =+T62+S62+R62+Q62+P62+U62 -> 2744
A63: GM PROJECT | B63: 9434798831 | D63: 01124367250 | J63: CCS YIELD | K63: 8607 | S63: 2593 | T63: 5333 | V63: =+T63+S63+R63+Q63+P63+U63 -> 7926
A64: GARIMA SHARMA(NEW DELHI) | B64: 9968605778 | K64: 9434798901 | L64: RATAN SAHA | P64: 185 | R64: 193 | S64: 187 | T64: 123 | U64: 62 | V64: =+T64+S64+R64+Q64+P64+U64 -> 750
J65: FOR WATER | K65: 9434798933 | M65: Nirmal SAHA | P65: 2487 | Q65: 1342 | R65: 2268 | S65: 1965 | T65: 2237 | U65: 4091 | V65: =+T65+S65+R65+Q65+P65+U65 -> 14390
B66: 9434792072 | D66: 03432574317 | K66: 9434798637 | M66: NEPAL SAHA | Q66: 2772 | V66: =+T66+S66+R66+Q66+P66+U66 -> 2772
Q67: 104 | V67: =+T67+S67+R67+Q67+P67+U67 -> 104
J68: BBM | K68: SUN /THURS | L68: 0.5 | U68: 0 | V68: =+T68+S68+R68+Q68+P68+U68 -> 0
J69: PRESS | K69: WED | L69: 0 | P69: 5942 | Q69: 5709 | R69: 3218 | S69: 6469 | T69: 10078 | U69: 6417 | V69: =+T69+S69+R69+Q69+P69+U69 -> 37833
J70: 5TON | K70: THURS | L70: 0
J71: CON/HTF | K71: SUN | L71: 0
J72: SHIP | K72: SUN | L72: 0
J73: PLT | K73: FRI | L73: 0
P74: RWF
J75: FOR FAX | P75: DEFENCE | Q75: =4210+498.95 -> 4708.95 | AA75: HEAT_NO | AB75: GRADE_ACT | AC75: SHAPE_ACT | AD75: SUPPLY COND | AE75: THICKNESS | AF75: WIDTH | AG75: BAL_PCS | AH75: BAL_WT | AI75: MP_NO | AJ75: SO_NO
J76: ED/ CELL | K76: 2546438 | L76: 2546768 | P76: SPADE/JACKAL | AA76: 1420160 | AB76: SAE 8822 H | AC76: FINRCS GT140 | AD76: ROLLED SLOW COOLED | AE76: 300 | AF76: 300 | AG76: 2 | AH76: 3.28 | AI76: 1231 | AJ76: ASTNRBBM0051415
J77: DELHI/CO | K77: 01124367250 | P77: BRC | AA77: 1420160 | AB77: SAE 8822 H | AC77: FINRCS GT140 | AD77: ROLLED | AE77: 300 | AF77: 300 | AG77: 1 | AH77: 1.11 | AI77: 1045 | AJ77: ASTNRBBM0031415
J78: CEO/DSP | K78: 2574317 | L78: 2545987 | M78: MKT ASP | AA78: 1720079 | AB78: SAE 8822 H | AC78: FINRCS GT140 | AD78: ROLLED | AE78: 300 | AF78: 300 | AG78: 3 | AH78: 10.073 | AI78: 7011 | AJ78: ASTNRBBM0021718
J79: cond/rel | K79: 8861 | AA79: 1730600 | AB79: SAE 8822 H | AC79: FINRCS GT140 | AD79: ROOLED SLOW COOLED | AE79: 300 | AF79: 300 | AG79: 1 | AH79: 1.455 | AI79: 8948 | AJ79: ASOWRBBM2151718
J80: TO INFORM AFTER FAX | AA80: 1730600 | AB80: SAE 8822 H | AC80: FINRCS GT140 | AD80: ROOLED SLOW COOLED | AE80: 300 | AF80: 300 | AG80: 2 | AH80: 7.745 | AI80: 8153 | AJ80: ASOWRBBM1351718
I81: TA TO CEO | J81: D.SENGUPTA | K81: 9434791102 | AA81: 1830217 | AB81: SAE 8822 H | AC81: FINRCS GT140 | AD81: ROLLED | AE81: 300 | AF81: 300 | AG81: 1 | AH81: 4.64 | AI81: 10082 | AJ81: ASOWRBBM0821819
J82: A.GHOSH | K82: 9434791300 | AA82: 1830538 | AB82: SAE 8822 H | AC82: FINRCS GT140 | AD82: ROLLED | AE82: 300 | AF82: 300 | AG82: 1 | AH82: 4.6 | AI82: 11927 | AJ82: ASOWRBBM2701819
J83: CEO/OFFICE | K83: 2574000 | AA83: 1420347 | AB83: DIN 42CrMo4 | AC83: INGOT | AD83: CAST SLOW COOLED | AE83: 1605 | AF83: 0 | AG83: 1 | AH83: 3.42 | AI83: 2190 | AJ83: ASOERSMS0151415
J84: CEO/OFFICE | K84: 2574320 | AA84: 1430404 | AB84: SA-105 | AC84: INGOT | AD84: CAST | AE84: 1605 | AF84: 0 | AG84: 5 | AH84: 19.73 | AI84: 1492 | AJ84: ASOERSMS0091415
AA85: 1620399 | AB85: IS 1875 CL-IV | AC85: INGOT | AD85: CAST | AE85: 1605 | AF85: 0 | AG85: 1 | AH85: 3.3 | AI85: 6448 | AJ85: ASOERSMS0121617
AA86: 1630685 | AB86: IS 1875 CL-IV | AC86: INGOT | AD86: CAST | AE86: 1605 | AF86: 0 | AG86: 1 | AH86: 3.41 | AI86: 6596 | AJ86: ASOERSMS0141617
J88: RELESE TOTAL
J89: GRD PRD REL TOTAL
J90: CUIST GRD DESP
AA98: DETAILS OF M/S G G AUTO ORDERS SUPPLIES
AA99: MP NO | AB99: SIZE | AC99: HT NO | AD99: DATE OF MELTING | AE99: DATE OF ROLLING | AF99: DATE OD REL | AG99: DATE OF DESP | AH99: DESP WT'
AA100: 21182 | AB100: 300X300 | AC100: 2130385 | AD100: 17/10/2021 | AE100: 18/10/2021 | AF100: 22/10/2021 | AG100: 27/10 & 30/10/21 | AH100: 40.21
AA103: 21183 | AB103: 140X140 | AC103: 2120285 | AD103: 22/082021 | AE103: 24/08/2021 | AF103: 06/102021 | AG103: 19/10/2021 | AH103: 2.93
AB104: 140X140 | AC104: 213037 | AD104: 17/09/2021 | AE104: 18/09/2021 | AF104: 30/09/2021 | AG104: 06/10 & 19/10/2021 | AH104: 40.84
A106: (180dia)
A113: S.No | B113: EMP | C113: SAIL | D113: NAME | E113: DESGN | F113: Grade | G113: DEPT | H113: PHONE NO. | I113: Column1 | J113: E-MAIL ID | K113: SAIL e-Mail ID
A114: 1 | B114: 89452 | C114: A000168 | D114: S SUBBARAJ | E114: ED | F114: E9 | G114: ASP | H114: 94347 | I114: 7608 | J114: edaspsail@gmail.com | K114: s.subbaraj@sail.in
A115: 2 | B115: 77002 | C115: K000412 | D115: RAJAT KUMAR PRADHAN | E115: GM | F115: E7 | G115: ED's SECTT. | H115: 94347 | I115: 98691 | J115: rkpradhan68@gmail.com | K115: rajat.pradhan@sail.in
A116: 3 | B116: 148 | C116: K001683 | D116: SOMNATH ADHIKARY | E116: AM | F116: E1 | G116: ED's SECTT. | H116: 94347 | I116: 98922 | J116: somnathadhikary91@gmail.com | K116: somnath.adhikary@sail.in
A117: 4 | B117: 14589 | C117: E000714 | D117: ASISH CHAKRABORTY | E117: CGM� | F117: E8 | G117: I/c (Works) | H117: 94347 | I117: 7607 | J117: 1964asish@gmail.com | K117: A.CHAKRABORTY@Sail.in
A118: 5 | B118: 10627 | C118: K000231 | D118: KAMANASISH BHAUMIK | E118: DGM | F118: E6 | G118: G.M I/c.(WORKS) SECTT. | H118: 94347 | I118: 98824 | J118: bhaumik.ks@gmail.com | K118: kamanasish.bhaumik@sail.in
A119: 6 | B119: 79452 | C119: K001997 | D119: MANJIT SINGH RAKHRA | E119: AM | F119: E1 | G119: G.M I/c.(WORKS) SECTT. | H119: 94347 | I119: 7599 | J119: msrakhra.sail@gmail.com� | K119: manjit.rakhra@sail.in
A120: 7 | B120: 30374 | C120: K000097 | D120: ASHIM DAS | E120: CGM� | F120: E8 | G120: STEEL AND MILLS | H120: 94347 | I120: 98711 | J120: ashimdas62@rediffmail.com | K120: ashim.das@sail.in
...

Sheet GRD GROUP SAL
J1: STATUS OF BRC HEATS(2018-19 ) | AS1: ROLLING STATUS OF BRC HEATS(2018-19 )
J2: PARTICULARS | K2: APR | L2: MAY | M2: JUN | N2: AUG | O2: SEP | P2: H18-19 | Q2: OCT | R2: NOV | S2: DEC | T2: JAN'19 | U2: FEB | V2: MAR | AS2: PARTICULARS | AT2: APR | AU2: MAY | AV2: JUN | AW2: JUL | AX2: AUG | AY2: SEP | AZ2: H18-19 | BA2: OCT | BB2: NOV | BC2: DEC | BD2: JAN'19 | BE2: FEB'19
J3: BRC RECEIPT(TON) | K3: 546 | L3: 498 | M3: 2515 | N3: 1116 | O3: 2160 | P3: =SUM(K3:O3) -> 6835 | Q3: 1920 | R3: 2298 | S3: 1176 | T3: 180 | U3: 2136 | V3: 2994 | W3: =+V3+U3+T3+S3+R3+Q3 -> 10704 | AL3: =+AZ3+BA3+BB3+BC3+BD3+BE3 -> 18157 | AS3: BRC RECEIPT(TON) | AT3: 546 | AU3: 498 | AV3: 2515 | AW3: 3612 | AX3: 1116 | AY3: 2160 | AZ3: =AT3+AU3+AV3+AW3+AX3+AY3 -> 10447 | BA3: 1920 | BB3: 2298 | BC3: 1176 | BD3: 180 | BE3: 2136
AL4: =+AZ4+BA4+BB4+BC4+BD4+BE4 -> 18031 | AS4: BRC ROLLING | AT4: 958 | AU4: 498 | AV4: 2017 | AW4: 3918 | AX4: 1290 | AY4: 2160 | AZ4: =AT4+AU4+AV4+AW4+AX4+AY4 -> 10841 | BA4: 1920 | BB4: 1984 | BC4: 1490 | BD4: 180 | BE4: 1616
J5: BRC REL | K5: 1134 | L5: 482 | M5: 1860 | N5: 1466 | O5: 2121 | P5: =SUM(K5:O5) -> 7063 | Q5: 1825 | R5: 1876 | S5: 1540 | T5: 174 | U5: 1550 | V5: 3405 | AL5: =+AZ5+BA5+BB5+BC5+BD5+BE5 -> 17739 | AS5: BRC REL | AT5: 1132 | AU5: 482 | AV5: 1860 | AW5: 3713 | AX5: 1466 | AY5: 2121 | AZ5: =SUM(AT5:AY5) -> 10774 | BA5: 1825 | BB5: 1876 | BC5: 1540 | BD5: 174 | BE5: 1550
J6: BRC DESP | K6: 1040 | L6: 538 | M6: 1494 | N6: 1546 | O6: 2261 | P6: =SUM(K6:O6) -> 6879 | Q6: 1139 | S6: 1582 | T6: 547 | U6: 2184 | V6: 2508 | AL6: =+AZ6+BA6+BB6+BC6+BD6+BE6 -> 17067 | AS6: BRC DESP | AT6: 1040 | AU6: 538 | AV6: 1494 | AW6: 3471 | AX6: 1546 | AY6: 2261 | AZ6: =SUM(AT6:AY6) -> 10350 | BA6: 1139 | BB6: 1265 | BC6: 1582 | BD6: 547 | BE6: 2184
J7: BRC DESP
E8: YEAR-WISE PRFORMANCE OF ASP
B9: INTER PLANT DESPATCH 2017-18 | F9: INTER PLANT DESPATCH TILL JAN'19
B10: BSL | E10: 1568.405 | G10: BSL | H10: 1747.68 | J10: 1568.405 | L10: STATUS OF BRC HEATS(2019-20 ) | AL10: STATUS OF BRC HEATS UPTO FEB'19
M11: APR | N11: MAY | O11: JUN | P11: JULY | Q11: AUG | R11: SEPT | S11: OCT | T11: NOV | U11: DEC | V11: JAN | W11: FEB'20 | X11: MARCH'20
L12: BRC REC | M12: 1116 | N12: 2172 | O12: 660 | P12: 1008 | Q12: 1048 | R12: 768 | S12: 1278 | T12: 3078 | U12: 0 | X12: =222+2763 -> 2985
B13: BSL M | E13: 6.62 | G13: BSL M | H13: 0 | J13: 6.62 | L13: BRC REL | M13: 1069 | N13: 1557 | O13: 1176 | P13: 955 | Q13: 1019 | R13: 581 | S13: 1376 | T13: 1865 | U13: 134 | V13: 1010 | W13: 2269 | X13: =213+481 -> 694 | AW13: JAN'19
L14: BRC DESP | M14: 1632 | N14: 1379 | O14: 1156 | P14: 753 | Q14: 1362 | R14: 779 | S14: 1619 | T14: 922 | U14: 1424 | V14: 1038 | W14: =256+691 -> 947 | X14: =101+456 -> 557 | AL14: GRADE | AM14: RECEIPT | AN14: ROLLED | AO14: RELEASE | AP14: DISPT | AQ14: STOCK
B15: BSP | E15: 2027.96 | G15: BSP | H15: 1188.21 | J15: 2027.96 | M15: APR | N15: MAY | O15: JUN | P15: JULY | Q15: AUG | R15: SEPT | S15: OCT | T15: NOV | U15: DEC | AL15: C-20 | AM15: 1417 | AN15: =139+306+954 -> 1399 | AO15: 1349.77 | AP15: 1107.85 | AQ15: 260 | AW15: 180
B16: BSP M | E16: 29.11 | G16: BSP M | H16: 0 | J16: 29.11 | L16: BRC REC | M16: 1116 | N16: 2172 | O16: 660 | P16: 1008 | Q16: 1048 | R16: 768 | S16: 1278 | T16: 3078 | U16: 0 | AL16: 45C8 CC ROUND | AM16: 114 | AN16: 114 | AO16: 107 | AP16: 96.05 | AQ16: 56 | AW16: 180
B17: DSP | E17: 4374.68 | G17: DSP | H17: 4163.11 | J17: 4374.68 | L17: DSP SPL INGOT | M17: 441 | N17: 963 | O17: 749 | P17: 1299 | Q17: 729 | R17: 480 | S17: 203 | AL17: 45C8 DC BLOOM | AM17: 16626 | AN17: 16518 | AO17: 16282 | AP17: 15863 | AQ17: =441-45 -> 396 | AW17: 174
B18: DSP M | E18: 141.14 | G18: DSP M | H18: 2 | J18: 141.14 | L18: HOT METAL | M18: 831 | N18: 2397 | O18: 2336.2 | P18: 3116.1 | Q18: 3408.7 | R18: 2833 | S18: 1867 | AL18: TOTAL | AM18: =SUM(AM15:AM17) -> 18157 | AN18: =SUM(AN15:AN17) -> 18031 | AO18: =SUM(AO15:AO17) -> 17738.77 | AP18: =SUM(AP15:AP17) -> 17066.9 | AQ18: =SUM(AQ15:AQ17) -> 712 | AW18: 547
B19: IISCO | E19: 740.075 | G19: IISCO | H19: =421.05+11.88 -> 432.93 | J19: 740.075
B20: IISCO M | E20: 6.82 | G20: IISCO M | J20: 6.82
B21: RSP | E21: 4618.907 | G21: RSP | H21: 2834.498 | J21: 4618.907
B22: RSP M | E22: 204.9 | G22: RSP M | H22: 140.91 | J22: 204.9 | M22: 2015-16 | T22: GRADE | U22: APR | V22: MAY | X22: JUN | AB22: JUL | AC22: AUG | AD22: SEP | AE22: H18-19 | AN22: =18031-1399-114 -> 16518 | AP22: =17067-96-1108 -> 15863
B23: SSP | E23: 90.25 | G23: SSP | H23: =456.88+21.54 -> 478.42 | J23: 90.25 | U23: 546 | V23: 498 | X23: =+X24+X25 -> 2515 | AB23: =+AB24+AB25 -> 3612 | AC23: =+AC24+AC25 -> 1116 | AD23: 2160 | AE23: =SUM(U23:AD23) -> 10447
B24: VISL | E24: 2933.79 | G24: VISL | H24: 2295.59 | J24: 2933.79 | T24: 45C8 | U24: 546 | V24: 498 | X24: 2358 | AB24: 3132 | AC24: 336 | AD24: 2160 | AE24: =SUM(U24:AD24) -> 9030 | AL24: STATUS OF BRC HEATS(2020-21
E25: =SUM(E10:E24) -> 16742.657 | H25: =SUM(H10:H24) -> 13283.348 | J25: =SUM(J10:J24) -> 16742.657 | T25: C-20 | X25: 157 | AB25: =3612-3132 -> 480 | AC25: 780 | AE25: =SUM(U25:AD25) -> 1417 | AM25: APR | AN25: MAY | AO25: JUN | AP25: JULY | AQ25: AUG | AR25: SEPT | AS25: OCT | AT25: NOV | AU25: DEC | AV25: JAN | AW25: FEB'20 | AX25: MARCH'20
AL26: BRC REC | AM26: 810 | AN26: 0 | AO26: 0 | AP26: 195.8 | AQ26: 528 | AR26: 2444 | AS26: 0 | AT26: 2262 | AU26: 109.51 | AV26: 1578 | AX26: 2148 | AY26: =SUM(AM26:AX26) -> 10075.31
AL27: BRC REL | AM27: 96.21 | AN27: 0 | AO27: 24.62 | AQ27: 293.72 | AR27: 206.38 | AT27: 204 | AU27: 156.46 | AV27: 1304 | AW27: 490 | AX27: 1503.63 | AY27: =SUM(AM27:AX27) -> 4279.02
F28: 2009-10 | G28: 2010-11 | H28: 2011-12 | I28: 2012-13 | J28: 2013-14 | K28: 2014-15 | T28: BRC RELEASE(TON) | AL28: BRC DESP | AN28: 447.53 | AO28: 13.5 | AQ28: 645.11 | AS28: 428.41 | AT28: 537.6 | AU28: 302.07 | AV28: 29.86 | AW28: 1627.8 | AX28: 1143.68 | AY28: =SUM(AM28:AX28) -> 5175.56
E29: LIQ | F29: 215340 | G29: 208615 | H29: 210355 | I29: 145486 | J29: 126817 | T29: GRADE | U29: APR | V29: MAY | X29: JUN | AB29: JUL | AC29: AUG | AD29: SEP | AE29: H18-19 | AP29: 20MNCR5
E30: INGOT | F30: =111582-105 -> 111477 | G30: 88162 | H30: 107812 | I30: 102922 | J30: 110820 | T30: TOTAL | U30: 1134 | V30: 482 | X30: =+X31+X32 -> 1860 | AB30: =+AB31+AB32 -> 3713 | AC30: =+AC31+AC32 -> 1466 | AD30: 2121 | AE30: =SUM(U30:AD30) -> 10776
E31: CC PRDN | F31: 93415 | G31: 112288 | H31: 92582 | I31: 32381 | J31: 11165 | T31: 45C8 | U31: 1134 | V31: 482 | X31: 1724.7 | AB31: =3713-80 -> 3633 | AC31: 331 | AD31: 2121 | AE31: =SUM(U31:AD31) -> 9425.7 | AL31: STATUS OF BRC HEATS(2020-21
E32: CRUDE | F32: =+F31+F30 -> 204892 | G32: =+G31+G30 -> 200450 | H32: =+H31+H30 -> 200394 | I32: =+I31+I30 -> 135303 | J32: =+J31+J30 -> 121985 | T32: C-20 | X32: =1860-1724.7 -> 135.3 | AB32: 80 | AC32: =1466-331 -> 1135 | AE32: =SUM(U32:AD32) -> 1350.3 | AM32: APR | AN32: MAY | AO32: JUN | AP32: JULY | AQ32: AUG | AR32: SEPT | AS32: OCT | AT32: NOV | AU32: DEC | AV32: JAN | AW32: FEB'20 | AX32: MARCH'20
E33: FINISHING | AL33: BRC REC | AM33: 0 | AN33: 732 | AO33: 0 | AP33: 0 | AQ33: 1038 | AR33: 576 | AS33: 1770 | AT33: 834 | AU33: 1956 | AV33: 1374 | AW33: 0 | AX33: 576 | AY33: =SUM(AM33:AX33) -> 8856
E34: BILLET | F34: =212391-102030 -> 110361 | G34: =96341-2190 -> 94151 | H34: 107821 | I34: =103054-323 -> 102731 | J34: 111158 | AL34: BRC REL | AM34: 96.21 | AN34: 0 | AO34: 24.62 | AQ34: 293.72 | AR34: 206.38 | AT34: 204 | AU34: 156.46 | AV34: 1304 | AW34: 490 | AX34: 1503.63 | AY34: =SUM(AM34:AX34) -> 4279.02
E35: BAR | T35: BRC DESPATCH(TON) | AL35: BRC DESP | AN35: 447.53 | AO35: 13.5 | AQ35: 645.11 | AS35: 428.41 | AT35: 537.6 | AU35: 302.07 | AV35: 29.86 | AW35: 1627.8 | AX35: 1143.68 | AY35: =SUM(AM35:AX35) -> 5175.56
E36: FORGE | F36: 4309 | G36: 4577 | H36: 5882 | I36: 5513 | J36: 6852 | T36: GRADE | U36: APR | V36: MAY | X36: JUN | AB36: JUL | AC36: AUG | AD36: SEP | AE36: H18-19
E37: CC | F37: 93889 | G37: 111575 | H37: 92582 | I37: =28759+3385 -> 32144 | J37: 11116 | T37: TOTAL | U37: 1040 | V37: 538 | X37: =+X38+X39 -> 1494 | AB37: =+AB38+AB39 -> 3471 | AC37: =+AC38+AC39 -> 1546 | AD37: =+AD38+AD39 -> 2261 | AE37: =SUM(U37:AD37) -> 10350
E38: PLATE | F38: 2192 | G38: 2133 | H38: 1628 | I38: 1794 | J38: 1887 | T38: 45C8 | U38: 1040 | V38: 538 | X38: =1494-28 -> 1466 | AB38: 3290 | AC38: =1546-132 -> 1414 | AD38: =2261-137 -> 2124 | AE38: =SUM(U38:AD38) -> 9872
B39: ELEMENT | E39: INGOT | F39: 1640 | G39: =2022+2190 -> 4212 | H39: =1732+73 -> 1805 | I39: =2411+392 -> 2803 | J39: 2263 | T39: C-20 | X39: 28 | AB39: 181 | AC39: 132 | AD39: 137 | AE39: =SUM(U39:AD39) -> 478
B40: CC | D40: CC | F40: =SUM(F34:F39) -> 212391 | G40: =SUM(G34:G39) -> 216648 | H40: =SUM(H34:H39) -> 209718 | I40: =SUM(I34:I39) -> 144985 | J40: =SUM(J34:J39) -> 133276
B41: AC | D41: AC
B42: CH | D42: CHS | E42: =3098.693+818.125 -> 3916.818 | G42: =503.305+162.29 -> 665.595 | I42: 254.3 | J42: 2715.425 | K42: =+J42+I42+H42+G42+F42+E42 -> 7552.138
B43: SPRING | D43: SPR STEEL | E43: =1371.784+277.63 -> 1649.414 | F43: =5.18+54 -> 59.18 | G43: =192.67+15.22 -> 207.89 | I43: =506.15+97.1 -> 603.25 | K43: =+J43+I43+H43+G43+F43+E43 -> 2519.734
B44: B/BEARING' | D44: BALL BEARING | G44: =1037.339+199.99 -> 1237.329 | K44: =+J44+I44+H44+G44+F44+E44 -> 1237.329 | S44: APR | T44: MAY | U44: JUN | V44: JUL | W44: AUG | X44: SEP | AB44: H18-19 | AC44: OCT | AD44: NOV | AE44: DEC | AF44: JAN | AG44: FEB | AH44: MAR | AI44: 18-19 | AJ44: AS PER SYSTEM | AK44: AS PER SMS
B45: TOOL STEEL | D45: TOOL STEELS | G45: =110.024+45.3 -> 155.324 | H45: =29.12+9.68 -> 38.8 | K45: =+J45+I45+H45+G45+F45+E45 -> 194.124 | S45: 2201 | T45: 0 | U45: 3584 | V45: 3303 | W45: 3492 | X45: 2911 | AB45: =S45+T45+U45+V45+W45+X45 -> 15491 | AC45: 2735 | AD45: 3031 | AE45: 2939 | AF45: 3921 | AG45: 1392 | AH45: 2568 | AI45: =+AB45+AC45+AD45+AE45+AF45+AG45+AH45 -> 32077 | AJ45: 33653 | AK45: 32094.1
B46: STN' | D46: STN | E46: =444.006+139.85 -> 583.856 | G46: =38.165+34.91 -> 73.075 | H46: =3.74+20.94 -> 24.68 | K46: =+J46+I46+H46+G46+F46+E46 -> 681.611 | AJ46: POURING WT | AK46: 28699.5
B47: OTHERS | D47: OTHERS | E47: =331.421+40.45 -> 371.871 | G47: 31.51 | H47: =974.182+321.53 -> 1295.712 | I47: =41.2+339.22 -> 380.42 | J47: =6962.655+3376.805 -> 10339.46 | K47: =+J47+I47+H47+G47+F47+E47 -> 12418.973 | AC47: AS PER SYSTEM | AD47: AS PER SMS
B48: GRAND TOTAL | E48: =SUM(E42:E47) -> 6521.959 | F48: =SUM(F42:F47) -> 59.18 | G48: =SUM(G42:G47) -> 2370.723 | H48: =SUM(H42:H47) -> 1359.192 | I48: =SUM(I42:I47) -> 1237.97 | J48: =SUM(J42:J47) -> 13054.885 | K48: =SUM(K42:K47)-87 -> 24516.909 | S48: APR | T48: MAY | U48: JUN | V48: JUL | W48: AUG | X48: SEP | Y48: OCT | Z48: NOV | AA48: DEC | AB48: H19-20
S49: 831 | T49: 2397 | U49: 2336 | V49: 3116 | W49: 3409 | X49: 2833 | Y49: 1708 | Z49: 3418 | AA49: 2471 | AB49: =S49+T49+U49+V49+W49+X49+Y49+Z49+AA49 -> 22519 | AC49: 15949 | AD49: 14923.61
AC50: POUR WT | AD50: 13645.05
E53: GRADE GROUP-WISE SALEABLE REPORT FOR 2013-14
B54: ELEMENT | E54: BILLET | F54: BAR | G54: FORGE | H54: PLT | I54: ING | J54: CCS | K54: TOTAL
B55: CC | D55: CC | E55: 76528 | F55: 125 | G55: 3525 | H55: 90 | I55: 790 | K55: =+J55+I55+H55+G55+F55+E55 -> 81058
B56: AC | D56: AC | E56: =8852-187 -> 8665 | F56: 150 | G56: 580 | H56: 80 | I56: 150 | J56: 1502 | K56: =+J56+I56+H56+G56+F56+E56 -> 11127
B57: CH | D57: CHS | E57: 3316 | G57: 0 | I57: 300 | J57: =1713+201+1037 -> 2951 | K57: =+J57+I57+H57+G57+F57+E57 -> 6567
B58: SPRING | D58: SPR STEEL | E58: 500 | F58: 60 | G58: 740 | I58: 700 | K58: =+J58+I58+H58+G58+F58+E58 -> 2000
B59: B/BEARING' | D59: BALL BEARING | E59: 700 | G59: 525 | K59: =+J59+I59+H59+G59+F59+E59 -> 1225
B60: TOOL STEEL | D60: TOOL STEELS | E60: 187 | G60: 0 | H60: 13 | K60: =+J60+I60+H60+G60+F60+E60 -> 200
B61: STN' | D61: STN | E61: 597 | G61: 75 | H61: 36 | K61: =+J61+I61+H61+G61+F61+E61 -> 708 | N61: =114346-708-11127 -> 102511
B62: OTHERS | D62: OTHERS | E62: =92882-90493 -> 2389 | G62: 32 | H62: =1411+33 -> 1444 | I62: =353 -> 353 | J62: =5066+303+107+141+1626 -> 7243 | K62: =+J62+I62+H62+G62+F62+E62 -> 11461 | N62: 708
B63: GRAND TOTAL | E63: =SUM(E55:E62) -> 92882 | F63: =SUM(F55:F62) -> 335 | G63: =SUM(G55:G62) -> 5477 | H63: =SUM(H55:H62) -> 1663 | I63: =SUM(I55:I62) -> 2293 | J63: =SUM(J55:J62) -> 11696 | K63: =SUM(K55:K62) -> 114346 | N63: 11127
N64: =+N63+N62+N61 -> 114346
E67: GRADE GROUP-WISE SALEABLE REPORT FOR 2014-15 Q1
B68: ELEMENT | E68: BILLET | F68: BAR | G68: FORGE | H68: PLT | I68: ING | J68: CCS | K68: TOTAL
B69: CC | D69: CC | E69: 10500 | F69: 74 | G69: =850-59 -> 791 | H69: 0 | I69: 550 | K69: =+J69+I69+H69+G69+F69+E69 -> 11915
B70: AC | D70: AC | E70: 3260 | F70: 0 | G70: 205 | H70: =19+0.128+9.762+3.112+25-4 -> 53.002 | I70: 370 | J70: 0 | K70: =+J70+I70+H70+G70+F70+E70 -> 3888.002
B71: CH | D71: CHS | E71: 1602 | G71: 40 | I71: 0 | J71: 0 | K71: =+J71+I71+H71+G71+F71+E71 -> 1642
B72: SPRING | D72: SPR STEEL | E72: 1050 | F72: 0 | G72: 10 | I72: 0 | K72: =+J72+I72+H72+G72+F72+E72 -> 1060
B73: B/BEARING' | D73: BALL BEARING | E73: 0 | G73: 110 | K73: =+J73+I73+H73+G73+F73+E73 -> 110
B74: TOOL STEEL | D74: TOOL STEELS | E74: 0 | G74: 0 | H74: 5.628 | K74: =+J74+I74+H74+G74+F74+E74 -> 5.628
B75: STN' | D75: STN | E75: 80 | G75: 25 | H75: 0 | K75: =+J75+I75+H75+G75+F75+E75 -> 105
B76: OTHERS | D76: OTHERS | E76: =17574-16492 -> 1082 | G76: 32 | H76: =131+79+117+28.812 -> 355.812 | I76: =1097-920 -> 177 | J76: =339 -> 339 | K76: =+J76+I76+H76+G76+F76+E76 -> 1985.812
B77: GRAND TOTAL | E77: =SUM(E69:E76) -> 17574 | F77: =SUM(F69:F76) -> 74 | G77: =SUM(G69:G76) -> 1213 | H77: =SUM(H69:H76) -> 414.442 | I77: =SUM(I69:I76) -> 1097 | J77: =SUM(J69:J76) -> 339 | K77: =SUM(K69:K76) -> 20711.442
E81: GRADE GROUP-WISE SALEABLE REPORT FOR JULY'14
B82: ELEMENT | E82: BILLET | F82: BAR | G82: FORGE | H82: PLT | I82: ING | J82: CCS | K82: TOTAL
B83: CC | D83: CC | E83: =10500+6000-9 -> 16491 | F83: 74 | G83: =850-59+150-44 -> 897 | H83: =565-486 -> 79 | I83: =550+150 -> 700 | K83: =+J83+I83+H83+G83+F83+E83 -> 18241
B84: AC | D84: AC | E84: 3660 | F84: 0 | G84: =205+80+45 -> 330 | H84: =20 -> 20 | I84: =370+90 -> 460 | J84: 0 | K84: =+J84+I84+H84+G84+F84+E84 -> 4470
B85: CH | D85: CHS | E85: 1602 | G85: 65 | H85: 40 | I85: 30 | J85: 0 | K85: =+J85+I85+H85+G85+F85+E85 -> 1737
B86: SPRING | D86: SPR STEEL | E86: 1050 | F86: 0 | G86: =10 -> 10 | I86: 0 | K86: =+J86+I86+H86+G86+F86+E86 -> 1060
B87: B/BEARING' | D87: BALL BEARING | E87: 0 | G87: =110+150 -> 260 | K87: =+J87+I87+H87+G87+F87+E87 -> 260
B88: TOOL STEEL | D88: TOOL STEELS | E88: 0 | G88: 0 | H88: 5.628 | K88: =+J88+I88+H88+G88+F88+E88 -> 5.628
B89: STN' | D89: STN | E89: 101 | G89: 25 | H89: 0 | K89: =+J89+I89+H89+G89+F89+E89 -> 126
B90: OTHERS | D90: OTHERS | E90: =17574-16492 -> 1082 | G90: 32 | H90: =131+79+117+28.812+65 -> 420.812 | I90: =1412-1190 -> 222 | J90: =339 -> 339 | K90: =+J90+I90+H90+G90+F90+E90 -> 2095.812
B91: GRAND TOTAL | E91: =SUM(E83:E90) -> 23986 | F91: =SUM(F83:F90) -> 74 | G91: =SUM(G83:G90) -> 1619 | H91: =SUM(H83:H90) -> 565.44 | I91: =SUM(I83:I90) -> 1412 | J91: =SUM(J83:J90) -> 339 | K91: =SUM(K83:K90) -> 27995.44
E96: GRADE GROUP-WISE SEALABLE REPORT 2014-15
B97: ELEMENT | E97: APRIL'14 | F97: MAY'14 | G97: JUNE'14 | H97: JULY'14 | I97: AUGUST'14 | J97: SEPT'14 | K97: TOTAL
B98: CC | D98: CC | E98: =111.73+44.78+51.1+43.24+460.36+1746.96+53.9+16+22.5+21.2+16.25+72+2393 -> 5053.02 | F98: =110.75+11.05+9.06+57.84+19.03+25.11+58.879+1+46.54+572.46+387.92+21.72+119.54+25.42+60.97+40.46+8.1+34.43+41.37+84.68+574.34+1335.21+35.25+28.78+9.1+176.4+13.9+105.1+281.47+124.65+843 -> 5263.529 | G98: =16.43+177.57+13.19+53.85+18.99+147.76+289.09+129.71+242.99+93.22+48.5+10.27+55.95+43.07+287.68+51.78+27.14+6.76+3.77+19.14+22.93+14.33+476.33+81.26+49.2+37.35+55.8+32.54+118.8+34.2+13.6+73.65+700 -> 3446.85 | H98: =7263-3132 -> 4131 | I98: =72.49+158.18+187.35+371.9+299.49+142.69+314.89+177.65+25.03+45.8+6.21+16.63+38.75+66.52+445.59+2281.99+93.6+43+39.59+16+80+124.4+60+53 -> 5160.75 | J98: =154.99+13.31+80.06+5.36+343.05+249.85+692.2+16.91+23.3+60.09+41.77+37.74+453.56+584.25+3.9+54.44+126.23+20.58+54.2+49.6+24.3+138.15+0+2954 -> 6181.84 | K98: =+J98+I98+H98+G98+F98+E98 -> 29236.989
B99: AC | D99: AC | E99: =14.53+132.29+168.61+26.33+65.49+25.3+18.14+40.08+7.22+25.48+16.32+286.33+56.73 -> 882.85 | F99: =71.23+188.66+64.79+155.64+22.11+39.44+108.79+117.82+57.34+36.93+19.61+9.77+41.29+37.5+57.05+7.5+237.95+7.11+53.25+46.1+44.55 -> 1424.43 | G99: =29.93+40.37+67.61+98.3+20.1+151.59+27.89+20.61+9.33+36.49+3.25+14.56+78.15+44.55+10.1+27.43+54.11+17.6+13.6+3.2 -> 768.77 | H99: =13.22+83.16+43.73+385.44+88.84+22.52+17.05+57.01+469.15+32.4+49.3+46.8+49.85+68.32+59.32+328.83+7+183.15 -> 2005.09 | I99: =40.46+35.54+71.94+66.09+173.32+231.32+65.1+131.09+64.85+106.32+42.4+75.3+34.96+46.86+51.1+8.1+46.1+34.4+115.53+36+202.94+192.81 -> 1872.53 | J99: =44.37+46.1+334.6+69.89+61.14+68.58+10.85+16.1+154.73+37.23+31.59+273.07+42+30.35+16.15+76.75+49.2+49.2+40.95+19.06 -> 1471.91 | K99: =+J99+I99+H99+G99+F99+E99 -> 8425.58
B100: CH | D100: CHS | E100: =107.7+151.82 -> 259.52 | F100: =66.64+40.16+38.8+142.12+31.47+280.71+41.28+5.6+33.17 -> 679.95 | G100: =45.15+42.668+42.07+152.57+99.11+79.66+42.18 -> 503.408 | H100: =23.26+20.5+40.01+40+12.72+117.37+35.8+55.34+119.8 -> 464.8 | I100: =86.59+37.8+82.55+87.99+21.34+0 -> 316.27 | J100: =38.18+32.62+64.6+18.5+14.48+44.06+41.2+19.37+167.08+84.8+67.14 -> 592.03 | K100: =+J100+I100+H100+G100+F100+E100 -> 2815.978
B101: SPRING | D101: SPR STEEL | E101: =26.35+25.65 -> 52 | F101: =32.4+70.31+24.86+337.17+72.9 -> 537.64 | G101: =40.59+19.73+338.85+0 -> 399.17 | H101: =59.57+81+305.9 -> 446.47 | I101: =73.48+115.53+110.1 -> 299.11 | J101: =34.84+44.76+150.65+0 -> 230.25 | K101: =+J101+I101+H101+G101+F101+E101 -> 1964.64
B102: B/BEARING' | D102: BALL BEARING | F102: =11.2+5.5 -> 16.7 | G102: 15.6 | H102: =9.71+40.9 -> 50.61 | I102: =23.04+53.1+0 -> 76.14 | J102: =20.4+46.4+5.7+0 -> 72.5 | K102: =+J102+I102+H102+G102+F102+E102 -> 231.55
B103: TOOL STEEL | D103: TOOL STEELS | E103: =7.1+31.2+3.69 -> 41.99 | F103: =9.6+20.8+22.92 -> 53.32 | G103: =18.25+12.8+0 -> 31.05 | H103: =60.25+0 -> 60.25 | I103: 22.7 | K103: =+J103+I103+H103+G103+F103+E103 -> 209.31
B104: STN' | D104: STN | E104: 28.76 | G104: 14.83 | I104: 21.09 | J104: 62.1 | K104: =+J104+I104+H104+G104+F104+E104 -> 126.78
B105: OTHERS | D105: OTHERS | E105: =19.17+170.48+52.58+124.36 -> 366.59 | F105: =13.38+45.8 -> 59.18 | G105: =117.22+11.25+109.35+575 -> 812.82 | H105: =86.57+18.7 -> 105.27 | I105: =7.71+104.33+15.4+68.67 -> 196.11 | J105: =45.92+54.8+53.41+49.7+0 -> 203.83 | K105: =+J105+I105+H105+G105+F105+E105 -> 1743.8
B106: GRAND TOTAL | E106: =SUM(E98:E105) -> 6684.73 | F106: =SUM(F98:F105) -> 8034.749 | G106: =SUM(G98:G105) -> 5992.498 | H106: =SUM(H98:H105) -> 7263.49 | I106: =SUM(I98:I105) -> 7964.7 | J106: =SUM(J98:J105) -> 8814.46 | K106: =SUM(K98:K105) -> 44754.627 | N106: 44770
E110: GRADE GROUP-WISE DESPATCH 2014-15
B111: ELEMENT | E111: APRIL'14 | F111: MAY'14 | G111: JUNE'14 | H111: JULY'14 | I111: AUGUST'14 | J111: SEPT'14 | K111: TOTAL
B112: CC | D112: CC | E112: 5068.7 | F112: 3540.724 | G112: =2723.425+10.4 -> 2733.825 | H112: 7682.6 | I112: 5878.605 | J112: 2685.689 | K112: =+J112+I112+H112+G112+F112+E112 -> 27590.143
B113: AC | D113: AC | E113: 1225.448 | F113: 1198.413 | G113: 1477.259 | H113: 1673.437 | I113: 2280.54 | J113: 1564.578 | K113: =+J113+I113+H113+G113+F113+E113 -> 9419.675
B114: CH | D114: CHS | E114: 309.83 | F114: 598.88 | G114: 666.27 | H114: 397.6 | I114: 461.8 | J114: 607 | K114: =+J114+I114+H114+G114+F114+E114 -> 3041.38
...

Sheet STOCK 4 YRS
C5: SAIL/ASP
Q7: Sir
C8: SALEABLE STOCK AS ON 31.07.2016
Q9: the details are as given below
C10: PARTICULARS | D10: QTY (T) | Q10: CUST_REGION | R10: PPC_CUST_CD | S10: MAIN_PARTY_NAME | T10: CMO_CUST_CD | U10: ASP_TIN | V10: CMO_TIN | W10: Correct TIN | X10: ASP_CST | Y10: CMO_CST | Z10: Correct CST | AA10: ADDRESS
C12: PLANT STOCK | D12: 21697 | Q12: NR | R12: 110 | S12: BRANCH MANAGER / BSO / SAIL / DELHI | T12: 1000005451 | U12: 7890025639 | V12: 11111111111 | W12: 7890025639 | X12: 7890025639 | Y12: 7890025639 | Z12: 7890025639 | AA12: 18th FLOOR, SCOPE MINAR CORE -1, LAKSHMI NAGAR DISTRICT CENTER, Delhi -110092
C13: VENDORS STOCK | D13: 2250 | Q13: NR | R13: 112 | S13: DELHI STOCKYARD | T13: 1000000766 | U13: 7890025639 | V13: . | W13: 7890025639 | X13: 7890025639 | Y13: . | Z13: 7890025639 | AA13: PLOT B4-B8,OKHLA INDUSTRIAL AREA PHASE-1,NEW DELHI-110020
C14: STOCK YARD | D14: 1207 | Q14: NR | R14: 1110 | S14: BRANCH MANAGER,BSO,FARIDABAD | T14: 1000005445 | V14: 11111111111 | W14: 6551200464 | X14: 1201424 | Y14: . | Z14: 6551200464 | AA14: GOVIND BHAWAN, NEELAM CHOWK NIT Faridabad 121001
C15: SSP STOCK | D15: 403 | Q15: NR | R15: 1111 | S15: FARIDABAD STOCK YARD | T15: 1000042411 | U15: 6551200464 | V15: . | W15: 6551200464 | Y15: AL5138174 | Z15: 6551200464 | AA15: PLOT-4 , SECTOR-5, BEHIND GOOD BALLABHGARH Faridabad HARYANA
C16: TOTAL | D16: =SUM(D12:D15) -> 25557 | Q16: NR | R16: 1330 | S16: BSO, KANPUR, | T16: 1000005401 | U16: 9841400693 | V16: 11111111111 | W16: 9841400693 | X16: KR 5278146 DT:1/6/78 | Y16: . | Z16: KR 5278146 DT:1/6/78 | AA16: SAIL,16/98,MG MARG,LIC BUILDING Kanpur Nagar UTTAR PARADESH
Q17: NR | R17: 1331 | S17: KANPUR STOCKYSRD | T17: 1000053021 | U17: 9841400693 | V17: 9841400693 | W17: 9841400693 | X17: KR 5278146 DT:1/6/78 | Y17: 0 | Z17: KR 5278146 DT:1/6/78 | AA17: PANKI , PO GANGAGANJ, NR BAHUTI CHUNGI, KANPUR 208020 Kanpur Nagar UTTAR PARADESH
Q18: NR | R18: 3110 | S18: BRANCH MANAGER,BSO,SAIL,GHAZIABAD | T18: 1000000834 | U18: 9990900028 | V18: 9990900028 | W18: 9990900028 | Y18: GD5097193 | Z18: GD5097193 | AA18: GDA COMMERCIAL COMPLEX (1ST FLOOR),NAVYUG MARKET Ghaziabad UTTAR PRADESH
Q19: NR | R19: 9110 | S19: BSO ,LUDHIANA | T19: 1000005455 | U19: 3541065980 | V19: 11111111111 | W19: 3541065980 | Y19: . | Z19: 3541065980 | AA19: DHYAN SINGH COMPLEX 2ND FLOOR OPP BUS STAND Ludhiana PUNJAB
D20: (B.ACHARJEE) | Q20: NR | R20: 9111 | S20: WHM LUDHIANA | T20: 1000000788 | U20: 3541065980 | V20: 3541065980 | W20: 3541065980 | Y20: . | Z20: 3541065980 | AA20: PUNJAB SMALL INDUSTRIAL EXPORT CORPORATION LTD DHANDARI KALAN,A-4,PHASE-5, FOCAL POINT,LUDHIANA-141010
D21: DGM I/C (PPC & PC)
Q22: regards
S24: THE FOLLOWING MATERIAL AGAINST ASOWRPSM0031617 MAY PLEASE BE DESPATACHED
C25: SALES QUANTITY (DIRECT & IPT) FOR APRIL 16 TO JULY 16 MAY BE TAKEN FROM THE | S25: TO VEHICLE FACTORY JABALPUR
C26: LDM REPORTS OF ASP (SENT FROM F & A DEPARTMENT ) ON MONTHLY BASIS | S26: MTN NO | T26: HEAT NO | U26: NO OF PCS | V26: WT NO | W26: BUNDLE NO
C27: FOR YOUR RECONCILIATION PURPOSE. | S27: 2487-16-01-01 | T27: 1630097 | U27: 20 | V27: 1.467 | W27: HA-015
S28: 2487-16-01-01 | T28: 1630097 | U28: 12 | V28: 0.877 | W28: HA-016
S29: SUB TOTAL | V29: =SUM(V27:V28) -> 2.344
S30: 2487-16-01-01 | T30: 1630102 | U30: 20 | V30: 1.471 | W30: HA-017
S31: 2487-16-01-01 | T31: 1630102 | U31: 24 | V31: 1.767 | W31: HA-018
S32: 2487-16-01-01 | T32: 1630102 | U32: 24 | V32: 1.768 | W32: HA-019
S33: 2487-16-01-01 | T33: 1630102 | U33: 20 | V33: 1.474 | W33: HA-027
S34: 2487-16-01-01 | T34: 1630102 | U34: 20 | V34: 1.473 | W34: HA-028
S35: 2487-16-01-01 | T35: 1630102 | U35: 21 | V35: 1.545 | W35: HA-029
S36: 2487-16-01-01 | T36: 1630102 | U36: 18 | V36: 1.331 | W36: HA-030
A37: MONTH-WISE INVENTORY FOR 19-20 TILL SEPT'19 | S37: 2487-16-01-01 | T37: 1630102 | U37: 17 | V37: 1.255 | W37: HA-033
B38: 01/04/2019 | C38: 01/05/2019 | D38: 01/06/2019 | E38: 01/07/2019 | F38: 01/08/2019 | G38: 01/09/2019 | H38: 01/10/2019 | S38: SUB TOTAL | V38: =SUM(V30:V37) -> 12.084
A39: BLOOM / BILLET | B39: 12555.665 | C39: 11176.94 | D39: 11735.703 | E39: 11516.033 | F39: 11489.093 | G39: 12646.543 | H39: 11556.561 | S39: 2487-1601-01 | T39: 1530588 | U39: 20 | V39: 1.508 | W39: HA-020
A40: BAR | B40: 322.197 | C40: 325.587 | D40: 321.427 | E40: 373.387 | F40: 341.607 | G40: 340.127 | H40: 340.437 | T40: GRAND TOTAL | V40: =+V39+V38+V29 -> 15.936
A41: FORGE | B41: 1426.155 | C41: 1404.5 | D41: 1304.23 | E41: 1296.477 | F41: 1370.857 | G41: 1463.887 | H41: 1577.158
A42: PLATE | B42: 1034.678 | C42: 1046.433 | D42: 967.73 | E42: 943.032 | F42: 887.346 | G42: 836.526 | H42: 826.902
A43: CC SLAB | B43: 1653.138 | C43: 1846.277 | D43: 977.733 | E43: 977.733 | F43: 971.563 | G43: 963.193 | H43: 963.193
A44: CC BLOOM | B44: 223.596 | C44: 223.596 | D44: 223.596 | E44: 224.036 | F44: 224.036 | G44: 224.036 | H44: 224.036
A45: FRG SLB | B45: 0 | C45: 0 | D45: 0 | E45: 0 | F45: 0 | G45: 0 | H45: 0
A46: SPD/JACKA SLAB | B46: 0 | C46: 0 | D46: 0 | E46: 0 | F46: 0 | G46: 0 | H46: 0
A47: JACKAL INGOT | B47: 166.21 | C47: 166.21 | D47: 0 | E47: 0 | F47: 0 | G47: 0 | H47: 0
A48: BHEL INGOT | B48: 52 | C48: 52 | D48: 52 | E48: 52 | F48: 52 | G48: 52 | H48: 52
A49: STN SLAB | B49: 184.141 | C49: 184.141 | D49: 184.141 | E49: 184.141 | F49: 184.141 | G49: 184.141 | H49: 184.141
A50: INGOT | B50: 94.48 | C50: 118.37 | D50: 285.94 | E50: 249.32 | F50: 151.45 | G50: 140.9 | H50: 174.31
A51: TOTAL | B51: =SUM(B39:B50) -> 17712.26 | C51: =SUM(C39:C50) -> 16544.054 | D51: =SUM(D39:D50) -> 16052.5 | E51: =SUM(E39:E50) -> 15816.159 | F51: =SUM(F39:F50) -> 15672.093 | G51: =SUM(G39:G50) -> 16851.353 | H51: =SUM(H39:H50) -> 15898.738
A55: MONTH-WISE INVENTORY FOR CALEDER YEAR 2018
B56: 01/01/2018 | C56: 01/02/2018 | D56: 01/03/2018 | E56: 01/04/2018 | F56: 01/05/2018 | G56: 01/06/2018 | H56: 01/07/2018 | I56: 01/08/2018 | J56: 01/09/2018 | K56: 01/10/2018 | L56: 01/11/2018 | M56: 01/12/2018
A57: BLOOM / BILLET | B57: 14466.547 | C57: 13651.412 | D57: 13451.389 | E57: 10179.789 | F57: 11730.319 | G57: 11580.808 | H57: 13284.184 | I57: 11044.104 | J57: 10585.799 | K57: 12450.844 | L57: 12626.814 | M57: 13412.719
A58: BAR | B58: 148.333 | C58: 167.673 | D58: 161.853 | E58: 160.853 | F58: 167.133 | G58: 167.762 | H58: 167.133 | I58: 146.383 | J58: 136.563 | K58: 141.013 | L58: 141.013 | M58: 169.631
A59: FORGE | B59: 1589.261 | C59: 1701.031 | D59: 1590.301 | E59: 1650.851 | F59: 1603.691 | G59: 1616.351 | H59: 1517.307 | I59: 1566.777 | J59: 1613.567 | K59: 1630.907 | L59: 1737.137 | M59: 1652.269
A60: PLATE | B60: 1073.8124 | C60: 1171.8284 | D60: 1223.5534 | E60: 1224.8444 | F60: 1255.4121 | G60: 1324.5921 | H60: 1181.1458 | I60: 1208.0408 | J60: 1174.6558 | K60: 1253.1698 | L60: 1250.8278 | M60: 1229.2278
A61: CC SLAB | B61: 2677.078 | C61: 2809.198 | D61: 2899.288 | E61: 2531.278 | F61: 2391.728 | G61: 1983.018 | H61: 2391.768 | I61: 2404.933 | J61: 2425.093 | K61: 2404.263 | L61: 2356.743 | M61: 2356.743
A62: CC BLOOM | B62: 336.568 | C62: 335.998 | D62: 335.998 | E62: 685.478 | F62: 805.648 | G62: 829.149 | H62: 345.418 | I62: 642.918 | J62: 279.128 | K62: 414.648 | L62: 588.968 | M62: 367.428
A63: FRG SLB | B63: 156.06 | C63: 86.61 | D63: 164.11 | E63: 73.83 | F63: 36.68 | G63: 54.19 | H63: 15.06 | I63: 11.5 | J63: 11.5 | K63: 11.5 | L63: 0 | M63: 0
A64: SPD/JACKA SLAB | B64: 0 | C64: 0 | D64: 0 | E64: 0 | F64: 0 | G64: 0 | H64: 0 | I64: 0 | J64: 0 | K64: 0 | L64: 0 | M64: 0
A65: JACKAL INGOT | B65: 73 | C65: 73 | D65: 73 | E65: 73 | F65: 73 | G65: 73 | H65: 73 | I65: 73 | J65: 73 | K65: 73 | L65: 73 | M65: 73
A66: BHEL INGOT | B66: 52 | C66: 52 | D66: 52 | E66: 52 | F66: 52 | G66: 52 | H66: 52 | I66: 52 | J66: 52 | K66: 52 | L66: 52 | M66: 52
A67: STN SLAB | B67: 177 | C67: 177 | D67: 177 | E67: 177 | F67: 177 | G67: 177 | H67: 177 | I67: 177 | J67: 177 | K67: 177 | L67: 177 | M67: 177
A68: INGOT | B68: 441.323 | C68: 478.793 | D68: 471.413 | E68: 345.283 | F68: 327.243 | G68: 352.953 | H68: 333.383 | I68: 303.833 | J68: 313.643 | K68: 366.853 | L68: 353.403 | M68: 343.233
A69: TOTAL | B69: =SUM(B57:B68) -> 21190.982 | C69: =SUM(C57:C68) -> 20704.543 | D69: =SUM(D57:D68) -> 20599.906 | E69: =SUM(E57:E68) -> 17154.207 | F69: =SUM(F57:F68) -> 18619.854 | G69: =SUM(G57:G68) -> 18210.823 | H69: =SUM(H57:H68) -> 19537.399 | I69: =SUM(I57:I68) -> 17630.489 | ... M69: =SUM(M57:M68) -> 19833.251
A79: status of Low Carbon steel
A80: CHANDI STEEL
B81: order recd | C81: casting | D81: Rel ton | E81: Despatch | F81: bal | G81: READY
B82: 2000 | C82: 1968 | D82: 1926 | E82: 1920 | F82: 80 | G82: 6.06
A83: TIL | B83: 1000 | C83: 727 | D83: 618 | E83: =379+198 -> 577 | F83: 620 | G83: =+D83-E83 -> 41
B109: STOCK OF WAP AT CONDG
B110: HEAT NO | C110: NO OF PCS | D110: WT/PC | E110: TOT WT
B111: 2220222 | C111: 12 | D111: 4.05 | E111: =+D111*C111 -> 48.6
B112: 2220223 | C112: 13 | D112: 4.05 | E112: =+D112*C112 -> 52.65
B113: 2220224 | C113: 12 | D113: 4.05 | E113: =+D113*C113 -> 48.6
B114: 2220225 | C114: 13 | D114: 4.05 | E114: =+D114*C114 -> 52.65
E115: =SUM(E111:E114) -> 202.5
B122: 2230236 | C122: 13 | D122: 4.05 | E122: =+D122*C122 -> 52.65
B123: 2230237 | C123: 12 | D123: 4.05 | E123: =+D123*C123 -> 48.6
B124: 2230238 | C124: 13 | D124: 4.05 | E124: =+D124*C124 -> 52.65
B125: 2230239 | C125: 13 | D125: 4.05 | E125: =+D125*C125 -> 52.65
B126: 2230240 | C126: 13 | D126: 4.05 | E126: =+D126*C126 -> 52.65
B127: 2230241 | C127: 13 | D127: 4.05 | E127: =+D127*C127 -> 52.65
B128: 2230242 | C128: 13 | D128: 4.05 | E128: =+D128*C128 -> 52.65
E129: =SUM(E122:E128) -> 364.5
B133: 2210092 | C133: 13 | D133: 4.05 | E133: =+D133*C133 -> 52.65
B136: TOTAL | E136: =+E133+E129+E115 -> 619.65
A152: B RC/CC BLOOMS OF DSP /BSP (T)
B153: BSP | C153: DSP
A154: AS ON 01/04/2021 | B154: 2276 | C154: =3340+140 -> 3480 | D154: 4140 -144T
A155: AS ON 01/04/2022 | B155: 223 | C155: 1046 | D155: C-45
A156: AS ON 01/04/2023 | B156: 1476 | C156: 780 | D156: C-45
A157: AS ON 01/04/2024 | B157: =1044+795 -> 1839 | C157: 1048 | D157: IN BSP C-45 1044T
D158: EN 19 795T
F168: SAIL/ASP/PPCD
F170: INTERMEDIARY PRODUCTS CONSUMPTION 2025-26 (UPTO Q3)
F172: PRODUCT | G172: HOT METAL | H172: DSP INGOTS | I172: DSP 45C8/CL-II BLOOMS | J172: BSP BLOOMS (45C8) | K172: BSP BLOOMS (EN-19)
G173: QTY | H173: QTY | I173: QTY | J173: QTY | K173: QTY
G174: T | H174: T | I174: T | J174: T | K174: T
F175: OP BAL-01.04.2025 | G175: 0 | H175: 702.1 | I175: 6766.8 | J175: 2039.75 | K175: 0
F176: RECEIPT - UPTO 31.12.2025 | G176: 23024.58 | H176: 6716.6 | I176: 764.3 | J176: 5226.55 | K176: 5365.95
F177: TOTAL | G177: =+G176+G175 -> 23024.58 | H177: =+H176+H175 -> 7418.7 | I177: =+I176+I175 -> 7531.1 | J177: =+J176+J175 -> 7266.3 | K177: =+K176+K175 -> 5365.95
F178: CONSUMPTION | G178: 23024.58 | H178: 6839 | I178: 3801.4397 | J178: 6961.6171 | K178: 4620.7867
F179: CLOSING BALANCE -31.12.2025 | G179: =+G177-G178 -> 0 | H179: =+H177-H178 -> 579.7 | I179: =+I177-I178 -> 3729.6603 | J179: =+J177-J178 -> 304.68294 | K179: =+K177-K178 -> 745.16326

Sheet MIS MONTH WISE FUEL NMGCAL 
A1: स्टील अथॉरिटी ऑफ इंडिया लिमिटेड / STEEL AUTHORITY OF INDIA LIMITED | AJ1: 1 | AK1: 2 | AL1: =+AM1*AK1/100 -> 3419.4 | AM1: 170970 | AO1: =2500/170970 -> 0.014622448
A2: एलॉय स्टील्स प्लांट / ALLOY STEELS PLANT | AJ2: 2 | AK2: 2 | AL2: =+AM2*AK2/100 -> 3419.4 | AM2: 170970 | AP2: =3500*12 -> 42000 | AQ2: =42000/170970 -> 0.24565713
A3: दुर्गापुर / DURGAPUR | AJ3: 3 | AK3: 2 | AL3: =+AM3*AK3/100 -> 3419.4 | AM3: 170970
A4: FOR : SUNIL SINGHAL GM (SPECIAL STEELS), SAIL, NEW DELHI | M4: PRODUCTION PERFORMANCE 23-24&TILL DATE | AG4: =11410+127-2520 -> 9017 | AJ4: 4 | AL4: =+AM4*AK4/100 -> 0 | AR4: 03.09.2020 | BO4: 0
M5: ITEM | O5: ABP | P5: ACT 23-24 | Q5: RATE | R5: % ABP | AJ5: 5 | AK5: 0 | AL5: =+AM5*AK5/100 -> 0 | AM5: 170970
M6: ='DAILY FLASH'!AX2 -> CRUDE | O6: ='DAILY FLASH'!AZ2 -> 150797 | P6: ='DAILY FLASH'!BA2 -> 21246.991 | Q6: ='DAILY FLASH'!BB2 -> 127133.63 | R6: ='DAILY FLASH'!BC2 -> 84.307801 | AJ6: 6 | AK6: 5 | AL6: =+AM6*AK6/100 -> 8548.5 | AM6: 170970
M7: ='DAILY FLASH'!AX3 -> SAL. | O7: ='DAILY FLASH'!AZ3 -> 146285 | P7: ='DAILY FLASH'!BA3 -> 22620.088 | Q7: ='DAILY FLASH'!BB3 -> 133159.76 | R7: ='DAILY FLASH'!BC3 -> 91.027626 | AJ7: 7 | AK7: 4 | AL7: =+AM7*AK7/100 -> 6838.8 | AM7: 170970 | AS7: =1.5+5+2+5+4+2+4 -> 23.5
A8: =IF($G$114=1,G115,(IF($G$114=2,G117,IF($G$114=3,G119)))) -> RAJESH KUMAR( DGM PPCD ,SHIPPING& PC) | M8: PRODUCTION PERFORMANCE OF MAY'23 | T8: FOR | Z8: =J9 -> 11/07/24 | AA8: CRUDE | AB8: =+D25 -> 565.15 | AC8: SALEABLE | AD8: =D38 -> 459.245 | AE8: DESPATCH | AF8: =D39 -> 403.18 | AJ8: 8 | AK8: 2 | AL8: =+AM8*AK8/100 -> 3419.4 | AM8: 170970
A9: DAILY SUMMARY MIS REPORT FOR | J9: 11/07/24 | M9: ITEM | O9: ABP | P9: ACTUAL | Q9: % ABP | AJ9: 9 | AK9: 4 | AL9: =+AM9*AK9/100 -> 6838.8 | AM9: 170970
G10: दैनिक एम आई एस् रिपोर्ट | M10: CRUDE STEEL | O10: ='DAILY FLASH'!AQ20 -> 11612 | P10: ='DAILY FLASH'!AN20 -> 10759.191 | Q10: ='DAILY FLASH'!AS20 -> 92.655796 | AJ10: 10 | AK10: 9 | AL10: =+AM10*AK10/100 -> 15387.3 | AM10: 170970 | AP10: =11.5*170970% -> 19661.55
D11: PRODUCTION PERFORMANCE | M11: SALEABLE ST. | O11: ='DAILY FLASH'!AQ56 -> 11340 | P11: =E38 -> 11402.187 | Q11: ='DAILY FLASH'!AS56 -> 100.54839 | AJ11: 11 | AL11: =+AM11*AK11/100 -> 0 | AR11: 319.3 | BB11: 149.45
AJ12: 12 | AL12: =+AM12*AK12/100 -> 0
A13: PARAMETERS | B13: UNIT | C13: ON DATE | F13: MONTHLY | I13: ACTUAL | L13: REASONS FOR SHORTFALL | R13: DUR(HRS) | AJ13: 13 | AK13: 5 | AL13: =+AM13*AK13/100 -> 8548.5 | AM13: 170970 | AR13: MONTHLY | BB13: 141.75
C14: ABP | D14: ='md cell'!D7 -> ON DT | E14: ='md cell'!F7 -> CUMM | F14: ABP | G14: RATE | H14: %FUL | I14: ='DAILY FLASH'!AU11 -> CPLY | J14: ='DAILY FLASH'!AT10 -> April'26 | AK14: =SUM(AK1:AK13) -> 35 | AR14: ABP | BB14: ACT | BH14: 1
A15: SMS-CCS:
A16: LIQUID STEEL | B16: T | C16: ='DAILY FLASH'!AK12 -> 385.80645 | D16: ='DAILY FLASH'!AK9 -> 0 | E16: ='DAILY FLASH'!AN12 -> 11200.83 | F16: ='DAILY FLASH'!AQ12 -> 11960 | G16: ='DAILY FLASH'!AR12 -> 11200.83 | H16: =G16/F16*100 -> 93.652425 | I16: ='DAILY FLASH'!AU12 -> 11206.97 | J16: ='DAILY FLASH'!AT12 -> 10885.645 | T16: 1561 | AR16: 8313 | BB16: 1582.411
A17: STN . LIQUID | C17: =+C28*52 -> 51.612903 | D17: ='DAILY FLASH'!AL13 -> 0 | E17: ='DAILY FLASH'!AN13 -> 107.15 | F17: ='DAILY FLASH'!AQ13 -> 0 | G17: ='DAILY FLASH'!AR13 -> 0 | I17: ='DAILY FLASH'!AU13 -> 51.6 | J17: ='DAILY FLASH'!AT13 -> 0 | T17: =249*0.8 -> 199.2 | Z17: 1421 | AA17: FUEL | AJ17: 1 | AK17: 5 | AL17: =+AM17*AK17/100 -> 8548.5 | AM17: 170970 | AR17: 200 | BB17: 0
A18: INGOT | B18: T | C18: ='DAILY FLASH'!AK14 -> 355 | D18: ='DAILY FLASH'!AL14 -> 565.15 | E18: ='DAILY FLASH'!AN14 -> 10359.72 | F18: ='DAILY FLASH'!AQ14 -> 11005 | G18: ='DAILY FLASH'!AR14 -> 10359.72 | H18: =G18/F18*100 -> 94.136483 | I18: ='DAILY FLASH'!AU14 -> 10052.6 | J18: ='DAILY FLASH'!AT14 -> 9977.07 | T18: =280*0.8 -> 224 | Z18: 1200 | AA18: WATER | AJ18: 2 | AK18: 0 | AR18: 7385 | BB18: 1294.16
A19: STN . INGOT | C19: ='DAILY FLASH'!AK15 -> 0 | D19: ='DAILY FLASH'!AL15 -> 0 | E19: ='DAILY FLASH'!AN15 -> 96.4 | I19: ='DAILY FLASH'!AU15 -> 48.6 | J19: ='DAILY FLASH'!AT15 -> 0 | T19: =8870-1150 -> 7720 | AA19: =11000/31*27 -> 9580.6452 | AJ19: 3 | AK19: 2 | BB19: 0
A20: CONCAST SLAB | B20: T | C20: ='DAILY FLASH'!AK16 -> 19.580645 | D20: ='DAILY FLASH'!AL16 -> 0 | E20: ='DAILY FLASH'!AN16 -> 399.471 | F20: ='DAILY FLASH'!AQ16 -> 607 | G20: ='DAILY FLASH'!AR16 -> 399.471 | H20: ='DAILY FLASH'!AS16 -> 65.810708 | I20: ='DAILY FLASH'!AU16 -> 733.06 | J20: ='DAILY FLASH'!AT16 -> 507.08 | AA20: =9581-6225-1150 -> 2206 | AJ20: 4 | AR20: 600 | BB20: 0
A21: - STN. STEEL SLAB | B21: T | C21: 0 | D21: 0 | E21: 0 | F21: ='DAILY FLASH'!AQ18 -> 0 | I21: ='DAILY FLASH'!AU18 -> 0 | J21: 0 | S21: =6000*48 -> 288000 | AJ21: 5 | AK21: 5 | AR21: 0 | BB21: 0
A22: - NON STN. SLAB | B22: T | C22: =+C20-C21 -> 19.580645 | D22: 0 | E22: =E20-E21 -> 399.471 | F22: 0 | G22: =E22/'DAILY FLASH'!BK16*'DAILY FLASH'!BH16 -> 399.471 | I22: 0 | J22: ='DAILY FLASH'!AT16 -> 507.08 | AD22: =1435/3*31 -> 14828.333 | AJ22: 6 | AK22: 5 | AR22: 0 | BB22: 0 | BH22: 1
A23: CONCAST BLOOM | C23: ='DAILY FLASH'!AK17 -> 0 | D23: ='DAILY FLASH'!AL17 -> 0 | E23: ='DAILY FLASH'!AN17 -> 0 | F23: ='DAILY FLASH'!AQ17 -> 0 | G23: ='DAILY FLASH'!AR17 -> 0 | I23: ='DAILY FLASH'!AU17 -> 0 | J23: ='DAILY FLASH'!AT17 -> 0 | T23: =7720-5466 -> 2254 | AJ23: 7 | AK23: 4 | AR23: 0 | BB23: 207.411
A24: TOTAL CONCAST PROD | C24: ='DAILY FLASH'!AK19 -> 19.580645 | D24: =+D23+D20 -> 0 | E24: =+E23+E20 -> 399.471 | F24: ='DAILY FLASH'!AQ19 -> 607 | G24: ='DAILY FLASH'!AR19 -> 399.471 | H24: ='DAILY FLASH'!AS19 -> 65.810708 | I24: ='DAILY FLASH'!AU19 -> 733.06 | J24: =+J23+J22 -> 507.08 | AJ24: 8 | AK24: 1 | AR24: 600 | BB24: 207.411
A25: TOTAL CRUDE STEEL | B25: T | C25: ='DAILY FLASH'!AK20 -> 374.58065 | D25: ='DAILY FLASH'!AL20 -> 565.15 | E25: ='DAILY FLASH'!AN20 -> 10759.191 | F25: =+F24+F18 -> 11612 | G25: ='DAILY FLASH'!AR20 -> 10759.191 | H25: =G25/F25*100 -> 92.655796 | I25: ='DAILY FLASH'!AU20 -> 10785.66 | J25: =+J24+J18 -> 10484.15 | T25: =1015.94-38 -> 977.94 | AJ25: 9 | AK25: 4 | AR25: 7985 | BB25: 1501.571
A26: TOTAL HEATS | B26: NO. | C26: =C16/E61 -> 7.279367 | D26: ='DAILY FLASH'!AL21 -> 8 | E26: ='DAILY FLASH'!AN21 -> 215 | F26: ='DAILY FLASH'!AQ20/53 -> 219.09434 | I26: ='DAILY FLASH'!AU21 -> 217 | J26: ='DAILY FLASH'!AT21 -> 209 | L26: MONTHLY STATUS OF BRC BLOOM | AJ26: 10 | AR26: 155 | BB26: 30 | BH26: 0
A27: DSP HM HEATS | B27: NO. | C27: =C42/65 -> 0.99255583 | D27: ='DAILY FLASH'!AL22 -> 2 | E27: ='DAILY FLASH'!AN22 -> 36 | I27: 0 | J27: ='DAILY FLASH'!AT22 -> 39 | L27: GRADE | M27: RECPT (T) | N27: ROLL.(T) | O27: REL. (T) | P27: DESP.(T) | Q27: SAL STK | AJ27: 11 | BB27: 5
A28: AOD HEATS | B28: NO. | C28: =C42/65 -> 0.99255583 | D28: ='DAILY FLASH'!AL29 -> 2 | E28: ='DAILY FLASH'!AN29 -> 38 | I28: ='DAILY FLASH'!AU29 -> 62 | J28: ='DAILY FLASH'!AT29 -> 39 | L28: 45C8/C20 | M28: ='md cell'!K35 -> RECPT (T) | N28: ='md cell'!L35 -> ROLL.(T) | O28: ='md cell'!M35 -> REL. (T) | P28: ='md cell'!N35 -> DESP.(T) | Q28: ='md cell'!O35 -> SAL STOCK | AJ28: 12 | BB28: 5
A29: SS HEATS | B29: NO. | C29: 0 | D29: ='DAILY FLASH'!AL30 -> 0 | E29: ='DAILY FLASH'!AN30 -> 2 | I29: 0 | J29: ='DAILY FLASH'!AT30 -> 0 | AJ29: 13 | AK29: 5 | BB29: 0
A30: NON-SS HEATS | B30: NO. | C30: =C26-C29 -> 7.279367 | D30: =D26-D29 -> 8 | E30: =E26-E29 -> 213 | I30: =I26-I29 -> 217 | J30: =+J26-J29 -> 209 | BB30: 30
M31: STATUS OF MAJOR UNITS
A32: BBM: | AA32: =308.923-106.651 -> 202.272 | AB32: =177+2858+32 -> 3067
A33: CHARGE WT. | B33: T | C33: ='DAILY FLASH'!AK31 -> 230.69811 | D33: ='DAILY FLASH'!AL31 -> 361.281 | E33: ='DAILY FLASH'!AN31 -> 12743.709 | F33: ='DAILY FLASH'!AQ31 -> 12227 | G33: ='DAILY FLASH'!AR31 -> 12743.709 | H33: =G33/F33*100 -> 104.22597 | I33: ='DAILY FLASH'!AU31 -> 12737.398 | J33: ='DAILY FLASH'!AT31 -> 12805.69 | N33: AOD | R33: OK | AR33: 8560 | BB33: 1904.201
A34: FINISHING | B34: T | C34: ='DAILY FLASH'!AK34 -> 197.79245 | D34: ='DAILY FLASH'!AL34 -> 321.489 | E34: ='DAILY FLASH'!AN34 -> 10966.658 | F34: ='DAILY FLASH'!AQ34 -> 10483 | G34: ='DAILY FLASH'!AR34 -> 10966.658 | H34: =G34/F34*100 -> 104.61374 | I34: ='DAILY FLASH'!AU34 -> 10869.644 | J34: ='DAILY FLASH'!AT34 -> 11198.83 | L34: EAF#2 | M34: OK | N34: LF | R34: OK | AR34: 7270 | BB34: 1595.565
A35: FORGE SHOP:
A36: FINISHING | B36: T | C36: ='DAILY FLASH'!AK35+'DAILY FLASH'!AK36 -> 24.115385 | D36: ='DAILY FLASH'!AL36+'DAILY FLASH'!AL37+'DAILY FLASH'!AL35 -> 0 | E36: ='DAILY FLASH'!AG37+'DAILY FLASH'!AG35+'DAILY FLASH'!AG36 -> 315 | F36: =SUM('DAILY FLASH'!AQ35:AQ36) -> 627 | G36: ='DAILY FLASH'!AR35+'DAILY FLASH'!AR36+'DAILY FLASH'!AR37 -> 315 | H36: =G36/F36*100 -> 50.239234 | I36: ='md cell'!I19 -> 377.579 | J36: ='DAILY FLASH'!AT35+'DAILY FLASH'!AT36 -> 331.51 | L36: EAF#3 | M36: DOWN | AR36: 630 | BB36: 114.26
N37: VAD | R37: OK
A38: SALEABLE STEEL | B38: T | C38: ='DAILY FLASH'!AK56 -> 420 | D38: ='DAILY FLASH'!AL56 -> 459.245 | E38: ='DAILY FLASH'!AN56 -> 11402.187 | F38: ='DAILY FLASH'!AQ56 -> 11340 | G38: ='DAILY FLASH'!AR56 -> 11402.187 | H38: =G38/F38*100 -> 100.54839 | I38: ='DAILY FLASH'!AU56 -> 10884.684 | J38: ='DAILY FLASH'!AT56 -> 11217.901 | L38: CCS | M38: OK | N38: VOD | R38: OK | S38: STOCK | AD38: =170.605+90.09+429.9+1177.05+535.87 -> 2403.515 | AF38: =1177+535 -> 1712 | AO38: =667/5*31 -> 4135.4 | AR38: 7510 | BB38: 1228.686
A39: DESPATCH | B39: T | C39: ='DAILY FLASH'!AK58 -> 425.55556 | D39: ='DAILY FLASH'!AL58 -> 403.18 | E39: ='DAILY FLASH'!AN58 -> 11173.28 | F39: ='DAILY FLASH'!AQ58 -> 11490 | G39: ='DAILY FLASH'!AR58 -> 11173.28 | H39: =G39/F39*100 -> 97.243516 | I39: ='DAILY FLASH'!AU58 -> 10643.65 | J39: ='DAILY FLASH'!AT58 -> 12026.43 | M39: SALEABLE STOCK AT PLANT | R39: TONNAGE | S39: 42739 | AR39: 7760 | BB39: 1389
A40: DSP SPL. STEEL ING. | B40: T | C40: ='DAILY FLASH'!AK72 -> 12.903226 | D40: ='DAILY FLASH'!AL72 -> 0 | E40: ='DAILY FLASH'!AN72 -> 187.2 | F40: ='DAILY FLASH'!AQ72 -> 400 | G40: ='DAILY FLASH'!AR72 -> 187.2 | H40: =G40/F40*100 -> 46.8 | I40: 479 | J40: ='DAILY FLASH'!AT72 -> 397.8 | M40: PLANT | R40: =SUM(R41:R51) -> 20078.592 | S40: 0 | AR40: 2000 | BB40: 97.5
M41: BLM / BLT | R41: ='SAL STOCK'!G6 -> 14889.63 | S41: 18373
A42: DSP HOT METAL | B42: T | C42: ='DAILY FLASH'!AK73 -> 64.516129 | D42: ='DAILY FLASH'!AL73 -> 138.7 | E42: ='DAILY FLASH'!AG73 -> 2508.64 | F42: ='DAILY FLASH'!AQ73 -> 2000 | G42: ='DAILY FLASH'!AR73 -> 2508.64 | H42: =G42/F42*100 -> 125.432 | I42: 3642 | J42: ='DAILY FLASH'!AT73 -> 2500.2 | M42: BAR | R42: ='SAL STOCK'!G7 -> 383.137 | S42: 199 | BB42: 330.7
A43: IPT TRANSFER | F43: QTY (T) | M43: FORGE | R43: ='SAL STOCK'!G8 -> 1957.769 | S43: 1521 | AR43: QTY (T)
B44: APRIL'22 | C44: MAY'22 | D44: JUNE'22 | E44: JULY'22 | F44: AUG'22 | G44: SEPT'22 | H44: OCT'22 | I44: NOV'22 | J44: DEC'22 | M44: PLATE | R44: ='SAL STOCK'!G9 -> 1239.4365 | S44: 1068 | AR44: AUG'17 | BB44: JULY'17
A45: IPT SLAB /ING/FRG SLB | B45: 36.42 | C45: 0 | D45: 82.59 | E45: 1470.55 | F45: 126.357 | G45: 84.44 | H45: 0 | I45: 177.45 | J45: ='DAILY FLASH'!BC63+'DAILY FLASH'!BC64+'DAILY FLASH'!BC65 -> 558.956 | M45: INGOTS | R45: ='SAL STOCK'!G17 -> 656.519 | S45: 373 | AR45: 155.29 | BB45: 191.57
A46: OTHER IPT TRANSFER | B46: 1101.12 | C46: 1403.88 | D46: 1071.68 | E46: 2714.89 | F46: 1508.96 | G46: 1097.34 | H46: 1539.28 | I46: 2156.57 | J46: 1099.14 | M46: CC BLOOM | R46: ='SAL STOCK'!G11 -> 125.23 | S46: 527.98 | AR46: 790.01 | BB46: 232.195
A47: BRC DESPATCH | B47: 0 | C47: 161.68 | D47: 63.6 | E47: 394.73 | F47: 1155.3 | G47: 159.36 | H47: 249.41 | I47: 115.84 | J47: 653.33 | M47: FRG SLB | R47: ='SAL STOCK'!G12 -> 232.627 | S47: 2844.36 | AR47: 945.3 | BB47: 423.765
A48: TOTAL | B48: 1137.54 | C48: 1403.88 | D48: 1154.27 | E48: 4185.44 | F48: 1635.317 | G48: 1181.78 | H48: 1539.28 | I48: 2334.02 | J48: 1099.14 | M48: CCSSLB | R48: ='SAL STOCK'!G10 -> 410.103 | S48: 134 | AR48: 8362.33 | BB48: 4811.99
A49: NON-IPT DESP | B49: 6465.51 | C49: 6086 | D49: 6923.276 | E49: 6171.16 | F49: 6920.193 | G49: 8837.563 | H49: 6490.439 | I49: 6015.38 | J49: 8251.195 | M49: JAKCAL INGOT | R49: ='SAL STOCK'!G14 -> 0 | S49: 52 | AR49: 9307.63 | BB49: 5235.755
A50: TOTAL DESP | B50: 7603.05 | C50: 7489.88 | D50: 8077.546 | E50: 10356.6 | F50: 8555.51 | G50: 10019.343 | H50: 8029.719 | I50: 8349.4 | J50: 9350.335 | M50: STN SLAB | R50: ='SAL STOCK'!G16 -> 184.141 | S50: 177
B51: JAN'23 | C51: FEB'23 | D51: MAR'23 | F51: 21-22 | G51: All time best | M51: BHEL CL II ING | R51: ='SAL STOCK'!G15 -> 0 | S51: =SUM(S41:S50) -> 25269.34
A52: IPT SLAB /ING/FRG SLB | B52: ='DAILY FLASH'!BC63+'DAILY FLASH'!BC64+'DAILY FLASH'!BC65 -> 558.956 | C52: 336.29 | D52: ='DAILY FLASH'!BC63+'DAILY FLASH'!BC64 -> 517.536 | E52: Yearly | G52: Monthly | I52: Yearly | R52: =SUM(R41:R51) -> 20078.592
A53: OTHER IPT TRANSFER | B53: 508.89 | C53: 697.48 | D53: ='DAILY FLASH'!BD66+'DAILY FLASH'!BD67+'DAILY FLASH'!BD68+'DAILY FLASH'!BD69+'DAILY FLASH'!BD70+'DAILY FLASH'!BD71+'DAILY FLASH'!BD72 -> 1272.75 | E53: Tot crude | F53: 92189 | G53: ='DAILY FLASH'!AW20 -> 24735 | H53: ='DAILY FLASH'!AX20 -> MAR'97 | I53: ='DAILY FLASH'!AY20 -> 248175 | J53: ='DAILY FLASH'!AZ20 -> 96-97
A54: BRC DESPATCH | B54: 334.21 | C54: 123.61 | D54: ='md cell'!N35 -> DESP.(T) | E54: Ingot | F54: 84803 | G54: ='DAILY FLASH'!AW14 -> 15089 | H54: ='DAILY FLASH'!AX14 -> MAR'89 | I54: ='DAILY FLASH'!AY14 -> 151556 | J54: ='DAILY FLASH'!AZ14 -> 88-89
A55: TOTAL | B55: 508.89 | C55: 1033.77 | D55: =+D53+D52 -> 1790.286 | E55: CC Prdn | F55: 7386 | G55: ='DAILY FLASH'!AW16 -> 13036 | H55: ='DAILY FLASH'!AX16 -> MAR'94 | I55: ='DAILY FLASH'!AY19 -> 112288 | J55: ='DAILY FLASH'!AZ19 -> 10-11
A56: NON-IPT DESP | B56: 7217.59 | C56: 7016.44 | D56: =+D57-D55 -> 9382.994 | E56: saleable | F56: 108897 | G56: ='DAILY FLASH'!AW56 -> 19652 | H56: ='DAILY FLASH'!AX56 -> AUG'10 | I56: ='DAILY FLASH'!AY56 -> 202913 | J56: ='DAILY FLASH'!AZ56 -> 10-11
A57: TOTAL DESP | B57: 7726.48 | C57: 8050.21 | D57: ='DAILY FLASH'!BC60 -> 11173.28 | M57: STOCKYARD | R57: 46
A58: AREA | B58: KEY TE PARAMETERS | E58: NORM | F58: UNIT | G58: ON DT | H58: CUM. | I58: =+I14 -> CPLY | J58: =J14 -> April'26 | S58: =21682+43328-40600 -> 24410 | AR58: UNIT | BB58: NORM | BG58: =58152-47527 -> 10625
A59: SMS | B59: POWER ON TO TAP TIME | E59: 3.5 | F59: HR | G59: ='DAILY FLASH'!AL101 -> 3.8333333 | H59: ='DAILY FLASH'!AN101 -> 3.2807263 | I59: 4.0646667 | J59: 4.5338983 | AR59: HR | BB59: 3.5
B61: HEAT SIZE | E61: 53 | F61: T | G61: ='DAILY FLASH'!AK9/'DAILY FLASH'!AL21 -> 0 | H61: ='DAILY FLASH'!AN12/'DAILY FLASH'!AN21 -> 52.096884 | I61: 51.615161 | J61: 51.889512 | AR61: T | BB61: 53 | BG61: =10065-100 -> 9965
BG62: =9965/0.7 -> 14235.714
B63: POWER CONS. | E63: 670 | F63: KWH/T | G63: 755 | H63: 753 | I63: 753 | J63: 684 | AR63: KWH/T | BB63: 685
B64: FUEL CONS | E64: 0.35 | F64: GCAL/TON | G64: 0.622 | H64: 0.386 | J64: 0.338
B65: ELECTRODE CONS. | E65: 5.5 | F65: KG/T | G65: 3.4 | H65: 5.72 | I65: 5.68 | J65: 5.72 | AR65: KG/T | BB65: 5.7
B67: YLD: LIQUID TO INGOT | E67: 96.61 | F67: % | G67: 96.69 | H67: 95.68 | I67: 96.6 | J67: 96.71 | AR67: % | BB67: 96
A68: CCS | B68: YIELD | E68: 96.7 | F68: % | G68: 97.21 | H68: 97.2 | I68: N/C | J68: 97.14 | L68: ARGON STOCK AT M/S. GMGL | R68: 56.4 | AD68: 61374 | AE68: 6107 | AF68: =+AE68+AD68 -> 67481 | AG68: 77407 | AH68: 7205 | AI68: =AH68+AG68 -> 84612 | AJ68: =AI68/AF68*100 -> 125.38641 | AR68: % | BB68: 96.7
A69: BBM | B69: POWER CONS. | E69: 107 | F69: KWH/T | G69: =M106 -> #REF! | H69: 98.04 | I69: 99.595047 | J69: 94.929367 | AD69: 4190 | AE69: 403 | AF69: =+AE69+AD69 -> 4593 | AG69: 1343 | AH69: 0 | AI69: =AH69+AG69 -> 1343 | AJ69: =AI69/AF69*100 -> 29.240148 | AR69: KWH/T | BB69: 103
B70: FUEL CONS | E70: 0.44 | F70: GCAL/TON | G70: 0.39 | H70: 0.452 | I70: 0.552 | J70: 0.454 | AD70: 1910 | AE70: 184 | AF70: =+AE70+AD70 -> 2094 | AG70: 6043 | AH70: 0 | AI70: =AH70+AG70 -> 6043 | AJ70: =AI70/AF70*100 -> 288.58644
B71: YIELD | E71: 89 | F71: % | G71: =M103 -> #REF! | H71: 89.17 | I71: 89.750539 | J71: 88.629461 | AD71: 6100 | AE71: 587 | AF71: =+AE71+AD71 -> 6687 | AG71: 7386 | AH71: 0 | AI71: =AH71+AG71 -> 7386 | AJ71: =AI71/AF71*100 -> 110.45312 | AR71: % | BB71: 87.5
M72: ` | AD72: 55274 | AE72: 5520 | AF72: =+AE72+AD72 -> 60794 | AG72: 70021 | AH72: 7205 | AI72: =AH72+AG72 -> 77226 | AJ72: =AI72/AF72*100 -> 127.02898
A73: STATUS OF LF-2 | C73: ON DATE | D73: MONTHLY | E73: 2023-24 | F73: SINCE INSTALLATION | I73: REMARKS | AD73: 94500 | AE73: 9600 | AF73: =+AE73+AD73 -> 104100 | AG73: 92752 | AH73: 9960 | AI73: =AH73+AG73 -> 102712 | AJ73: =AI73/AF73*100 -> 98.666667 | AR73: SINCE INSTALLATION | BB73: 2015-16
A74: NO. OF HEATS PROCESSED | C74: ='DAILY FLASH'!AL27 -> 3 | D74: ='DAILY FLASH'!AN27 -> 36 | E74: ='DAILY FLASH'!AP27 -> 98 | F74: =968+E74 -> 1066 | AD74: 90679 | AE74: 9015 | AF74: =+AE74+AD74 -> 99694 | AG74: 90133 | AH74: 9050 | AI74: =AH74+AG74 -> 99183 | AJ74: =AI74/AF74*100 -> 99.487432 | AR74: 968 | BB74: 0
A75: DSP C O NM^3/HR | C75: ='DAILY FLASH'!U111 -> 0 | D75: ='DAILY FLASH'!V111 -> 1577 | AD75: 92279 | AE75: 9165 | AF75: =+AE75+AD75 -> 101444 | AG75: 90122 | AH75: 9000 | AI75: =AH75+AG75 -> 99122 | AJ75: =AI75/AF75*100 -> 97.711052
A76: RLNG GAS (SCM)/HR | C76: ='DAILY FLASH'!U112 -> 0 | D76: ='DAILY FLASH'!V112 -> 2060 | AD76: 20000 | AE76: 2000 | AF76: =+AE76+AD76 -> 22000 | AG76: 8618 | AH76: =768+110 -> 878 | AI76: =AH76+AG76 -> 9496 | AJ76: =AI76/AF76*100 -> 43.163636
B77: AS ON 01.11.2017 | F77: 430 | G77: 409M | H77: TOTAL | AD77: 25000 | AE77: 2500 | AF77: =+AE77+AD77 -> 27500 | AG77: 23701 | AH77: 1213 | AI77: =AH77+AG77 -> 24914 | AJ77: =AI77/AF77*100 -> 90.596364 | AR77: 430
A78: STN. STEEL SLABS: | B78: GRADE-WISE ASP STOCK ATASP: | F78: 40 | G78: 144 | H78: =+G78+F78 -> 184 | AR78: 40
D79: =8000/12 -> 666.66667
A80: SOURCING OF SCRAP / METALLICS
A81: SOURCE / ITEM | B81: 2021-22 ABP | C81: 2022-23 | D81: 2025-26 | E81: APRIL'26 | F81: MAY'25 | G81: JUNE'25 | H81: JULY'25 | I81: AUG'25 | J81: SEPT'25 | L81: OCT'25 | M81: NOV'25 | N81: DEC'25 | O81: JAN'26 | P81: FEB'25 | Q81: MAR'23 | R81: 2022-23
A82: DSP - SCRAP | B82: 8000 | C82: 15620.09 | D82: =35985-14968 -> 21017 | E82: =2303-1096 -> 1207 | F82: 0 | G82: 0 | H82: 0 | I82: 0 | J82: 0 | K82: 0 | L82: 0 | M82: 0 | N82: 0 | O82: 0 | P82: 0 | Q82: 0 | R82: =+E82+F82+G82+H82+I82+J82+L82+M82+N82+O82+P82+Q82 -> 1207 | S82: 666.66667
A83: - PIG IRON | B83: 1200 | C83: 2265.48 | D83: 14968 | E83: 1096 | F83: 0 | G83: 0 | H83: 0 | I83: 0 | J83: 0 | K83: 0 | L83: 0 | M83: 0 | N83: 0 | O83: 0 | P83: 0 | Q83: 0 | R83: =+E83+F83+G83+H83+I83+J83+L83+M83+N83+O83+P83+Q83 -> 1096
A84: BSL - SCRAP | B84: 0 | C84: 2810 | D84: 0 | R84: =+E84+F84+G84+H84+I84+J84+L84+M84+N84+O84+P84+Q84 -> 0
A85: - PIG IRON | B85: 0 | C85: 0 | D85: 0 | R85: =+E85+F85+G85+H85+I85+J85+L85+M85+N85+O85+P85+Q85 -> 0
A86: BSP - SCRAP | B86: 0 | C86: 19516.65 | D86: 5329 | R86: =+E86+F86+G86+H86+I86+J86+L86+M86+N86+O86+P86+Q86 -> 0
A87: ISP - SCRAP | B87: 0 | C87: 20820.05 | D87: 42585 | E87: 4274 | F87: 0 | G87: 0 | H87: 0 | I87: 0 | J87: 0 | K87: 0 | L87: 0 | M87: 0 | N87: 0 | O87: 0 | P87: 0 | Q87: 0 | R87: =+E87+F87+G87+H87+I87+J87+L87+M87+N87+O87+P87+Q87 -> 4274
A88: - PIG IRON | B88: 0 | C88: 0 | D88: 0 | R88: =+E88+F88+G88+H88+I88+J88+L88+M88+N88+O88+P88+Q88 -> 0
A89: RSP - SCRAP | B89: 0 | C89: =420.65+1865.7 -> 2286.35 | D89: 1497 | E89: 0 | F89: 0 | G89: 0 | H89: 0 | I89: 0 | J89: 0 | K89: 0 | L89: 0 | M89: 0 | N89: 0 | O89: 0 | P89: 0 | Q89: 0 | R89: =+E89+F89+G89+H89+I89+J89+L89+M89+N89+O89+P89+Q89 -> 0
A90: - PIG IRON | B90: 0 | C90: 0 | D90: 0 | R90: =+E90+F90+G90+H90+I90+J90+L90+M90+N90+O90+P90+Q90 -> 0
A91: OTHERS SHREDED/PIG IR | B91: 0 | C91: 0 | D91: 0 | R91: =+E91+F91+G91+H91+I91+J91+L91+M91+N91+O91+P91+Q91 -> 0
A92: OTHERS -(BNP) | B92: 36636 | C92: 112 | D92: 0 | R92: =+E92+F92+G92+H92+I92+J92+L92+M92+N92+O92+P92+Q92 -> 0
A93: - SPONGE IRON | B93: 0 | C93: 0 | D93: 0 | R93: =+E93+F93+G93+H93+I93+J93+L93+M93+N93+O93+P93+Q93 -> 0
A94: - SRU/BSO/BTSO | C94: 0 | R94: =+E94+F94+G94+H94+I94+J94+L94+M94+N94+O94+P94+Q94 -> 0 | S94: =1401*68975 -> 96633975
A95: OTHERS- SCRAP(HMS) | B95: 0 | C95: 0 | D95: 0 | R95: =+E95+F95+G95+H95+I95+J95+L95+M95+N95+O95+P95+Q95 -> 0
A96: TOTAL | B96: =SUM(B82:B95) -> 45836 | C96: =SUM(C82:C95) -> 63430.62 | D96: =SUM(D82:D95) -> 85396 | E96: =SUM(E82:E95) -> 6577 | F96: =SUM(F82:F95) -> 0 | G96: =SUM(G82:G95) -> 0 | H96: =SUM(H82:H95) -> 0 | I96: =SUM(I82:I95) -> 0 | ... R96: =SUM(R82:R95) -> 6577
S97: =342891+36946 -> 379837
N99: =A8 -> RAJESH KUMAR( DGM PPCD ,SHIPPING& PC)
I100: prev dt cum | J100: on date | L100: cum.
H101: CW | I101: 6333.663 | J101: =D33 -> 361.281 | L101: =+J101+I101 -> 6694.944 | M101: YIELD/DT | N101: CUMM
A102: AOD LIQ | B102: =+'DAILY FLASH'!AM115 -> 52.096884 | I102: prev dt cum | J102: on date | L102: cum. | M102: YIELD/DT | N102: CUMM
H103: CW | I103: 2289.621 | J103: ='md cell'!#REF! -> #REF! | L103: =+I103+J103 -> #REF! | M103: =J104/J103*100 -> #REF! | N103: =L104/L103*100 -> #REF!
...

Sheet  QTR WISE CRUDE SAL & DS
A6: Year-Wise Perfomance of ASP | AV6: 22-23
B7: 2006-07 | D7: 2007-08 | F7: 2008-09 | H7: 2009-10 | J7: 2010-11 | L7: 2011-12 | N7: 2012-13 | Y7: 2013-14 | AA7: 2014-15 | AC7: 2015-16 | AE7: 2016-17 | AG7: 2017-18 | AI7: 2018-19 | AK7: 2019-20 | AM7: 2020-21 | AO7: 2021-22 | AQ7: 2022-23 | AS7: 2023-24
B8: ACTUAL | C8: %UT | D8: ACTUAL | E8: %UT | F8: ACTUAL | G8: %UT | H8: ACTUAL | I8: %UT | J8: ACTUAL | K8: %UT | L8: ACTUAL | M8: %UT | N8: ACTUAL | O8: %UT | Y8: ACTUAL | Z8: %UT | AA8: ACTUAL | AB8: %UT | AC8: ACTUAL | AD8: %UT | AE8: ACTUAL | AF8: %UT | AG8: ACTUAL | AH8: %UT | AI8: ACTUAL | AJ8: %UT | AK8: ACTUAL | AL8: %UT | AM8: ACTUAL | AN8: %UT | AO8: ACTUAL | AP8: %UT | AQ8: ACTUAL | AR8: %UT | AS8: ACTUAL | AT8: %UT | AW8: 246000
A9: CRUDE STEEL | B9: =+B10+B11 -> 149873 | C9: =+B9/AW8*100 -> 60.923984 | D9: =+D10+D11 -> 156388 | E9: =+D9/AW8*100 -> 63.572358 | F9: =+F10+F11 -> 167765 | G9: =F9/AW8*100 -> 68.197154 | H9: =+H10+H11 -> 204892 | I9: =+H9/AW8*100 -> 83.289431 | J9: =+J10+J11 -> 200450 | K9: =+J9/AW8*100 -> 81.48374 | L9: =+L10+L11 -> 200395 | M9: =+L9/AW8*100 -> 81.461382 | N9: =+N10+N11 -> 135303 | O9: =+N9/AW8*100 -> 55.00122 | Y9: =+Y10+Y11 -> 121485 | Z9: =+Y9/AW8*100 -> 49.384146 | AA9: =+AA10+AA11 -> 104029.75 | AB9: =+AA9/AW8*100 -> 42.288515 | AC9: =+AC10+AC11 -> 90720 | AD9: =+AC9/AW8*100 -> 36.878049 | AE9: =+AE10+AE11 -> 88107 | AF9: =+AE9/AW8*100 -> 35.815854 | AG9: 95274 | AH9: =+AG9/AW8*100 -> 38.729268 | AI9: =+AI10+AI11 -> 101157 | AJ9: =+AI9/AW8*100 -> 41.120732 | AK9: 103648 | AL9: =+AK9/AW8*100 -> 42.133333 | AM9: 58152 | AN9: =+AM9/AW8*100 -> 23.639024 | AO9: 92183 | AP9: =+AO9/AW8*100 -> 37.472764 | AQ9: 96037 | AR9: =+AQ9/AW8*100 -> 39.039431 | AS9: 108356 | AT9: =+AS9/AW8*100 -> 44.047154 | AY9: CRUDE STEEL
A10: INGOT | B10: 109511 | D10: 116785 | F10: 93446 | H10: 111582 | J10: 88162 | L10: 107812 | N10: 102922 | Y10: 110320 | AA10: 100464.5 | AC10: 86963 | AE10: 81774 | AG10: 80905 | AI10: 93629 | AK10: 101789 | AM10: 47527 | AO10: 84797 | AQ10: 94643 | AS10: 105352 | AY10: INGOT
A11: CC PROD. | B11: 40362 | D11: 39603 | F11: 74319 | H11: 93310 | J11: 112288 | L11: 92583 | N11: 32381 | Y11: 11165 | AA11: 3565.248 | AC11: 3757 | AE11: 6333 | AG11: 14376 | AI11: 7528 | AK11: =+AK9-AK10 -> 1859 | AM11: =+AM9-AM10 -> 10625 | AO11: =+AO9-AO10 -> 7386 | AQ11: 1391 | AS11: 3004 | AY11: CC PROD.
