Workbook
Name AV: #REF!
Name HQ: #REF!
Name IE: #REF!
Name IP: #REF!
Name KQ: #REF!
Name LoadName0: CEOREPORT!$K$105
Name LoadName1: CEOREPORT!$L$106
Name LoadName2: CEOREPORT!$L$107
Name LoadName3: CEOREPORT!$L$108
Name LoadName4: CEOREPORT!$L$109
Name LoadName5: CEOREPORT!$L$110
Name LoadName6: CEOREPORT!$L$111
Name ly: #REF!
Name SLAG: #REF!
Name usmtonnage: #REF!

Sheet CEOREPORT
B3: संयंत्र नियंत्रण | D3: भारतीय इस्पात प्राधिकरण लिमिटेड़ | F3: =18.686*0.7 -> 13.0802 | G3: =34.44*0.7 -> 24.108 | Q3: ASKING
D4: इस्को इस्पात संयंत्र - बर्नपुर | F4: =33*F3 -> 431.6466 | G4: =G3*31 -> 747.348 | K4: निष्पादन प्रतिवेदन | N4: =+#REF! -> #REF! | O4: =+#REF! -> #REF! | Q4: RATE AS ON
Q5: =TODAY() -> 46174
B6: RAWMATERIAL | D6: RECEIPT (T) | F6: CONSUMPTION/DAY | G6: STOCK | H6: REQUIRED STOCK | J6: PRODUCTION | K6: ON DATE | L6: TO DATE | M6: RATE | N6: % FF | O6: ABP | P6: ACTUAL
B7: ITEM | D7: ON DATE | E7: TO DATE | F7: (T) | G7: (T) | J7: COKE OVENS | O7: =+DAILYREPORT1!G7 -> 46143 | P7: =+DAILYREPORT1!H7 -> 45778
B8: COKING COAL-FOR OLD PLANT | H8: (FOR 15 DAYS) | J8: COB-8 | K8: =+#REF! -> #REF! | L8: =+#REF! -> #REF! | M8: =+#REF! -> #REF! | N8: - | O8: =+#REF! -> #REF! | P8: =+#REF! -> #REF!
B9: PCC | C9: =+RAWMATERIALS!B10 -> #REF! | D9: =+RAWMATERIALS!C10 -> 0 | E9: =+RAWMATERIALS!D10 -> #REF! | F9: =+($K$9*18.68*RAWMATERIALS!I10)/100 -> #REF! | G9: =+RAWMATERIALS!E10 -> 200 | H9: =+($K$9*19.4*RAWMATERIALS!I10*15)/100 -> #REF! | J9: COB-10 | K9: =+#REF! -> #REF! | L9: =+#REF! -> #REF! | M9: =+#REF! -> #REF! | N9: =+#REF! -> #REF! | O9: =+#REF! -> #REF! | P9: =+#REF! -> #REF! | Q9: =+#REF! -> #REF!
C10: =+RAWMATERIALS!B11 -> LVHR-HARD | D10: =+RAWMATERIALS!C11 -> 0 | E10: =+RAWMATERIALS!D11 -> #REF! | F10: =+($K$9*18.686*RAWMATERIALS!I11)/100 -> #REF! | G10: =+RAWMATERIALS!E11 -> 3700 | H10: =+($K$9*19.4*RAWMATERIALS!I11*15)/100 -> #REF! | J10: COB-11 | K10: =+#REF! -> #REF! | L10: =+#REF! -> #REF! | M10: =+#REF! -> #REF! | N10: =+#REF! -> #REF! | O10: =+#REF! -> #REF! | P10: =+#REF! -> #REF! | Q10: =+#REF! -> #REF!
B11: ICC | C11: =+RAWMATERIALS!B12 -> #REF! | D11: =+RAWMATERIALS!C12 -> 1800 | E11: =+RAWMATERIALS!D12 -> #REF! | F11: =+($K$9*18.68*RAWMATERIALS!I12)/100 -> #REF! | G11: =+RAWMATERIALS!E12 -> 5400 | H11: =+($K$9*19.4*RAWMATERIALS!I12*15)/100 -> #REF! | J11: TOTAL (EQUIV NO.S) | K11: =+#REF! -> #REF! | L11: =+#REF! -> #REF! | M11: =+#REF! -> #REF! | N11: =+#REF! -> #REF! | O11: =+#REF! -> #REF! | P11: =+#REF! -> #REF! | Q11: =+#REF! -> #REF!
C12: =+RAWMATERIALS!B13 -> #REF! | D12: =+RAWMATERIALS!C13 -> 0 | E12: =+RAWMATERIALS!D13 -> #REF! | F12: =+($K$9*18.68*RAWMATERIALS!I13)/100 -> #REF! | G12: =+RAWMATERIALS!E13 -> 3800 | H12: =+($K$9*19.4*RAWMATERIALS!I13*15)/100 -> #REF! | J12: SINTER PLANT
C13: =+RAWMATERIALS!B14 -> #REF! | D13: =+RAWMATERIALS!C14 -> 0 | E13: =+RAWMATERIALS!D14 -> #REF! | F13: =+($K$9*18.68*RAWMATERIALS!I14)/100 -> #REF! | G13: =+RAWMATERIALS!E14 -> 1100 | H13: =+($K$9*19.4*RAWMATERIALS!I14*15)/100 -> #REF! | J13: SINTER M/C-1 | K13: =+#REF! -> #REF! | L13: =+#REF! -> #REF! | M13: SINTER STOCK
C14: =+RAWMATERIALS!B15 -> #REF! | D14: =+RAWMATERIALS!C15 -> 0 | E14: =+RAWMATERIALS!D15 -> #REF! | F14: =+($K$9*18.68*RAWMATERIALS!I15)/100 -> #REF! | G14: =+RAWMATERIALS!E15 -> 2000 | H14: =+($K$9*19.4*RAWMATERIALS!I15*15)/100 -> #REF! | J14: SINTER M/C-2 | K14: =+#REF! -> #REF! | L14: =+#REF! -> #REF! | M14: =+#REF! -> #REF!
C15: =+RAWMATERIALS!B16 -> #REF! | D15: =+RAWMATERIALS!C16 -> 0 | E15: =+RAWMATERIALS!D16 -> #REF! | F15: =+($K$9*18.68*RAWMATERIALS!I16)/100 -> #REF! | G15: =+RAWMATERIALS!E16 -> 0 | H15: =+($K$9*19.4*RAWMATERIALS!I16*15)/100 -> #REF! | J15: TOTAL SINTER | K15: =+#REF! -> #REF! | L15: =+#REF! -> #REF! | M15: =+#REF! -> #REF! | N15: =+#REF! -> #REF! | O15: =+#REF! -> #REF! | P15: =+#REF! -> #REF! | Q15: =+#REF! -> #REF!
C16: =+RAWMATERIALS!B17 -> #REF! | D16: =+RAWMATERIALS!C17 -> 5280 | E16: =+RAWMATERIALS!D17 -> #REF! | F16: =+($K$9*18.686*RAWMATERIALS!I17)/100 -> #REF! | G16: =+RAWMATERIALS!E17 -> 7600 | H16: =+($K$9*19.4*RAWMATERIALS!I17*15)/100 -> #REF! | J16: SINTER SENT TO BF-5 | K16: =+RAWMATERIALS!N48 -> 11520 | L16: =+RAWMATERIALS!O48 -> #REF! | M16: =+L16/#REF!*#REF! -> #REF!
C17: =+RAWMATERIALS!B18 -> RUS-SOFT | D17: =+RAWMATERIALS!C18 -> 0 | E17: =+RAWMATERIALS!D18 -> #REF! | F17: =+($K$9*18.68*RAWMATERIALS!I18)/100 -> #REF! | G17: =+RAWMATERIALS!E18 -> 1400 | H17: =+($K$9*19.4*RAWMATERIALS!I18*15)/100 -> #REF!
C18: =+RAWMATERIALS!B19 -> #REF! | D18: =+RAWMATERIALS!C19 -> 0 | E18: =+RAWMATERIALS!D19 -> #REF! | F18: =+($K$9*18.686*RAWMATERIALS!I19)/100 -> #REF! | G18: =+RAWMATERIALS!E19 -> 0 | H18: =+($K$9*19.4*RAWMATERIALS!I19*15)/100 -> #REF!
B19: TOTAL COKING COAL | D19: =SUM(D9:D18) -> 7080 | E19: =SUM(E9:E18) -> #REF! | F19: =SUM(F9:F18) -> #REF! | G19: =SUM(G9:G18) -> 25200 | H19: =SUM(H9:H18) -> #REF! | J19: BLAST FURNACE-5
B20: COKING COAL-FOR NEW PLANT | J20: HOT METAL | K20: =+#REF! -> #REF! | L20: =+#REF! -> #REF! | M20: =+#REF! -> #REF! | N20: =+#REF! -> #REF! | O20: =+#REF! -> #REF! | P20: =+#REF! -> #REF! | Q20: =+#REF! -> #REF!
B21: PCC | C21: =+RAWMATERIALS!B22:B22 -> #REF! | D21: =+RAWMATERIALS!C22 -> 0 | E21: =+RAWMATERIALS!D22 -> #REF! | F21: =+($K$10*34.44*RAWMATERIALS!I22)/100 -> #REF! | G21: =+RAWMATERIALS!E22 -> 3890 | H21: =+($K$10*34.44*RAWMATERIALS!I22*15)/100 -> #REF! | J21: DISTRIBUTION : BOF | K21: =+#REF! -> #REF! | L21: =+#REF! -> #REF!
C22: =+RAWMATERIALS!B23:B23 -> #REF! | D22: =+RAWMATERIALS!C23 -> 0 | E22: =+RAWMATERIALS!D23 -> #REF! | F22: =+($K$10*34.44*RAWMATERIALS!I23)/100 -> #REF! | G22: =+RAWMATERIALS!E23 -> 3310 | H22: =+($K$10*34.44*RAWMATERIALS!I23*15)/100 -> #REF! | J22: PCM | K22: =+#REF! -> #REF! | L22: =+#REF! -> #REF!
B23: ICC | C23: =+RAWMATERIALS!B24:B24 -> #REF! | D23: =+RAWMATERIALS!C24 -> 0 | E23: =+RAWMATERIALS!D24 -> #REF! | F23: =+($K$10*34.44*RAWMATERIALS!I24)/100 -> #REF! | G23: =+RAWMATERIALS!E24 -> 10080 | H23: =+($K$10*34.44*RAWMATERIALS!I24*15)/100 -> #REF! | J23: SAND PITS | K23: =+#REF! -> #REF! | L23: =+#REF! -> #REF!
C24: =+RAWMATERIALS!B25 -> #REF! | D24: =+RAWMATERIALS!C25 -> 0 | E24: =+RAWMATERIALS!D25 -> #REF! | F24: =+($K$10*34.44*RAWMATERIALS!I25)/100 -> #REF! | G24: =+RAWMATERIALS!E25 -> 3800 | H24: =+($K$10*34.44*RAWMATERIALS!I25*15)/100 -> #REF!
C25: =+RAWMATERIALS!B26 -> #REF! | D25: =+RAWMATERIALS!C26 -> 0 | E25: =+RAWMATERIALS!D26 -> #REF! | F25: =+($K$10*34.44*RAWMATERIALS!I26)/100 -> #REF! | G25: =+RAWMATERIALS!E26 -> 290 | H25: =+($K$10*34.44*RAWMATERIALS!I26*15)/100 -> #REF!
C26: =+RAWMATERIALS!B27 -> #REF! | D26: =+RAWMATERIALS!C27 -> 0 | E26: =+RAWMATERIALS!D27 -> #REF! | F26: =+($K$10*34.44*RAWMATERIALS!I27)/100 -> #REF! | G26: =+RAWMATERIALS!E27 -> 0 | H26: =+($K$10*34.44*RAWMATERIALS!I27*15)/100 -> #REF! | J26: SMS-2
C27: =+RAWMATERIALS!B28 -> JAMADOBA | D27: =+RAWMATERIALS!C28 -> 0 | E27: =+RAWMATERIALS!D28 -> #REF! | F27: =+($K$10*34.44*RAWMATERIALS!I28)/100 -> #REF! | G27: =+RAWMATERIALS!E28 -> 3080 | H27: =+($K$10*34.44*RAWMATERIALS!I28*15)/100 -> #REF! | J27: BOF : HEATS | K27: =+#REF! -> #REF! | L27: =+#REF! -> #REF!
C28: =+RAWMATERIALS!B29 -> #REF! | D28: =+RAWMATERIALS!C29 -> 0 | E28: =+RAWMATERIALS!D29 -> #REF! | F28: =+($K$10*34.44*RAWMATERIALS!I29)/100 -> #REF! | G28: =+RAWMATERIALS!E29 -> 180 | H28: =+($K$10*34.44*RAWMATERIALS!I29*15)/100 -> #REF! | J28: CCP : CASTS | K28: =+#REF! -> #REF! | L28: =+#REF! -> #REF!
C29: =+RAWMATERIALS!B30 -> #REF! | D29: =+RAWMATERIALS!C30 -> 0 | E29: =+RAWMATERIALS!D30 -> #REF! | F29: =+($K$10*34.44*RAWMATERIALS!I30)/100 -> #REF! | G29: =+RAWMATERIALS!E30 -> 4300 | H29: =+($K$10*34.44*RAWMATERIALS!I30*15)/100 -> #REF! | J29: =+#REF! -> #REF! | K29: =+#REF! -> #REF! | L29: =+#REF! -> #REF! | M29: =+#REF! -> #REF! | N29: =+#REF! -> #REF! | O29: =+#REF! -> #REF! | P29: =+#REF! -> #REF! | Q29: =+#REF! -> #REF!
C30: =+RAWMATERIALS!B31 -> #REF! | D30: =+RAWMATERIALS!C31 -> 0 | E30: =+RAWMATERIALS!D31 -> #REF! | F30: =+($K$10*34.44*RAWMATERIALS!I31)/100 -> #REF! | G30: =+RAWMATERIALS!E31 -> 0 | H30: =+($K$10*34.44*RAWMATERIALS!I31*15)/100 -> #REF! | J30: =+#REF! -> #REF! | K30: =+#REF! -> #REF! | L30: =+#REF! -> #REF! | M30: =+#REF! -> #REF! | N30: =+#REF! -> #REF! | O30: =+#REF! -> #REF! | P30: =+#REF! -> #REF! | Q30: =+#REF! -> #REF!
C31: =+RAWMATERIALS!B32 -> #REF! | D31: =+RAWMATERIALS!C32 -> 0 | E31: =+RAWMATERIALS!D32 -> #REF! | F31: =+($K$10*34.44*RAWMATERIALS!I32)/100 -> #REF! | G31: =+RAWMATERIALS!E32 -> 0 | H31: =+($K$10*34.44*RAWMATERIALS!I32*15)/100 -> #REF! | J31: TOTAL | K31: =SUM(K29:K30) -> #REF! | L31: =SUM(L29:L30) -> #REF! | M31: =SUM(M29:M30) -> #REF! | N31: =+#REF! -> #REF! | O31: =SUM(O29:O30) -> #REF! | P31: =SUM(P29:P30) -> #REF! | Q31: =+#REF! -> #REF!
B32: TOTAL COKING COAL | D32: =SUM(D21:D31) -> 0 | E32: =SUM(E21:E31) -> #REF! | F32: =SUM(F21:F31) -> #REF! | G32: =SUM(G21:G31) -> 28930 | H32: =+($K$10*34.44*RAWMATERIALS!I33*15)/100 -> #REF!
C33: CDI | D33: =+RAWMATERIALS!C34 -> 0 | E33: =+RAWMATERIALS!D34 -> #REF! | F33: =+RAWMATERIALS!F34 -> 1215 | G33: =+RAWMATERIALS!E34 -> 9800 | J33: SALEBLE STEEL PRODUCTION
B34: OLD PLANT | C34: BOILER COAL | J34: WIRE ROD MILL | K34: =+#REF! -> #REF! | L34: =+#REF! -> #REF! | M34: =+#REF! -> #REF! | N34: =+#REF! -> #REF! | O34: =+#REF! -> #REF! | P34: =+#REF! -> #REF! | Q34: =+#REF! -> #REF!
C35: ECL/CCL | D35: =+RAWMATERIALS!C40 -> 0 | E35: =+RAWMATERIALS!D40 -> #REF! | F35: =+RAWMATERIALS!F40 -> 0 | G35: =+RAWMATERIALS!E40 -> 300 | J35: BAR MILL | K35: =+#REF! -> #REF! | L35: =+#REF! -> #REF! | M35: =+#REF! -> #REF! | N35: =+#REF! -> #REF! | O35: =+#REF! -> #REF! | P35: =+#REF! -> #REF! | Q35: =+#REF! -> #REF!
C36: RAMNAGAR (For ISP) | D36: =+RAWMATERIALS!C41 -> 0 | E36: =+RAWMATERIALS!D41 -> 0 | F36: =+RAWMATERIALS!F41 -> 0 | G36: =+RAWMATERIALS!E41 -> 0 | J36: USM | K36: =+#REF! -> #REF! | L36: =+#REF! -> #REF! | M36: =+#REF! -> #REF! | N36: =+#REF! -> #REF! | O36: =+#REF! -> #REF! | P36: =+#REF! -> #REF! | Q36: =+#REF! -> #REF!
C37: TOTAL BOILER COAL | D37: =+SUM(D35:D36) -> 0 | E37: =+SUM(E35:E36) -> #REF! | F37: =+SUM(F35:F36) -> 0 | G37: =+SUM(G35:G36) -> 300 | J37: CC BLOOMS | K37: =+#REF! -> #REF! | L37: =+#REF! -> #REF! | M37: =+#REF! -> #REF! | N37: =+#REF! -> #REF! | O37: =+#REF! -> #REF! | P37: =+#REF! -> #REF! | Q37: =+#REF! -> #REF!
F38: CONSUMPTION (T) | G38: STOCK | H38: STOCK(DAYS) | J38: TOTAL SALEABLE STEEL | K38: =+#REF! -> #REF! | L38: =+#REF! -> #REF! | M38: =+#REF! -> #REF! | N38: =+#REF! -> #REF! | O38: =+#REF! -> #REF! | P38: =+#REF! -> #REF! | Q38: =+#REF! -> #REF!
B39: NEW PLANT | C39: IRONORE FINES(IN SP) | D39: =+RAWMATERIALS!C46 -> 12300 | E39: =+RAWMATERIALS!D46 -> #REF! | F39: =0.8*#REF!-(F41*0.15) -> #REF! | G39: =+RAWMATERIALS!E46 -> 120627 | H39: =IFERROR(G39/F39,"-") -> -
C41: IRONORE LUMPS | D41: =+RAWMATERIALS!C45 -> 2160 | E41: =+RAWMATERIALS!D45 -> #REF! | F41: =0*#REF!+3.72*#REF!*0.071 -> #REF! | G41: =+RAWMATERIALS!E45 -> 63369 | H41: =G41/F41 -> #REF! | J41: DESPATCH OF SALEABLE STEEL
C42: LIMESTONE (SP Grade) | D42: =+RAWMATERIALS!C48 -> 0 | E42: =+RAWMATERIALS!D48 -> #REF! | F42: =+IF(G42=0,"0",((85/1000*DAILYREPORT1!C14))-(((DAILYREPORT1!J83*DAILYREPORT1!C32/1000)/0.65/0.56/0.65)*0.27)) -> 271.25529 | G42: 100 | H42: =IFERROR(G42/F42,"-") -> 0.36865641 | J42: WIRE ROD MILL | K42: =+#REF! -> #REF! | L42: =+#REF! -> #REF! | M42: =+#REF! -> #REF! | N42: =+#REF! -> #REF! | O42: =+#REF! -> #REF! | P42: =+#REF! -> #REF! | Q42: =+#REF! -> #REF!
C43: LIMESTONE (SMS Grade) | D43: =+RAWMATERIALS!C49 -> 0 | E43: =+RAWMATERIALS!D49 -> #REF! | F43: =+(((DAILYREPORT1!I83*DAILYREPORT1!C32/1000)/0.65)/0.56/0.65)+((85/1000*DAILYREPORT1!C14))-(((DAILYREPORT1!I83*DAILYREPORT1!C32/1000)/0.65/0.56/0.65)*0.35)-F42 -> 2284.1412 | G43: =+RAWMATERIALS!E49 -> 5481 | H43: =IFERROR(G43/F43,"-") -> 2.399589 | J43: BAR MILL | K43: =+#REF! -> #REF! | L43: =+#REF! -> #REF! | M43: =+#REF! -> #REF! | N43: =+#REF! -> #REF! | O43: =+#REF! -> #REF! | P43: =+#REF! -> #REF! | Q43: =+#REF! -> #REF!
C44: DOLOMITE (SP Grade) | D44: =+RAWMATERIALS!C50 -> 0 | E44: =+RAWMATERIALS!D50 -> #REF! | F44: =+(90*DAILYREPORT1!C14/1000)-F45*0.45 -> 784.39111 | G44: =+RAWMATERIALS!E50 -> 4230 | H44: =G44/F44 -> 5.3927179 | J44: USM | K44: =+#REF! -> #REF! | L44: =+#REF! -> #REF! | M44: =+#REF! -> #REF! | N44: =+#REF! -> #REF! | O44: =+#REF! -> #REF! | P44: =+#REF! -> #REF! | Q44: =+#REF! -> #REF!
C45: DOLOMITE (SMS Grade) | E45: =+RAWMATERIALS!D51 -> #REF! | F45: =+(((20*DAILYREPORT1!C32/1000)/0.93)/0.52/0.55) -> 644.90864 | G45: =+RAWMATERIALS!E51 -> 19181 | H45: =G45/F45 -> 29.742197 | J45: BLOOMS | K45: =+#REF! -> #REF! | L45: =+#REF! -> #REF! | M45: =+#REF! -> #REF! | N45: =+#REF! -> #REF! | O45: =+#REF! -> #REF! | P45: =+#REF! -> #REF! | Q45: =+#REF! -> #REF!
C46: QUARTZITE | D46: =+RAWMATERIALS!C52 -> 0 | E46: =+RAWMATERIALS!D52 -> #REF! | F46: =0.0005*#REF! -> #REF! | G46: =+RAWMATERIALS!E52 -> 1750 | H46: =G46/F46 -> #REF! | J46: TOTAL SALEBLE STEEL | K46: =+#REF! -> #REF! | L46: =+#REF! -> #REF! | M46: =+#REF! -> #REF! | N46: =+#REF! -> #REF! | O46: =+#REF! -> #REF! | P46: =+#REF! -> #REF! | Q46: =+#REF! -> #REF!
H47: =G47/F47 -> #DIV/0!
C48: LD SLAG | D48: =+RAWMATERIALS!C53 -> 0 | E48: =+RAWMATERIALS!D53 -> #REF! | F48: =0.013*#REF! -> #REF! | G48: =+RAWMATERIALS!E53 -> 0 | H48: =G48/F48 -> #REF! | J48: PIG IRON (BF-5) | K48: TO DATE | L48: =+#REF! -> #REF! | M48: =+#REF! -> #REF! | N48: =+#REF! -> #REF! | O48: =+#REF! -> #REF! | P48: =+#REF! -> #REF! | Q48: =+#REF! -> #REF!
J50: IPT/ OTHER DESPATCH | P50: STOCK (SOUTH+ NORTH YARD+ JODABURI)
C51: SCREENED IRONORE LUMPS | D51: =+RAWMATERIALS!N57 -> 930 | E51: =+RAWMATERIALS!O57 -> #REF! | F51: 415 | G51: =+RAWMATERIALS!E45 -> 63369 | J51: SINTER | K51: =+DAILYREPORT1!C57 -> 0 | L51: =+DAILYREPORT1!D57 -> 0
C52: SCREENED IRONORE FINES | D52: =+RAWMATERIALS!N58 -> 9163 | E52: =+RAWMATERIALS!O58 -> #REF! | J52: *BF Coke (30-80 mm) | K52: =+#REF! -> #REF! | L52: =+#REF! -> #REF! | M52: =+#REF! -> #REF! | N52: =+#REF! -> #REF! | O52: =+#REF! -> #REF! | P52: =+#REF! -> #REF! | Q52: =+#REF! -> #REF!
C53: BASE MIX PLANT | D53: ON DATE | E53: TO DATE | F53: RATE | G53: BASEMIX STOCK | J53: *Mixed Coke (15-80 mm) | N53: =+M53/O53*100 -> #DIV/0! | P53: =+RAWMATERIALS!C57 -> 0 | T53: WORKING DAYS | U53: SCHEDULE DAYS
C54: BASE MIX PREPARATION | D54: =+RAWMATERIALS!N40 -> 14450 | E54: =+RAWMATERIALS!O40 -> #REF! | F54: =+E54/T54*U54 -> #REF! | G54: =+RAWMATERIALS!N42 -> 55105 | J54: *Nut Coke (15-30 mm) | K54: =+#REF! -> #REF! | L54: =+#REF! -> #REF! | M54: =+#REF! -> #REF! | N54: =+#REF! -> #REF! | O54: =+#REF! -> #REF! | P54: =+#REF! -> #REF! | Q54: =+#REF! -> #REF! | T54: =+N4 -> #REF! | U54: =+#REF! -> #REF!
C55: SENT TO SINTER PLANT | D55: =+RAWMATERIALS!N41 -> 13936 | E55: =+RAWMATERIALS!O41 -> #REF! | F55: =+E55/T55*U55 -> #REF! | J55: *Coke Breeze (0-15 mm) | K55: =+#REF! -> #REF! | L55: =+#REF! -> #REF! | M55: =+#REF! -> #REF! | N55: =+#REF! -> #REF! | O55: =+#REF! -> #REF! | P55: =+#REF! -> #REF! | Q55: =+#REF! -> #REF! | T55: =+T54 -> #REF! | U55: =+U54 -> #REF!
B56: RAKE HANDLING | I56: =SUM(D56:E56) -> 0
B57: OLD PLANT & BACK LOADING RAKES
B58: S.No | C58: SOURCE | D58: RECEIVED TIME | E58: OUT TIME | F58: FREE TIME | G58: Σ HRS | H58: UNLOADING (WGNS/HOUR)
B65: NEW PLANT
B66: S.No | C66: SOURCE | D66: RECEIVED TIME | E66: OUT TIME | F66: FREE TIME | G66: Σ HRS | H66: UNLOADING (WGNS/HOUR)
B67: 1) | C67: 58 N GUA (IOF) | D67: 01:50 H(20.08.21) | E67: 07:50 H(20.08.21) | F67: 5 H | G67: ∑06°00' | H67: =58/6 -> 9.6666667
B68: 2) | C68: 58 N GUA (IOF) | D68: 09:05 H(20.08.21) | E68: 14:05 H(20.08.21) | F68: 5 H | G68: ∑05°00' | H68: =58/5 -> 11.6
B69: 3) | C69: 56 N ICC (USA-H) | D69: 11:55 H(20.08.21) | F69: 5 H | G69: ∑00°00' | K69: 46.4 | M69: 39.76 | O69: 849.75
B70: 4) | K70: 17 | M70: 0 | O70: 158.03
B71: 5) | J71: BY PRODUCT PLANT
B72: 6) | K72: 79.95 | M72: 98.28 | O72: 477.16
B73: 7) | J73: (COB #10) | K73: 15 | L73: TO DATE | M73: 19.74 | N73: TO DATE | O73: 516.78
B74: 8) | J74: COAL TAR | K74: 37.08 | L74: =+#REF! -> #REF! | M74: 0 | N74: =+#REF! -> #REF! | O74: 1836.9
J75: AMMONIUM SULPHATE | K75: 23 | L75: =+#REF! -> #REF! | M75: 0 | N75: =+#REF! -> #REF! | O75: 34.5
J76: (COB #11) | K76: ON DATE | L76: TO DATE | M76: ON DATE | N76: TO DATE | O76: STOCK
J77: COAL TAR | K77: 78.08 | L77: =+#REF! -> #REF! | M77: 0 | N77: =+#REF! -> #REF! | O77: 1161.58
J78: AMMONIUM SULPHATE | K78: 0 | L78: =+#REF! -> #REF! | M78: 0 | N78: =+#REF! -> #REF! | O78: 89.52
J79: SULPHUR | L79: =+#REF! -> #REF! | N79: =+#REF! -> #REF!
B80: ARRIVAL FORECAST OF RAW MATERIALS
B81: FOR OLD PLANT | J81: STEEL RAKES RECIEPT
J82: NO. OF RAKES | K82: FROM | L82: ON DATE | M82: TO DATE
J83: 0 | L83: 0
J84: STEEL RAKES DESPATCH
J85: NO OF WAGONS | K85: DESTINATION | L85: OUT TIME | M85: DETENTION (HRS)
B86: FOR NEW PLANT | I86: 1) | M86: ∑00°00'
B87: RAKES IN TRANSIT | F87: ARRIVAL AT DAMODAR YARD :- | I87: 2)
B88: 1) | I88: 3)
B89: 2)
B90: 3)
B91: 4)
B92: 5)
B93: 6)
B94: 7) | I94: PIG IRON RAKE DESPATCH
B95: 8) | J95: NO OF WAGONS | K95: DESTINATION | L95: OUT TIME | M95: DETENTION (HRS) | N95: WEIGHT (T)
F96: RAKES UNDER LOADING/ UNDER FORMATION
I97: GRANULATED SLAG RAKE DESPATCH
I98: 1) | M98: ∑00°00'
I101: OTHER DESPATCH

Sheet RAWMATERIALS
T1: =TODAY() -> 46174 | U1: NORTH YARD | V1: SOUTH YARD | W1: jodaburi | X1: COB-12 site | Y1: ECSY | Z1: TOTAL
D2: भारतीय इस्पात प्राधिकरण लिमिटेड़ | N2: संयंत्र नियंत्रण | U2: 100 | V2: 200 | W2: 53983.4 | X2: 0 | Y2: 3079 | Z2: =SUM(U2:Y2) -> 57362.4
D3: इस्को इस्पात संयंत्र - बर्नपुर | T3: 1 | U3: 0 | V3: 100 | X3: 0
C4: RAW MATERIALS REPORT | M4: DATE | N4: =+#REF! -> #REF! | O4: =+#REF! -> #REF! | T4: 2 | U4: 100 | V4: 500 | X4: 0
T5: 3 | U5: -100 | V5: -300 | X5: 0
C6: RECEIPT | T6: 4 | X6: 0
B7: SOURCE | C7: ON DATE | D7: TO DATE | E7: CLOSING STOCK | F7: CONSUMPTION | G7: TIPPLING | H7: ON HAND | I7: COAL BLEND | T7: 5 | X7: 0
I8: =TODAY()-1 -> 46173 | T8: 6 | X8: 0
B9: COKING COAL : | C9: OLD PLANT | F9: OLD PLANT | I9: COB-10 | J9: COB-10 COAL BLEND % | T9: 7 | V9: -200 | X9: 0
B10: =+#REF! -> #REF! | C10: 0 | D10: =+#REF! -> #REF! | E10: 200 | F10: =(#REF!*18.68)*I10/100 -> #REF! | G10: 0 | H10: 0 | I10: 8 | J10: INDIGENOUS | K10: =I19+I14 -> 11 | T10: 8 | X10: 0
B11: LVHR-HARD | C11: 0 | D11: =+#REF! -> #REF! | E11: 3700 | F11: =(#REF!*18.68)*I11/100 -> #REF! | G11: 0 | H11: 0 | I11: 0 | J11: ICC HARD | K11: =I10+I11+I12+I13+I15 -> 64 | T11: 9 | U11: 0 | V11: 300 | X11: 0
B12: =+#REF! -> #REF! | C12: 1800 | D12: =+#REF! -> #REF! | E12: 5400 | F12: =(#REF!*18.68)*I12/100 -> #REF! | G12: 30 | H12: 0 | I12: 40 | J12: ICC SOFT | K12: =+I17+I16+I18 -> 25 | T12: 10 | X12: 0
B13: =+#REF! -> #REF! | C13: 0 | D13: =+#REF! -> #REF! | E13: 3800 | F13: =(#REF!*18.68)*I13/100 -> #REF! | G13: 9 | H13: 0 | I13: 8 | T13: 11 | X13: 0
B14: =+#REF! -> #REF! | C14: 0 | D14: =+#REF! -> #REF! | E14: 1100 | F14: =(#REF!*18.68)*I14/100 -> #REF! | G14: 0 | H14: 0 | I14: 11 | T14: 12 | U14: 0 | V14: 200 | X14: 0
B15: =+#REF! -> #REF! | C15: 0 | D15: =+#REF! -> #REF! | E15: 2000 | F15: =(#REF!*18.68)*I15/100 -> #REF! | G15: 0 | H15: 0 | I15: 8 | T15: 13
B16: =+#REF! -> #REF! | C16: 0 | D16: =+#REF! -> #REF! | E16: 0 | F16: =(#REF!*18.68)*I16/100 -> #REF! | G16: 0 | H16: 0 | I16: 0 | T16: 14
B17: =+#REF! -> #REF! | C17: 5280 | D17: =+#REF! -> #REF! | E17: 7600 | F17: =(#REF!*18.68)*I17/100 -> #REF! | G17: 49 | H17: 39 | I17: 17 | L17: \ | T17: 15
B18: RUS-SOFT | C18: 0 | D18: =+#REF! -> #REF! | E18: 1400 | F18: =(#REF!*18.68)*I18/100 -> #REF! | G18: 0 | H18: 0 | I18: 8 | T18: 16
B19: =+#REF! -> #REF! | C19: 0 | D19: =+#REF! -> #REF! | E19: 0 | F19: =(#REF!*18.68)*I19/100 -> #REF! | G19: 0 | H19: 0 | I19: 0 | T19: 17 | X19: 0
B20: TOTAL | C20: =+SUM(C10:C19) -> 7080 | D20: =+SUM(D10:D19) -> #REF! | E20: =SUM(E10:E19) -> 25200 | F20: =SUM(F10:F19) -> #REF! | G20: =+SUM(G10:G19) -> 88 | H20: =+SUM(H10:H19) -> 39 | I20: =SUM(I10:I19) -> 100 | J20: SILOS STOCK IN COB#11 | T20: 18 | X20: 0
B21: COKING COAL : | C21: NEW PLANT | F21: COB-11 | I21: COB-11 | J21: COKING COAL : | K21: STOCK | L21: COB-11 COAL BLEND % | T21: 19 | X21: 0
B22: =+#REF! -> #REF! | C22: 0 | D22: =+#REF! -> #REF! | E22: 3890 | F22: =(#REF!*34.44)*I22/100 -> #REF! | G22: 0 | H22: 0 | I22: 7 | L22: INDIGENOUS | M22: =I28+I27 -> 5 | T22: 20 | X22: 0
B23: =+#REF! -> #REF! | C23: 0 | D23: =+#REF! -> #REF! | E23: 3310 | F23: =(#REF!*34.44)*I23/100 -> #REF! | G23: 0 | H23: 0 | I23: 10 | J23: =+B23 -> #REF! | K23: 0 | L23: ICC HARD | M23: =I23+I24+I25+I26+I29 -> 70 | T23: 21 | X23: 0
B24: =+#REF! -> #REF! | C24: 0 | D24: =+#REF! -> #REF! | E24: 10080 | F24: =(#REF!*34.44)*I24/100 -> #REF! | G24: 0 | H24: 0 | I24: 41 | J24: =+B24 -> #REF! | K24: 4900 | L24: ICC SOFT | M24: =+I30+I31+I32+I22 -> 25 | T24: 22
B25: =+#REF! -> #REF! | C25: 0 | D25: =+#REF! -> #REF! | E25: 3800 | F25: =(#REF!*34.44)*I25/100 -> #REF! | G25: 0 | H25: 0 | I25: 0 | J25: =+B25 -> #REF! | K25: 1450 | T25: 23
B26: =+#REF! -> #REF! | C26: 0 | D26: =+#REF! -> #REF! | E26: 290 | F26: =(#REF!*34.44)*I26/100 -> #REF! | G26: 0 | H26: 0 | I26: 7 | J26: =+B26 -> #REF! | K26: 1900 | T26: 24
B27: =+#REF! -> #REF! | C27: 0 | D27: =+#REF! -> #REF! | E27: 0 | F27: =(#REF!*34.44)*I27/100 -> #REF! | G27: 0 | H27: 0 | I27: 0 | J27: =+B27 -> #REF! | K27: 200 | T27: 25
B28: JAMADOBA | C28: 0 | D28: =+#REF! -> #REF! | E28: 3080 | F28: =(#REF!*34.44)*I28/100 -> #REF! | G28: 0 | H28: 0 | I28: 5 | J28: =+B28 -> JAMADOBA | K28: 0 | T28: 26
B29: =+#REF! -> #REF! | C29: 0 | D29: =+#REF! -> #REF! | E29: 180 | F29: =(#REF!*34.44)*I29/100 -> #REF! | G29: 0 | H29: 0 | I29: 12 | J29: =+B22 -> #REF! | K29: 650 | T29: 27
B30: =+#REF! -> #REF! | C30: 0 | D30: =+#REF! -> #REF! | E30: 4300 | F30: =(#REF!*34.44)*I30/100 -> #REF! | G30: 0 | H30: 0 | I30: 18 | J30: =+B30 -> #REF! | K30: 1800 | T30: 28
B31: =+#REF! -> #REF! | C31: 0 | D31: =+#REF! -> #REF! | E31: 0 | F31: =(#REF!*34.44)*I31/100 -> #REF! | G31: 0 | H31: 0 | I31: 0 | J31: =+B31 -> #REF! | K31: 0 | T31: 29
B32: =+#REF! -> #REF! | C32: 0 | D32: =+#REF! -> #REF! | E32: 0 | F32: =(#REF!*34.44)*I32/100 -> #REF! | G32: 0 | H32: 0 | I32: 0 | J32: =+B32 -> #REF! | K32: 0 | M32: ON DATE | N32: TO DATE | T32: 30
B33: TOTAL | C33: =+SUM(C22:C32) -> 0 | D33: =+SUM(D22:D32) -> #REF! | E33: =SUM(E22:E32) -> 28930 | F33: =SUM(F22:F32) -> #REF! | G33: =+SUM(G22:G32) -> 0 | H33: =+SUM(H22:H32) -> 0 | I33: =SUM(I22:I32)+I35 -> 100 | J33: TOTAL | K33: =+SUM(K22:K32) -> 10900 | L33: GROUND COKE USED BY BF | T33: 31
B34: CDI COAL | C34: 0 | D34: =+#REF! -> #REF! | E34: 9800 | F34: 1215 | G34: 0 | H34: 0 | J34: RAW MATERIAL TRANSFER TO BASEMIX PLANT | T34: STOCK | U34: =SUM(U2:U33) -> 100 | V34: =SUM(V2:V33) -> 800 | W34: =SUM(W2:W33) -> 53983.4 | X34: =SUM(X2:X33) -> 0
B35: COKING COAL IN BED-4 | E35: 0 | K35: A | L35: B | M35: C | N35: TOTAL | O35: TO DATE | U35: 100 | V35: 1200
B36: BOILER COAL : | E36: STOCK ↓ | G36: UNLOAD | H36: ON HAND | J36: IRONORE FINES | K36: 2850 | L36: 4120 | M36: 3734 | N36: =SUM(K36:M36) -> 10704 | O36: =+#REF! -> #REF! | V36: 44470
B37: BY RAIL : ECL | C37: 0 | D37: =+#REF! -> #REF! | E37: 0 | G37: 0 | H37: 0 | J37: LIMESTONE | K37: 288 | L37: 130 | M37: 126 | N37: =SUM(K37:M37) -> 544 | O37: =+#REF! -> #REF!
B38: BCDL (NMCL) | C38: 0 | D38: =+#REF! -> #REF! | E38: 300 | F38: 19 | G38: 0 | H38: 0 | J38: DOLOMITE | K38: 460 | L38: 540 | M38: 544 | N38: =SUM(K38:M38) -> 1544 | O38: =+#REF! -> #REF!
B39: RAJRAPPA | C39: 0 | D39: =+#REF! -> #REF! | E39: 0 | G39: 0 | H39: 0 | J39: COKE FINES RECEIVED FROM BF-5 | K39: 182 | L39: 140 | M39: 160 | N39: =SUM(K39:M39) -> 482 | O39: =+#REF! -> #REF!
B40: TOTAL ECL | C40: =+SUM(C37:C39) -> 0 | D40: =+SUM(D37:D39) -> #REF! | E40: =+SUM(E37:E39) -> 300 | F40: 0 | G40: =SUM(G37:G39) -> 0 | H40: =SUM(H37:H39) -> 0 | J40: BASE MIX PREPARATION | K40: 2689 | L40: 6656 | M40: 5105 | N40: =SUM(K40:M40) -> 14450 | O40: =+#REF! -> #REF!
B41: RAMNAGAR (BY ROAD) | J41: BASE MIX SENT TO SINTER PLANT | K41: 4482 | L41: 5354 | M41: 4100 | N41: =SUM(K41:M41) -> 13936 | O41: =+#REF! -> #REF! | T41: DSP BILLETS (125*125)
B42: TOTAL BOILER COAL | C42: =SUM(C40:C41) -> 0 | D42: =SUM(D40:D41) -> #REF! | E42: =SUM(E40:E41) -> 300 | F42: =SUM(F40:F41) -> 0 | J42: BASE MIX STOCK IN BEDS | N42: 55105 | O42: ESSB STOCK | T42: DATE | U42: QUANTITY (T) | V42: GRN QTY
B43: ORE & FLUX | C43: NEW PLANT | J43: BASE MIX STOCK IN BINS | M43: SP M/C-1 | N43: 4800 | T43: 15.09.20 | U43: 61 | V43: 61
C44: ON DATE | D44: TO DATE | E44: STOCK | F44: UNLOAD | G44: ON HAND | M44: SP M/C-2 | N44: 4100 | O44: 9440 | T44: 17.09.20 | U44: 1837.5 | V44: 1777.4
B45: IRON ORE LUMPS | C45: 2160 | D45: =+#REF! -> #REF! | E45: 63369 | F45: 36 | G45: 0 | J45: RAW MATERIALS TRANSFER TO BF-5 | T45: 27.09.20 | U45: 1466.8 | V45: =1281.2+60.1 -> 1341.3
B46: IRON ORE FINES | C46: 12300 | D46: =+#REF! -> #REF! | E46: 120627 | F46: 243 | G46: 0 | K46: A | L46: B | M46: C | N46: TOTAL | O46: TO DATE | T46: 05.10.20 | U46: 1822.4 | V46: 1822.4
B47: FLUX: | J47: BF COKE | K47: 1588.55 | L47: 1593.75 | M47: 1472.55 | N47: =SUM(K47:M47) -> 4654.85 | O47: =+#REF! -> #REF! | T47: 09.10.20 | U47: 1831.7 | V47: 1831.7
B48: LIMESTONE (LDCP RETURN) | C48: 0 | D48: =+#REF! -> #REF! | E48: 6005 | F48: 0 | G48: 0 | J48: BF SINTER | K48: 4020 | L48: 3631 | M48: 3869 | N48: =SUM(K48:M48) -> 11520 | O48: =+#REF! -> #REF!
B49: LIMESTONE (SMS Grade) | C49: 0 | D49: =+#REF! -> #REF! | E49: 5481 | F49: 0 | G49: 0 | J49: I/ORE LUMPS | K49: 841 | L49: 1014 | M49: 771 | N49: =SUM(K49:M49) -> 2626 | O49: =+#REF! -> #REF! | P49: =+O48-P48 -> #REF! | T49: TOTAL | U49: =SUM(U43:U48) -> 7019.4 | V49: =SUM(V44:V48) -> 6772.8
B50: DOLOMITE (BF/SP Grade) | C50: 0 | D50: =+#REF! -> #REF! | E50: 4230 | F50: 0 | G50: 0 | J50: QUARTZITE | K50: 0 | L50: 0 | M50: 0 | N50: =SUM(K50:M50) -> 0 | O50: =+#REF! -> #REF!
B51: DOLOMITE (SMS Grade) | C51: 0 | D51: =+#REF! -> #REF! | E51: 19181 | F51: 0 | G51: 0 | J51: LD SLAG | K51: 0 | L51: 0 | M51: 0 | N51: =SUM(K51:M51) -> 0 | O51: =+#REF! -> #REF!
B52: QUARTZITE : | C52: 0 | D52: =+#REF! -> #REF! | E52: 1750 | F52: 0 | G52: 0 | J52: RAW MATERIALS TRANSFER TO LDCP
B53: DOLOMITE (FINES) | C53: 0 | D53: =+#REF! -> #REF! | E53: 0 | F53: 0 | G53: 0 | K53: A | L53: B | M53: C | N53: TOTAL | O53: TO DATE
B54: NEW PLANT RECEIVED RAKE DETAILS | J54: LIME STONE | K54: 355 | L54: 620 | M54: 500 | N54: =SUM(K54:M54) -> 1475 | O54: =+#REF! -> #REF!
B55: S.No | C55: SOURCE | D55: RECEIVED TIME | E55: OUT TIME | F55: FREE TIME | G55: 2371.05 | H55: UNLOADING (WGNS/HOUR) | I55: =+H55 -> UNLOADING (WGNS/HOUR) | J55: DOLOMITE | K55: 0 | L55: 0 | M55: 0 | N55: =SUM(K55:M55) -> 0 | O55: =+#REF! -> #REF!
B56: 1) | G56: 1283.8 | I56: =DAILYREPORT1!D9*12.7 -> 38227 | K56: IRON ORE SCREENING REPORT | N56: ONDATE | O56: TODATE
B57: 2) | I57: =SUM(I55:I56) -> 38227 | K57: IRON ORE LUMPS | N57: 930 | O57: =+#REF! -> #REF!
B58: 3) | G58: 72 | K58: IRON ORE FINES | N58: 9163 | O58: =+#REF! -> #REF!
B59: 4) | G59: 24.5 | K59: TOTAL | N59: =SUM(N57:N58) -> 10093 | O59: =SUM(O57:O58) -> #REF!
B60: 5) | I60: =Z2+I57-O47-DAILYREPORT1!D52 -> #REF! | J60: CAL. LIME FINES TO SINTER PLANT (NO. OF TANKERS) | L60: A | M60: B | N60: C | O60: TOTAL
B61: 6) | L61: 7 | M61: 7 | N61: 6 | O61: =SUM(L61:N61) -> 20
B62: 7) | K62: TONS | L62: =+L61*8 -> 56 | M62: =+M61*8 -> 56 | N62: =+N61*8 -> 48 | O62: =SUM(L62:N62) -> 160
B63: 8) | I63: ARRIVAL FORECAST OF RAW MATERIALS
I64: FOR OLD PLANT
B65: S.No | C65: SOURCE | D65: RECEIVED TIME | E65: OUT TIME | F65: FREE TIME | G65: Σ HRS | H65: UNLOADING + LOADING RATE (WGNS/HOUR) | I65: 1)
B66: 1) | C66: 59 N ICC(MZ/H) | D66: 10:25 H(29.08.17) | E66: 4 N PENDING | F66: 18 H | G66: AWAITING | I66: 2)
I67: FOR NEW PLANT
B68: 2) | I68: 1) | J68: 59 N IOF BOLANI LEFT MDKD AT 05:15 H
I69: 2) | J69: 59 N L/STN JSM LEFT BKI AT 23:25 H
B70: 3) | I70: 3) | J70: 59 N L/STN JSM ARRIVED GMC AT 3:20 H
I71: 4) | J71: 59 N L/STN JSM STABLE MHQ FROM 0:00 H
B72: 4) | I72: 5) | J72: 59 N IOF MBR LEFT MXW AT 04:40 H
I73: 6) | J73: 59 N ICC AUS-H LEFT BERO AT 05:20 H
B74: NEW PLANT | I74: 7) | J74: 55 S IOL BOLANI U/FORMATION FROM 21:00 H
B75: S.No | C75: SOURCE | D75: RECEIVED TIME | E75: OUT TIME | F75: FREE TIME | G75: Σ HRS | H75: UNLOADING RATE (WGNS/HOUR) | I75: 8) | J75: 59 N IOF GUA U/LOADING FROM 05:00 H
B76: 1) | C76: 59 N ICC(AUS-H) | D76: 03:30 H(30.08.17) | E76: 11.30 H(30.08.17) | F76: 5 H | G76: ∑08°00' | H76: =59/8 -> 7.375
B77: 2) | C77: 58 N LIMESTONE(SMS Gr.) | D77: 01:05 H(30.08.17) | E77: 08.05H(30.08.17) | F77: 5 H | G77: ∑07°00' | H77: =58/7 -> 8.2857143
B78: 3) | C78: 58 N IOF GUA | D78: 08.05H(30.08.17) | E78: 15.15H(30.08.17) | F78: 5 H | G78: ∑07°00' | H78: =58/7 -> 8.2857143 | I78: STEEL RAKE OUT POSITION
B85: OLD PLANT RECEIVED AND BACK LOADING RAKE DETAILS | J85: Rakes in transit
B86: S.No | C86: SOURCE | D86: RECEIVED TIME | E86: OUT TIME | F86: FREE TIME | G86: Σ HRS | H86: UNLOADING (WGNS/HOUR) | I86: S.NO | J86: COAL | M86: FLUX/ORES/OTHERS
B87: 1) | I87: 1
B88: 2) | I88: 2
B89: 3) | I89: 3
I90: 4
B91: STEEL RAKE DETAILS | I91: 5
B92: S.NO | C92: No. of wagons | D92: Destination | E92: Out time | F92: Detention | I92: 6
I93: 7
I94: 8
I95: 9
I96: 10
I97: 11
I98: 12
I99: 13
I100: 14
I101: 15

Sheet DAILYREPORT1
GY2: -55 | HE2: 0 | HK2: -4
C4: स्टील अथॉरिटी ऑफ़ इंडिया लिमिटेड | F4: "MAY-26 IS DESIGNATED AS THE CAPITAL REPAIR MONTH" | J4: संयंत्र नियंत्रण
C5: इस्को इस्पात संयंत्र - बर्नपुर | G5: दैनिक प्रदर्शन प्रतिवेदन | J5: 31 | K5: 46143
B6: उत्पादन | C6: तिथि पर | D6: तिथि तक | E6: मासिक दर | F6: प्रतिशत पूर्ति | G6: ABP | H6: ACTUAL | I6: GROWTH OVER CPLY (%) | J6: ASKING | K6: ACTUAL YEARLY PRODUCTION
G7: 46143 | H7: 45778 | J7: RATE | K7: (2026-27)
B8: COKE OVEN PUSHING COB-8
B9: (OVEN-78) COB-10 | C9: 98 | D9: 3010 | E9: 97.096774 | F9: 99.078341 | G9: 98 | H9: 97.6 | I9: -0.51560021 | J9: #DIV/0! | K9: 5950
B10: (OVEN -74) COB-11 | C10: 99 | D10: 2904 | E10: 93.677419 | F10: 97.580645 | G10: 96 | H10: 97.5 | I10: -3.9205955 | J10: #DIV/0! | K10: 5857
B11: TOTAL (EQUIVALENT. No'S.) | C11: 279.566 | D11: 8335.936 | E11: 268.90116 | F11: 98.116192 | G11: 274.064 | H11: 276.4 | I11: -2.7130386 | J11: #DIV/0! | K11: 16691.738
B12: SINTER M/C-1 PRODUCTION | C12: 5905 | D12: 71200 | E12: 71200 | F12: SINTER STOCK AT ESSB | G12: 9440 | K12: 252637
B13: SINTER M/C-2 PRODUCTION | C13: 6035 | D13: 83384 | E13: 83384 | K13: 255399
B14: TOTAL SINTER PRODUCTION | C14: 11940 | D14: 154584 | E14: 154584 | F14: 58.950002 | G14: 262229 | H14: 355306 | I14: -56.492713 | J14: -7688.9286 | K14: 508036
B16: HOT METAL PRODUCTION | C16: 8804.7 | D16: 110808.6 | E16: 110808.6 | F16: 59.255936 | G16: 187000 | H16: 255731 | I16: -56.66986 | J16: #DIV/0! | K16: 347885.7
B17: DISTRIBUTION : BOF | C17: 8804.7 | D17: 103142 | E17: 103142 | F17: 56.827548 | G17: 181500 | H17: 252875 | I17: -59.212259 | J17: #DIV/0! | K17: 339924.1
B18: PCM | C18: 0 | D18: 2442.6 | E18: 2442.6 | F18: 122.13 | G18: 2000 | H18: 2856 | I18: -14.47479 | J18: #DIV/0! | K18: 2737.6
B19: NET PIG | C19: 0 | D19: 2039.571 | E19: 5224 | F19: 290.22222 | G19: 1800 | H19: 2384.76 | I19: 119.05768 | J19: #DIV/0! | K19: 2285.896
B20: SAND PIT/DRY PIT | C20: 0 | D20: 5224 | E20: 5224 | F20: 149.25714 | G20: 3500 | H20: 0 | J20: #DIV/0! | K20: 5224
B21: GRANULATED SLAG | C21: 2767 | D21: 34419 | E21: 34419 | F21: 52.609134 | G21: 65424 | H21: 75419 | I21: -54.362959 | J21: #DIV/0! | K21: 107390
B22: BOF - 1 :- No. OF HEATS | C22: 23 | D22: 252 | E22: CONVERTER LIFE | F22: 3429 | G22: 0 | H22: तिथि पर | I22: तिथि तक | K22: 594
B23: BOF - 2 :- No. OF HEATS | C23: 14 | D23: 147 | F23: 5981 | G23: RETURN HEATS | H23: 0 | I23: 0.53307692 | K23: 706 | DP23: 184
B24: BOF - 3 :- No. OF HEATS | C24: 18 | D24: 229 | F24: 17463 | G24: DS HEATS | H24: 23 | I24: 204 | K24: 750
B25: TOTAL HEATS | C25: 55 | D25: 628 | E25: AVERAGE HEATS | F25: 0 | G25: RH HEATS | H25: 0 | I25: 10 | K25: 2050
B26: CCP - 1 :- No. OF CASTS | C26: 23 | D26: 241 | E26: 39.25 | G26: AVG CAST WEIGHT | H26: 155.93891 | I26: 156.0153 | K26: 736
B27: CCP - 2 :- No. OF CASTS | C27: 17 | D27: 250 | K27: 814
B28: CCP - 3 :- No. OF CASTS | C28: 15 | D28: 137 | E28: AVERAGE CASTS | K28: 496
B29: TOTAL CASTS | C29: 55 | D29: 628 | E29: 39.25 | F29: प्रतिशत पूर्ति | G29: ABP MAY-26 | H29: ACTUAL MAY-25 | I29: GROWTH OVER CPLY (%) | J29: ASKING RATE | K29: 2046
B30: CCM - 1 & 2 : [150X150X12] | C30: 6236.64 | D30: 76603.65 | E30: 76603.65 | F30: 70.859103 | G30: 108107 | H30: 175200 | I30: -56.276455 | J30: #DIV/0! | K30: 243492.23
B31: CCM-3 : [BB-2] | C31: 2340 | D31: 21373.958 | E31: 21373.958 | F31: 34.036591 | G31: 62797 | H31: 61439 | I31: 0 | J31: #DIV/0! | K31: 77710.238
B32: TOTAL CRUDE STEEL | C32: 8576.64 | D32: 97977.608 | E32: 97977.608 | F32: 57.329031 | G32: 170904 | H32: 236639 | I32: -58.596171 | J32: #DIV/0! | K32: 321202.47
B33: WRM ( 6 mm WRC ) | C33: 1338.65 | D33: 21527.45 | E33: 21527.45 | F33: 57.406533 | G33: 37500 | H33: 39362 | I33: -45.309054 | J33: #DIV/0! | K33: 63061.325
B34: BAR MILL ( 16 mm TMT) | C34: 2341.525 | D34: 33352.684 | E34: 33352.684 | F34: 46.975611 | G34: 71000 | H34: 76176 | I34: -56.216283 | J34: #DIV/0! | K34: 108023.39
B35: USM ( ISMC-250 ) | C35: 681.7 | D35: 10554.693 | E35: 10554.693 | F35: 17.73898 | G35: 59500 | H35: 57219 | I35: -81.553867 | J35: #DIV/0! | K35: 63052.983
B36: FINISHED STEEL | C36: 4361.875 | D36: 65434.827 | E36: 65434.827 | F36: 38.949302 | G36: 168000 | H36: 172757 | I36: -62.123198 | J36: #DIV/0! | K36: 234137.7
B37: CC BILLETS (150 X 150) | C37: 0 | D37: 19329 | E37: 19329 | F37: #DIV/0! | G37: 0 | H37: 52556 | I37: -63.222087 | J37: 19329 | K37: 57724
B38: CC BLOOMS | C38: 0 | D38: 3468 | E38: 3468 | F38: #DIV/0! | G38: 0 | H38: 3000 | I38: 15.6 | J38: 495.42857 | K38: 5080
B39: TOTAL SALEABLE STEEL | C39: 4361.875 | D39: 88231.827 | E39: 88231.827 | F39: 52.518945 | G39: 168000 | H39: 228313 | I39: -61.354883 | J39: #DIV/0! | K39: 296941.72
B40: प्रेषण | C40: तिथि पर | D40: तिथि तक | E40: मासिक दर | F40: प्रतिशत पूर्ति | G40: CMO PLAN MAY-26 | H40: ACTUAL MAY-25 | I40: GROWTH OVER CPLY (%) | J40: ASKING RATE | K40: ACTUAL YEARLY DESPATCH (2025-26)
B41: WR MILL | C41: 677.86 | D41: 29364.5 | E41: 29364.5 | F41: 97.881667 | G41: 30000 | H41: 39367 | I41: -25.408337 | J41: #DIV/0! | K41: 70440.83
B42: BAR MILL | C42: 787.08 | D42: 35191.93 | E42: 35191.93 | F42: 74.876447 | G42: 47000 | H42: 67348 | I42: -47.746139 | J42: #DIV/0! | K42: 113891.19
B43: USM | C43: 1612 | D43: 28875.27 | E43: 28875.27 | F43: 93.146032 | G43: 31000 | H43: 57716 | I43: -49.970078 | J43: #DIV/0! | K43: 79415.94
B44: CC BLOOMS (150 X 150 ) | C44: 0 | D44: 22035.5 | E44: 22035.5 | F44: #DIV/0! | G44: 0 | H44: 50016 | I44: -55.943098 | J44: #DIV/0! | K44: 52517.5
B45: CC BLOOMS | C45: 0 | D45: 3877.8 | E45: 3877.8 | F45: #DIV/0! | G45: 0 | H45: 3020 | I45: 28.403974 | J45: #DIV/0! | K45: 5502.8
B46: TOTAL S.STEEL DESPATCH | C46: 3076.94 | D46: 119345 | E46: 119345 | F46: 110.50463 | G46: 108000 | H46: 217467 | I46: -45.120409 | J46: #DIV/0! | K46: 321768.26
B47: 0 | C47: 0 | D47: 0 | E47: 0 | F47: 0 | G47: 0 | H47: 0 | I47: 0 | J47: 0
B48: PIG IRON (BF-5) | C48: 0 | D48: 0 | E48: 0 | F48: 0 | G48: 4075 | H48: 2498 | I48: -100 | J48: #DIV/0! | K48: 296.7
B49: GRANULATED SLAG (BF-5) | C49: 0 | D49: 35348.58 | E49: 35348.58 | F49: 54.029989 | G49: 65424 | H49: 83445 | I49: -57.638468 | J49: #DIV/0! | K49: 104593.72
B50: LD SLAG | C50: 0 | D50: 10011.1 | E50: 10011.1 | F50: 52.968783 | G50: 18900 | H50: 9134 | I50: 9.6025838 | J50: #DIV/0! | K50: 15254.27
B51: IPT/OTHER DESPATCH | C51: तिथि पर | D51: तिथि तक | E51: मासिक दर | F51: प्रतिशत पूर्ति | G51: ABP MAY-26 | H51: ITEMS | I51: STOCK AS ON 6 AM TODAY | J51: STOCK AS ON 01.05.26
B52: BF COKE | C52: 0 | D52: 0 | E52: 0 | F52: #DIV/0! | G52: 0 | H52: BF COKE | I52: 73850.448 | J52: 21461
B53: COKE FRACTIONS | C53: 0 | D53: 0 | E53: 0 | F53: #DIV/0! | G53: 0 | H53: COKE BREEZE | I53: 6585 | J53: 5135
B54: IPT BILLETS/BLOOMS | C54: 0 | D54: 0 | E54: 0 | F54: #DIV/0! | G54: 0 | H54: PELLET | I54: 49532 | J54: 5133
B55: COAL TAR | C55: 0 | D55: 3169.52 | E55: 3169.52 | F55: 89.156681 | G55: 3555 | H55: COAL TAR | I55: 2998.48 | J55: 2714
B56: SOA | C56: 0 | D56: 616.85 | E56: 616.85 | F56: 67.268266 | G56: 917 | H56: JHAMA COAL | I56: 0 | J56: 0
B57: SINTER | C57: 0 | D57: 0 | H57: SONEPUR BAZARI | I57: 0 | J57: 0
H58: SOA | I58: 124.02 | J58: 84.05
B59: POWER & BLOWING STATIONS | C59: TRTG/BPTG | D59: PBS (STGs) | E59: OTHERS POWER GEN. | F59: COKE OVEN TECHNO PARAMETERS | H59: Norm | I59: तिथि पर | J59: तिथि तक
B60: AVG.POWER GEN. (MW) | C60: 17.61 | D60: 36.48 | E60: 1.63 | F60: BF COKE YIELD (COB - 11) (%) | H60: 69.5 | I60: 69.5 | J60: 69.5
B61: AVG. DVC/IPCL IMPORT (MW) | C61: 100.03 | F61: Imported Coal in Blend-COB-10(%) | H61: 89 | I61: 89 | J61: 89
B62: TOTAL PLANT LOAD (MW) | C62: 155.75 | F62: Imported Coal in Blend-COB-11(%) | H62: 95 | I62: 95 | J62: 95 | M62: 20
B63: OXYGEN PLANT | C63: [TRAIN-1] TURBINE-A & [TRAIN-2] TURBINE-A | F63: SINTER PLANT TECHNO PARAMETERS | H63: Norm | I63: तिथि पर | J63: तिथि तक
C64: PRODUCTION | D64: CONSUMPTION | E64: LIQUID STOCK (T) | F64: COKE BREEZE CONSUMPTION (kg/TGS) | H64: 63 | I64: 61.1 | J64: 63.6
B65: OXYGEN (T) | C65: 1457.6 | D65: 1638.6 | E65: 3287 | F65: JHAMA COAL IN COKE BREEZE (kg/T) | H65: 6 | I65: 0 | J65: 0
B66: NITROGEN (T) | C66: 1140.9 | D66: 1127.8 | E66: 1302 | F66: BLAST FURNACE TECHNO PARAMETERS | H66: Norm | I66: तिथि पर | J66: तिथि तक
B67: ARGON (T) | C67: 55.3 | D67: 26.9 | E67: 310 | F67: COKE RATE (Kg / THM) | H67: 356 | I67: 359 | J67: 417.01058
B68: LIQUID OXYGEN (T) | C68: 58 | F68: Nut Coke Rate (Kg / THM) | H68: 29 | I68: 34 | J68: 33.440772
F69: CDI Rate (Kg / THM) | H69: 140 | I69: 138 | J69: 93.218739
B70: LIME DOLO CALCINATION PLANT | F70: FUEL Rate (Kg / THM) | H70: 525 | I70: 531 | J70: 543.67009
C71: तिथि पर | D71: तिथि तक | E71: स्टॉक | F71: Sinter in Burden (%) | H71: 70 | I71: 65 | J71: 69.046707
B72: CAL. DOLO PRODUCTION (T) | C72: 0 | D72: 703 | E72: 0 | F72: Pellet in Burden (%) | H72: 17 | I72: 20 | J72: 17.949839
B73: CAL. LIME PRODUCTION (T) | C73: 722 | D73: 8785 | E73: 591 | F73: BF Productivity (t/cum/day) | H73: 2.394 | I73: 2.479 | J73: 1.8232439
B74: CAL. LIME/DOLO ANALYSIS | C74: % L.O.I | D74: REACTIVITY (Avg) | E74: Sp.Power consumption (KWH/TSS) | F74: BF Slag Rate (Kg / THM) | H74: 357 | I74: 324 | J74: 354.15209
B75: KILN-2 [LIME] | C75: 7 | D75: 300 | E75: ON DATE | F75: Si in Hotmetal (%) | H75: 0.53 | I75: 0.64 | J75: 0.87359897
B76: KILN-3 [LIME] | C76: 7.6 | D76: 320 | E76: 605.89 | F76: Hot Blast Temperature (⁰C) | H76: 1200 | I76: 1141 | J76: 1118.7957
B77: KILN-4 [LIME] | C77: * | D77: * | E77: TO DATE | F77: Avg. Hot Metal Temperature (⁰C) | H77: 1500 | I77: 1508 | J77: 1510.1864
B78: KILN-1 [LIME] | C78: 6.7 | D78: 320 | E78: 555.29 | F78: O2 Enrichment in BF (%) | H78: 5 | I78: 4.93 | J78: 3.35
F79: Sonepur Bazari Consp in Total PCI (%) | H79: * | J79: #DIV/0!
F80: (SMS) TECHNO PARAMETERS | H80: Norm | I80: 46172 | J80: तिथि तक
F81: Gross Hotmetal Consumption (Kg/TCS) | H81: 1062 | I81: 1044.56 | J81: 1044.17
F82: Scrap Consumption (Kg/TCS) | H82: 34 | I82: 49.19 | J82: 51.4
F83: Sp. Lime Consumption (Kg/TCS) | H83: 70 | I83: 65.38 | J83: 75.98
B84: कच्चे माल की गुणवत्ता | F84: BOF Slag Rate (KG/TLS) | H84: 122 | I84: 135.43 | J84: 178.51
F85: Sp.Energy consumption (Gcal/TCS) (31.05.26) | H85: 6.245 | I85: 5.682 | J85: 7.326
F86: Sp.Power consumption with Oxygen Plant (KWH/TSS) (30.05.26) | H86: 516 | I86: 798.97 | J86: 801.24
B87: ITEM | C87: SIO2 | D87: Al2O3 | E87: Fe | F87: Sp.Power consumption (KWH/TSS) (31.05.26) | H87: 387 | I87: 605.89 | J87: 555.29
B88: IRON ORE FINES | C88: 3.69 | D88: 2.75 | E88: 62.13
B89: IRON ORE LUMPS | C89: 3 | D89: 2.31 | E89: 62.84 | F89: CaO | G89: MgO | H89: FeO | I89: Av.Lime
B90: BASE MIX | C90: 4.88 | D90: 1.83 | E90: 46.62 | F90: 6.66 | G90: 2.18 | H90: * | I90: *
B91: SINTER | C91: 4.83 | D91: 2.44 | E91: 57.04 | F91: 8.48 | G91: 2.72 | H91: 9.91 | I91: 3.66
B93: COKE ANALYSIS | C93: MOIST | D93: ASH | E93: V.M | F93: M-40 | G93: M-10 | H93: CSR | I93: CRI
B94: COB-10 | C94: 2.7 | D94: 14 | E94: 1 | F94: 87.1 | G94: 7.4 | H94: * | I94: *
B95: COB-11 | C95: 0.63 | D95: 13.5 | E95: 0.99 | F95: 90.1 | G95: 5.4 | H95: 68.9 | I95: 21.6
B96: HOT METAL ANALYSIS | C96: Si | D96: S | E96: Mn | F96: P
B97: MIN | C97: 0.32 | D97: 0.023 | E97: 0.052 | F97: 0.093 | G97: SEMIS STOCK
B98: MAX | C98: 1.24 | D98: 0.048 | E98: 0.086 | F98: 0.157 | G98: ITEM | H98: INPROCESS | I98: SALEABLE | J98: OTHERS | K98: TOTAL
G99: 150X150 BILLETS | H99: 33019.74 | I99: 13320.5 | J99: 3466 | K99: 49806.24
B100: बिक्री योग्य स्टॉक | C100: STOCK AS ON | D100: STOCK AS ON | E100: STOCK AS ON | G100: 200X280 BLOOMS | H100: 3211.28 | I100: 670.2 | J100: 350 | K100: 4231.48
C101: 6 AM TODAY | D101: 01.05.26 | E101: 01.04.26 | F101: AS ON 01.06.21 | G101: BEAM BLANKS | H101: 43723 | I101: 0 | J101: 390 | K101: 44113
B102: WR MILL | C102: 1362.95 | D102: 9200 | E102: 8743 | F102: 909 | G102: TOTAL SEMIS | H102: 79954.02 | I102: 13990.7 | J102: 4206 | K102: 98150.72
B103: BAR MILL | C103: 11037.754 | D103: 12877 | E103: 16906 | F103: AS ON 06:00 AM | H103: 3076.94
B104: USM | C104: 4856.423 | D104: 23177 | E104: 21219 | F104: 390 | G104: DESPATCH (RAIL& ROAD) | H104: तिथि पर | I104: तिथि तक
...

Sheet RAWMATERIAL & CONSTRAINTS
GX2: -55 | HD2: 0 | HJ2: -4
B3: Source | C3: Coal Blend | D3: Opening Stock 01.05.26 | E3: Received on Date | F3: Received To Date | G3: Consumption on Date | H3: Actual Closing Stock | I3: Tippling | J3: STOCK AVAILABILITY (DAYS) | K3: Source | L3: Coal Blend | M3: Opening Stock 01.05.26 | N3: Received on Date | O3: Received To Date | P3: Consumption on Date | Q3: Actual Closing Stock | T3: Tippling | U3: STOCK AVAILABILITY (DAYS)
C4: Old Plant | L4: New Plant
B5: AUS - HARD | C5: 40 | D5: 1300 | E5: 1800 | F5: 28972 | G5: 732.256 | H5: 5400 | I5: 30 | J5: 7.3744701 | K5: AUS - HARD | L5: 41 | M5: 9070 | N5: 0 | O5: 39067 | P5: 1397.9196 | Q5: 10080 | T5: 0 | U5: 7.2107151
B6: USA - HARD | C6: 8 | D6: 200 | E6: 0 | F6: 7412 | G6: 146.4512 | H6: 3800 | I6: 9 | J6: 25.94721 | K6: LVHR | L6: 0 | M6: 0 | N6: 0 | O6: 3803 | P6: 0 | Q6: 3800 | T6: 0 | U6: -
B7: TRIAL MLV HARD | C7: 8 | D7: 3300 | E7: 0 | F7: 4059 | G7: 146.4512 | H7: 2000 | I7: 0 | J7: 13.656426 | K7: MOZ-H/INDO-H/USA-H | L7: 7 | M7: 4950 | N7: 0 | O7: 3754 | P7: 238.6692 | Q7: 290 | T7: 0 | U7: 1.2150709
B8: TRIAL MABU-HARD | C8: 8 | D8: 1200 | E8: 0 | F8: 3726 | G8: 146.4512 | H8: 200 | I8: 0 | J8: 1.3656426 | K8: TRIAL MLV HARD | L8: 12 | M8: 2190 | N8: 0 | O8: 11355 | P8: 409.1472 | Q8: 180 | T8: 0 | U8: 0.43993946
B9: LVHR-HARD | C9: 0 | D9: 0 | E9: 0 | F9: 3836 | G9: 146.4512 | H9: 3700 | I9: 0 | J9: 25.264388 | K9: TRIAL MABU-H | L9: 10 | M9: 1110 | N9: 0 | O9: 12014 | P9: 340.956 | Q9: 3310 | T9: 0 | U9: 9.7079975
B10: ICC Hard | C10: 64 | D10: 6000 | E10: 1800 | F10: 48005 | G10: 1318.0608 | H10: 15100 | I10: 39 | J10: 11.456224 | K10: ICC Hard | L10: 70 | M10: 17320 | N10: 0 | O10: 69993 | P10: 2386.692 | Q10: 17660 | T10: 0 | U10: 7.3993628
B11: AUS- SOFT | C11: 17 | D11: 1600 | E11: 5280 | F11: 12949 | G11: 311.2088 | H11: 7600 | I11: 49 | J11: 24.420903 | K11: AUS- SOFT | L11: 18 | M11: 2720 | N11: 0 | O11: 11996 | P11: 613.7208 | Q11: 4300 | T11: 0 | U11: 7.0064433
B12: USA - SOFT | C12: 0 | D12: 0 | E12: 0 | F12: 0 | G12: 0 | H12: 0 | I12: 0 | J12: - | K12: KESTREL - SOFT | L12: 0 | M12: 0 | N12: 0 | O12: 0 | P12: 0 | Q12: 0 | T12: 0 | U12: -
B13: KESTREL - SOFT | C13: 0 | D13: 0 | E13: 0 | F13: 0 | G13: 0 | H13: 0 | I13: 0 | J13: - | K13: USA-SOFT | L13: 0 | M13: 0 | N13: 0 | O13: 0 | P13: 0 | Q13: 0 | T13: 0 | U13: -
B14: RUS-SOFT | C14: 8 | D14: 6300 | E14: 0 | F14: 0 | G14: 0 | H14: 1400 | I14: 0 | J14: - | K14: RUS-SOFT | L14: 7 | M14: 1430 | N14: 0 | O14: 11512 | P14: 238.6692 | Q14: 3890 | T14: 0 | U14: 16.29871
B15: ICC-Soft | C15: 25 | D15: 7900 | E15: 5280 | F15: 12949 | G15: 311.2088 | H15: 9000 | I15: 49 | J15: 28.919491 | K15: ICC Soft | L15: 25 | M15: 4150 | N15: 0 | O15: 23508 | P15: 852.39 | Q15: 8190 | T15: 0 | U15: 9.6082779
B16: BELHATAND | C16: 0 | D16: 0 | E16: 0 | F16: 0 | G16: 0 | H16: 0 | I16: 0 | J16: - | K16: MUNIDIH | L16: 0 | M16: 0 | N16: 0 | O16: 0 | P16: 0 | Q16: 0 | T16: 0 | U16: -
B17: JAMADOBA | C17: 11 | D17: 3200 | E17: 0 | F17: 3886 | G17: 201.3704 | H17: 1100 | I17: 0 | J17: 5.4625705 | K17: JAMADOBA | L17: 5 | M17: 350 | N17: 0 | O17: 7491 | P17: 170.478 | Q17: 3080 | T17: 0 | U17: 18.066847
B18: Total PCC | C18: 11 | D18: 3200 | E18: 0 | F18: 3886 | G18: 201.3704 | H18: 1100 | I18: 0 | J18: 5.4625705 | K18: Total PCC | L18: 5 | M18: 350 | N18: 0 | O18: 7491 | P18: 170.478 | Q18: 3080 | T18: 0 | U18: 18.066847
B19: Grand Total | C19: 100 | D19: 17100 | E19: 7080 | F19: 64840 | G19: 1830.64 | H19: 25200 | I19: 88 | J19: 13.765678 | K19: Grand Total | L19: 100 | M19: 21820 | N19: 0 | O19: 100992 | P19: 3409.56 | Q19: 28930 | T19: 0 | U19: 8.4849658
B21: RAWMATERIALS | D21: Opening Stock 01.05.26 | E21: Received on Date | F21: Received To Date | G21: Consumption on Date | H21: Actual Closing Stock | I21: Tippling | J21: on Hand | K21: STOCK AVAILABILITY (DAYS) | L21: RAWMATERIALS | N21: Opening Stock 01.05.26 | O21: Received on Date | P21: Received To Date | Q21: Consumption on Date | S21: Closing Stock | T21: Tippling | U21: on Hand | V21: STOCK AVAILABILITY (DAYS)
B22: IRON ORE LUMPS | D22: 54581 | E22: 2160 | F22: 46810 | G22: 2325.4974 | H22: 63369 | I22: 36 | J22: 0 | K22: 31.6845 | L22: CDI | N22: 10250 | O22: 0 | P22: 11354 | Q22: 1215 | S22: 9800 | T22: 0 | U22: 0 | V22: 8.9090909
B23: IRON ORE FINES | D23: 8667 | E23: 12300 | F23: 245012 | G23: 9203.1754 | H23: 120627 | I23: 243 | J23: 0 | K23: 12.0627 | L23: BOILERCOAL | N23: 300 | O23: 0 | P23: 0 | Q23: 0 | S23: 300 | T23: 0 | U23: 0 | V23: - | DO23: 184
B24: LIMESTONE SMS Grade | D24: 2364 | E24: 0 | F24: 32653 | G24: 2284.1412 | H24: 5481 | I24: 0 | J24: 0 | K24: 2.8847368 | L24: QUARTZITE + BHQ | N24: 2549 | O24: 0 | P24: 0 | Q24: 0 | S24: 1750 | T24: 0 | U24: 0 | V24: 14
B25: DOLOMITE SP Grade | D25: 5512 | E25: 0 | F25: 17449 | G25: 784.39111 | H25: 4230 | I25: 0 | J25: 0 | K25: 5.2875 | L25: LIMESTONE SP Grade/LDCP RETURN | N25: 6896 | O25: 0 | P25: 0 | Q25: 0 | S25: 6005 | T25: 0 | U25: 0 | V25: -
B26: DOLOMITE SMS Grade | D26: 10674 | E26: 0 | F26: 11911 | G26: 644.90864 | H26: 19181 | I26: 0 | J26: 0 | K26: 34.874545 | L26: DOLOMITE FINES | N26: 0 | O26: 0 | P26: 0 | Q26: 0 | S26: 0 | T26: 0 | U26: 0 | V26: -
S27: Incoming Other Rawmaterial Status
B28: BF-5 को भेजा गया कच्चा माल | H28: बेस मिक्स प्लांट को भेजा गया कच्चा माल | P28: Base Mix Stock | S28: Item | T28: On Date | U28: To Date | V28: Closing Stock
C29: A | D29: B | E29: C | F29: TOTAL | G29: TO DATE | K29: A | L29: B | M29: C | N29: TOTAL | O29: TO DATE | P29: Location | Q29: Tonnes | S29: JHAMA COAL | T29: 0 | U29: 0 | V29: 0
B30: BF COKE | C30: 1588.55 | D30: 1593.75 | E30: 1472.55 | F30: 4654.85 | G30: 64324.34 | H30: IRONORE FINES | K30: 2850 | L30: 4120 | M30: 3734 | N30: 10704 | O30: 143286 | P30: BED | Q30: 55105 | S30: BF Coke | T30: 0 | U30: 13839.9 | V30: 73850.448
B31: BF SINTER | C31: 4020 | D31: 3631 | E31: 3869 | F31: 11520 | G31: 156282 | H31: LIMESTONE | K31: 288 | L31: 130 | M31: 126 | N31: 544 | O31: 9855 | P31: SP M/C-1 | Q31: 4800 | S31: Coke Breeze | T31: 0 | U31: 0 | V31: 6585
B32: IRON ORE LUMPS | C32: 841 | D32: 1014 | E32: 771 | F32: 2626 | G32: 30331 | H32: DOLOMITE | K32: 460 | L32: 540 | M32: 544 | N32: 1544 | O32: 22286 | P32: SP M/C-2 | Q32: 4100 | S32: Pellet | T32: 0 | U32: 77825 | V32: 49532
B33: QUARTZITE + BHQ | C33: 0 | D33: 0 | E33: 0 | F33: 0 | G33: 1350 | H33: COKE FINES RECEIVED FROM BF-5 | K33: 182 | L33: 140 | M33: 160 | N33: 482 | O33: 8231 | S33: ROLLING HOURS ( HH:MM )
B34: LD SLAG | C34: 0 | D34: 0 | E34: 0 | F34: 0 | G34: 461 | H34: BASE MIX PREPARATION | K34: 2689 | L34: 6656 | M34: 5105 | N34: 14450 | O34: 193476 | P34: Tentative | Q34: Lump | S34: WRM | T34: 0.85416667
B35: Ground Coke sent to BF-5 | C35: 379 | D35: 434 | E35: 263 | F35: 1076 | G35: 9553 | H35: BASE MIX SENT TO SINTER PLANT | K35: 4482 | L35: 5354 | M35: 4100 | N35: 13936 | O35: 175747 | P35: 11.608182 | Q35: 0.34313221 | S35: BAR MILL | T35: 0.8125
B36: PELLET CONSUMPTION | F36: 2714 | G36: 32304 | S36: USM | T36: 0.56944444
B37: BF COKE SENT TO JORABURI | F37: 0 | G37: 42558 | L37: संयंत्र (नये) में प्राप्त रेक विवरण
B38: संयंत्र (पुराना) में प्राप्त तथा बैक लोडिंग रेक विवरण | L38: S.NO | M38: SOURCE | O38: RECEIVED TIME | Q38: OUT TIME | S38: FREE TIME | T38: Σ HRS | U38: UNLOADING (WGNS/HOUR)
A39: : | B39: S.NO | C39: SOURCE | E39: RECEIVED TIME | F39: OUT TIME | G39: FREE TIME | H39: Σ HRS | I39: UNLOADING (WGNS/HOUR) | L39: 1) | M39: 58 N BOLANI (MIXED) | O39: 04:50 H (31.05.26) | Q39: 09:50 H (31.05.26) | S39: 5 H | T39: ∑05°00' | U39: 12
A40: ) | B40: 1) | C40: 59 N USA (H) | E40: 19:35 H (30.05.26) | F40: 09:35 H (31.05.26) | G40: 12 H | H40: ∑14°00' | I40: 4.2142857 | L40: 2) | M40: 58 S GUA (IOF) | O40: 09:25 H (31.05.26) | Q40: 11:25 H (31.05.26) | S40: 2 H | T40: ∑02°00' | U40: 29
B41: 2) | C41: 59 N (AUS-H + AUS-S) | E41: 09:30 H (31.05.26) | F41: 21:30 H (31.05.26) | G41: 12 H | H41: ∑12°00' | I41: 4.9166667 | L41: 3) | M41: 57 S GUA (IOF) | O41: 14:35 H (31.05.26) | Q41: 16:35 H (31.05.26) | S41: 5 H | T41: ∑02°00' | U41: 28.5
B42: 3) | C42: 59 N AUS-S | E42: 21:30 H (31.05.26) | F42: 39 N PENDING | G42: 12 H | H42: AWAITING | L42: 4) | M42: 57 N BOLANI (MIXED) | O42: 15:35 H (31.05.26) | Q42: 23:55 H (31.05.26) | S42: 5 H | T42: ∑08°00' | U42: 7.125
L43: 5) | M43: 58 S GUA (MIXED) | O43: 03:00 H (01.06.26) | Q43: 05:00 H (01.06.26) | S43: 2 H | T43: ∑02°00' | U43: 29
B44: STEEL RAKE DESPATCH | G44: GRANULATED SLAG RAKE DESPATCH
B45: S.NO | C45: No. of Wagons | D45: Destination | E45: Out time | F45: Detention | G45: No. of wagons | H45: Destination | I45: Out time | J45: Detention | K45: WT (T)
B46: 1) | C46: 46 BOST | D46: SAIL/KKU | E46: 13:00 H | F46: ∑27°00'
B47: 2) | C47: 34 BOST | D47: DSEY/DGR | E47: 18:45 H | F47: ∑28°00'
B48: 3) | C48: 30 BOST | D48: KIS/VNCW | E48: 20:15 H | F48: ∑17°00'
A49: 0 | G49: OTHER DESPATCH
G50: No. of Wagons | H50: Destination | I50: Out time | J50: Detention | K50: WT (T)
B53: Rake Forecast | L53: Rake Forcast
B54: S.No | C54: Coal (Old Plant) | F54: S.No | G54: Coal (New Plant) | L54: S.No | M54: Iron Ore / Fluxes | R54: S.No | S54: Iron Ore / Fluxes
B55: 1) | C55: 58 N DSEY (BF COKE) ARRIVED DSPY AT 19:15 H. | F55: 1) | G55: 59 N HDCB (LVHR) ARRIVED GKL AT 22:13 H. | L55: 1) | M55: 59 N HDCB (LIMESTONE) LEFT JPH AT 03:00 H.
B56: 2) | F56: 2) | G56: 59 N HDCB (AUS-S) ARRIVED HDCG AT 23:38 H. | L56: 2) | M56: 59 N HDCB (LIMESTONE) ARRIVED JPR AT 04:24 H.
A57: 3 | B57: 3) | L57: 3) | M57: 58 N SONU (LIMESTONE) READY SONU AT 00:06 H.
L58: 4) | M58: 59 N DLO (DOLOMITE) ARRIVED MFA AT 00:03 H.
L59: 5) | M59: 59 N DLO (DOLOMITE) LEFT LCAB AT 02:15 H.
L60: 6) | M60: 54 S GUA U/TXR DPS AT 21:30 H.
L61: 7) | M61: 58 S GUA ARRIVED NOMD AT 23:07 H.
L62: 8)
B63: उपलब्धियां /HIGHLIGHTS
B65: बाध्यताएं /CONSTRAINTS
B66: COB #11 | C66: CDCP CHAMBER #3- 15:00 H (22.05.26)/--->SHUTDOWN TAKEN FOR BOILER LEAKAGE ARRESTING JOBS. 1st BUCKET OF COLD COKE TAKEN AT 23:30 H (30.05.26).
B68: BF#5
B69: SINTER PLANT #1 | U69: ∑24°00'
B70: SINTER PLANT #2 | U70: ∑24°00'
B71: BLAST FURNACE
B72: BLAST FURNACE
B73: WRM | C73: 22:30/23:30 H :- STAND #11 CHANGED AND STAND #30 PASS CHANGED. STANDS PASS CHANGED & TMB #2 ALIGNMENT JOBS, EFFECTIVE DELAY ∑01°30'. MILL CHECKING & GRADE CHANGED, EFFECTIVE DELAY ∑00°30'.
B74: BAR MILL | C74: TOTAL HOT CHARGING IN BAR MILL (BILLETS) | G74: 300 | I74: 0.26200873
C75: 15:30 H/16:15 H :- BC-1 CHAIN TRANSFER-1 DRIVE CHANGED. 'STANDS PASS CHANGE & DESCALER ROLLER CHANGED, EFFECTIVE DELAY ∑02°15'. 04:30/06:00 H :- BAD MATERIAL KNOCKED AT STAND-4 ENTRY GUIDE.
B77: USM | C77: TOTAL HOT CHARGING IN USM (BB) | G77: 0 | I77: 0
C78: 06:30/08:30 H:- BD MILL ENTRY MANIPULATOR MOVEMENT TROUBLE. 16:30 H/18:45 H :- TD MILL UR STAND OPERATOR SIDE VERTICAL ROLL BEARING SEIZED & ROLL CHANGED. TD MILL UR STAND GONE INTO LOCAL MODE, EFFECTIVE DELAY ∑04°00'. BD MILL SCHEDULE ADJUSTMENT, EFFECTIVE DELAY ∑00°30'. COBBLE AT BD MILL DUE TO MATERIAL HEAD GOT DAMAGED, EFFECTIVE DELAY ∑00°15'. MILL CHECKING, EFFECTIVE DELAY ∑00°30'.
B79: TODAY'S PLAN | C79: BLAST FURNACE #5 WILL TAKE SHUTDOWN FOR A DURATION OF 6 HRS TENTATIVELY FROM 09:30 H FOR STOVE#4 COLD BLAST JOINT EXPANSION JOB. SINTER PLANT #2 WILL TAKE 8 HRS SHUTDOWN TENTATIVELY FROM 08.00 H FOR VARIED MAINTENANCE JOBS.

Sheet ECR DELHI
A2: Parameter Name | B2: On Date | C2: Cumulative | D2: Remarks
A3: Ov.Pushing (EQ nos.) | B3: =+DAILYREPORT1!C11 -> 279.566 | C3: =+DAILYREPORT1!D11 -> 8335.936
A4: Sinter | B4: =+DAILYREPORT1!$C$14 -> 11940 | C4: =+DAILYREPORT1!$D$14 -> 154584
A5: HOT METAL | B5: =+DAILYREPORT1!$C$16 -> 8804.7 | C5: =+DAILYREPORT1!$D$16 -> 110808.6
A6: PI | B6: =+DAILYREPORT1!$C$18 -> 0 | C6: =+DAILYREPORT1!$D$18 -> 2442.6
A7: Heats | B7: =+DAILYREPORT1!$C$25 -> 55 | C7: =+DAILYREPORT1!$D$25 -> 628
A8: Casts | B8: =+DAILYREPORT1!$C$29 -> 55 | C8: =+DAILYREPORT1!$D$29 -> 628
A9: CRUDE STEEL | B9: =+DAILYREPORT1!$C$32 -> 8576.64 | C9: =+DAILYREPORT1!$D$32 -> 97977.608
A10: WRM | B10: =+DAILYREPORT1!$C$33 -> 1338.65 | C10: =+DAILYREPORT1!$D$33 -> 21527.45 | F10: Cummulative delay of 3 hrs 30 mins for stand pass change & TMB#1 motor coupling allignment jobs.
A11: Bar Mill | B11: =+DAILYREPORT1!$C$34 -> 2341.525 | C11: =+DAILYREPORT1!$D$34 -> 33352.684
A12: USM | B12: =+DAILYREPORT1!$C$35 -> 681.7 | C12: =+DAILYREPORT1!$D$35 -> 10554.693
A13: SEMIS | B13: =+DAILYREPORT1!$C$37+DAILYREPORT1!$C$38 -> 0 | C13: =+DAILYREPORT1!D37+DAILYREPORT1!D38 -> 22797
A14: Finished Steel | B14: =+DAILYREPORT1!C36 -> 4361.875 | C14: =+DAILYREPORT1!D36 -> 65434.827
A15: SS- PROD. | B15: =+DAILYREPORT1!C39 -> 4361.875 | C15: =+DAILYREPORT1!D39 -> 88231.827
A16: SS- DESP | B16: =+DAILYREPORT1!C46 -> 3076.94 | C16: =+DAILYREPORT1!D46 -> 119345
A17: pcc receipt on date | B17: =+'RAWMATERIAL & CONSTRAINTS'!E18+'RAWMATERIAL & CONSTRAINTS'!N18 -> 0 | C17: =+'RAWMATERIAL & CONSTRAINTS'!F18+'RAWMATERIAL & CONSTRAINTS'!O18 -> 11377
A18: total indegenous coal receipt on date | B18: =+B17 -> 0 | C18: =+C17 -> 11377
A19: total indegenous coal stock | B19: {=+'RAWMATERIAL & CONSTRAINTS'!H18+'RAWMATERIAL & CONSTRAINTS'!Q18:S18} -> 4180 | C19: 1100 | D19: 1100
A20: Imported (AH) receipt | B20: =+'RAWMATERIAL & CONSTRAINTS'!E5+'RAWMATERIAL & CONSTRAINTS'!N5 -> 1800 | C20: =+'RAWMATERIAL & CONSTRAINTS'!F5+'RAWMATERIAL & CONSTRAINTS'!O5 -> 68039
A21: Imported (AH) stock | B21: {='RAWMATERIAL & CONSTRAINTS'!H5+'RAWMATERIAL & CONSTRAINTS'!Q5:S5} -> 15480 | C21: 5400 | D21: 5400
A22: Imported (LVHR) receipt | B22: =+'RAWMATERIAL & CONSTRAINTS'!E9+'RAWMATERIAL & CONSTRAINTS'!N6 -> 0 | C22: =+'RAWMATERIAL & CONSTRAINTS'!F9+'RAWMATERIAL & CONSTRAINTS'!O6 -> 7639
A23: Imported (LVHR) stock | B23: {=+'RAWMATERIAL & CONSTRAINTS'!H9+'RAWMATERIAL & CONSTRAINTS'!Q6:S6} -> 7500 | C23: 3700 | D23: 3700
A24: Imported (USH) receipt | B24: =+'RAWMATERIAL & CONSTRAINTS'!E6+'RAWMATERIAL & CONSTRAINTS'!N7 -> 0
A25: Imported (USH + INDO) stock | B25: {=+'RAWMATERIAL & CONSTRAINTS'!Q7:S7+'RAWMATERIAL & CONSTRAINTS'!H6} -> 4090 | C25: 3800 | D25: 3800
A26: Imported (MZH) receipt | B26: 0
A27: Imported (MZH) stock | B27: 0
A28: Imp. (Others) receipt | B28: 0
A29: Imp. (Others) stock | B29: {=+'RAWMATERIAL & CONSTRAINTS'!H8+'RAWMATERIAL & CONSTRAINTS'!Q9:S9+'RAWMATERIAL & CONSTRAINTS'!Q8:S8+'RAWMATERIAL & CONSTRAINTS'!H7} -> 5690 | C29: 2200 | D29: 2200
A30: Imported (Soft) receipt | B30: =+'RAWMATERIAL & CONSTRAINTS'!E15+'RAWMATERIAL & CONSTRAINTS'!N15 -> 5280 | C30: =+'RAWMATERIAL & CONSTRAINTS'!F15+'RAWMATERIAL & CONSTRAINTS'!O15 -> 36457
A31: Imported (Soft) stock | B31: {=+'RAWMATERIAL & CONSTRAINTS'!H15+'RAWMATERIAL & CONSTRAINTS'!Q15:S15} -> 17190 | C31: 9000 | D31: 9000
A32: Total Coking Coal receipt | B32: =+'RAWMATERIAL & CONSTRAINTS'!E19+'RAWMATERIAL & CONSTRAINTS'!N19 -> 7080 | C32: =+'RAWMATERIAL & CONSTRAINTS'!F19+'RAWMATERIAL & CONSTRAINTS'!O19 -> 165832
A33: Total Coking Coal stock | B33: {=+'RAWMATERIAL & CONSTRAINTS'!H19+'RAWMATERIAL & CONSTRAINTS'!Q19:S19} -> 54130 | C33: 25200 | D33: 25200
A34: CDI receipt | B34: =+'RAWMATERIAL & CONSTRAINTS'!O22 -> 0 | C34: =+'RAWMATERIAL & CONSTRAINTS'!P22 -> 11354
A35: CDI stock | B35: =+'RAWMATERIAL & CONSTRAINTS'!S22 -> 9800
A36: Pellet receipt | B36: =+'RAWMATERIAL & CONSTRAINTS'!T32 -> 0 | C36: =+'RAWMATERIAL & CONSTRAINTS'!U32 -> 77825
A37: Pellet stock | B37: =+'RAWMATERIAL & CONSTRAINTS'!V32 -> 49532
A38: Iron Ore Lump receipt | B38: =+'RAWMATERIAL & CONSTRAINTS'!E22 -> 2160 | C38: =+'RAWMATERIAL & CONSTRAINTS'!F22 -> 46810
A39: Iron Ore Lump stock | B39: =+'RAWMATERIAL & CONSTRAINTS'!H22 -> 63369
A40: Iron Ore fines receipt | B40: =+'RAWMATERIAL & CONSTRAINTS'!E23 -> 12300 | C40: =+'RAWMATERIAL & CONSTRAINTS'!F23 -> 245012
A41: Iron Ore fines stock | B41: =+'RAWMATERIAL & CONSTRAINTS'!H23 -> 120627
A42: Base Mix stock | B42: =+'RAWMATERIAL & CONSTRAINTS'!Q30 -> 55105
A43: Lime Stone BF receipt | B43: =+'RAWMATERIAL & CONSTRAINTS'!O25 -> 0 | C43: =+'RAWMATERIAL & CONSTRAINTS'!P25 -> 0
A44: Lime Stone BF stock | B44: =+'RAWMATERIAL & CONSTRAINTS'!S25 -> 6005
A45: Lime Stone SMS receipt | B45: =+'RAWMATERIAL & CONSTRAINTS'!E24 -> 0 | C45: =+'RAWMATERIAL & CONSTRAINTS'!F24 -> 32653
A46: Lime Stone SMS stock | B46: =+'RAWMATERIAL & CONSTRAINTS'!H24 -> 5481
A47: Dolomite BF receipt | B47: =+'RAWMATERIAL & CONSTRAINTS'!E25 -> 0 | C47: =+'RAWMATERIAL & CONSTRAINTS'!F25 -> 17449
A48: Dolomite BF stock | B48: =+'RAWMATERIAL & CONSTRAINTS'!H25 -> 4230
A49: Dolomite SMS receipt | B49: =+'RAWMATERIAL & CONSTRAINTS'!E26 -> 0 | C49: =+'RAWMATERIAL & CONSTRAINTS'!F26 -> 11911
A50: Dolomite SMS stock | B50: =+'RAWMATERIAL & CONSTRAINTS'!H26 -> 19181
A51: Boiler Coal (PP-1) receipt | B51: =+'RAWMATERIAL & CONSTRAINTS'!O23 -> 0 | C51: =+'RAWMATERIAL & CONSTRAINTS'!P23 -> 0
A52: Boiler Coal (PP-1) stock | B52: =+'RAWMATERIAL & CONSTRAINTS'!S23 -> 300
A53: Semis on 1st | B53: =+DAILYREPORT1!D108 -> 18016
A54: Semis on date | B54: =+DAILYREPORT1!C108 -> 14899.7
A55: Finished on 1st | B55: =+#REF!+#REF!+#REF! -> #REF!
A56: Finished on date | B56: =+#REF!+#REF!+#REF! -> #REF!
A57: Saleable steel on 1st | B57: =+#REF! -> #REF!
A58: Saleable steel on date | B58: =+#REF! -> #REF!
A59: Pig Iron on 1st | B59: =+#REF! -> #REF!
A60: Pig Iron on date | B60: =+#REF! -> #REF!
A61: New P&BS | B61: =DAILYREPORT1!D60 -> 36.48
A62: Drawl | B62: =+DAILYREPORT1!C61 -> 100.03
A63: Imp. Coal in blend Norm | B63: =+DAILYREPORT1!H62 -> 95
A64: Imp. Coal in blend on date | B64: =+DAILYREPORT1!I62 -> 95
A65: Coke rate norm | B65: =+DAILYREPORT1!H67 -> 356
A66: Coke rate | B66: =+DAILYREPORT1!I67 -> 359 | C66: =+DAILYREPORT1!J67 -> 417.01058
A67: CDI rate norm | B67: =+DAILYREPORT1!H69 -> 140
A68: CDI rate | B68: =+DAILYREPORT1!I69 -> 138 | C68: =+DAILYREPORT1!J69 -> 93.218739
A69: Nut coke rate norm | B69: =+DAILYREPORT1!H68 -> 29
A70: Nut coke rate | B70: =+DAILYREPORT1!I68 -> 34 | C70: =+DAILYREPORT1!J68 -> 33.440772
A71: Fuel rate norm | B71: =+DAILYREPORT1!H70 -> 525
A72: Fuel rate | B72: =+DAILYREPORT1!I70 -> 531 | C72: =+DAILYREPORT1!J70 -> 543.67009
A73: Sinter in BF burden norm | B73: =+DAILYREPORT1!H71 -> 70
A74: Sinter in BF burden | B74: =+DAILYREPORT1!I71 -> 65 | C74: =+DAILYREPORT1!J71 -> 69.046707 | E74: Cummulative delay of 2 hrs 20 mins for Section change (12mm/16mm WRC).
A75: Pellet Charging on date in BF | B75: =+DAILYREPORT1!I72 -> 20 | C75: =+DAILYREPORT1!J72 -> 17.949839
A76: BF Prodvty norm | B76: =+DAILYREPORT1!H73 -> 2.394 | E76: Cummulative delay of 8 hrs for TD mill UR vertical roll drive side bearing seized.
A77: BF Prodvty | B77: =+DAILYREPORT1!I73 -> 2.479 | C77: =+DAILYREPORT1!J73 -> 1.8232439
A78: TMI in SMS norm | B78: =+DAILYREPORT1!H81+DAILYREPORT1!H82 -> 1096
A79: TMI in SMS | B79: =+DAILYREPORT1!I81+DAILYREPORT1!I82 -> 1093.75
A80: Specific Energy Consumption norm | B80: =+DAILYREPORT1!H85 -> 6.245
A81: Specific Energy Consumption on dt | B81: =+DAILYREPORT1!I85 -> 5.682 | C81: =+DAILYREPORT1!J85 -> 7.326
A82: HBT (o C) | B82: =+DAILYREPORT1!I76 -> 1141 | C82: =+DAILYREPORT1!J76 -> 1118.7957
A83: Slag rate (Kg/Thm) | B83: =+DAILYREPORT1!I74 -> 324 | C83: =+DAILYREPORT1!J74 -> 354.15209
A84: O2 Enrich (%) | B84: =+DAILYREPORT1!I78 -> 4.93 | C84: =+DAILYREPORT1!J78 -> 3.35
A85: conv1(heats) | B85: =+DAILYREPORT1!C22 -> 23 | C85: =+DAILYREPORT1!D22 -> 252
A86: conv2(heats) | B86: =+DAILYREPORT1!C23 -> 14 | C86: =+DAILYREPORT1!D23 -> 147
A87: conv3(heats) | B87: =+DAILYREPORT1!C24 -> 18 | C87: =+DAILYREPORT1!D24 -> 229
A88: conv1 lining | B88: =+DAILYREPORT1!F22 -> 3429
A89: conv2 lining | B89: =+DAILYREPORT1!F23 -> 5981
A90: conv3 lining | B90: =+DAILYREPORT1!F24 -> 17463
A91: WRM Rolling hrs | B91: {='RAWMATERIAL & CONSTRAINTS'!T34:V34} -> 0.85416667 | C91: 0 | D91: 0
A92: BM Rolling hrs | B92: {=+'RAWMATERIAL & CONSTRAINTS'!T35:V35} -> 0.8125 | C92: 0 | D92: 0
A93: USM Rolling hrs | B93: {=+'RAWMATERIAL & CONSTRAINTS'!T36:V36} -> 0.56944444 | C93: 0 | D93: 0
A94: Caster1(Heat) | B94: =DAILYREPORT1!C26 -> 23 | C94: =+DAILYREPORT1!D26 -> 241
A95: Caster2(Heat) | B95: =DAILYREPORT1!C27 -> 17 | C95: =+DAILYREPORT1!D27 -> 250
A96: Caster3(Heat) | B96: =DAILYREPORT1!C28 -> 15 | C96: =+DAILYREPORT1!D28 -> 137
A97: COB10 | B97: =DAILYREPORT1!C9 -> 98 | C97: =+DAILYREPORT1!D9 -> 3010
A98: COB11 | B98: =DAILYREPORT1!C10 -> 99 | C98: =+DAILYREPORT1!D10 -> 2904
A99: SP1 | B99: =DAILYREPORT1!C12 -> 5905 | C99: =+DAILYREPORT1!D12 -> 71200
A100: SP2 | B100: =DAILYREPORT1!C13 -> 6035 | C100: =+DAILYREPORT1!D13 -> 83384
A101: Sandpit | B101: =DAILYREPORT1!C20 -> 0 | C101: =+DAILYREPORT1!D20 -> 5224
...

Sheet DIC REPORT-1
B2: DAILY PERFORMANCE SUMMARY
B3: =TODAY()-1 -> 46173 | K3: (In Tons, unless otherwise mentioned)
B4: PRODUCTION SHOP/ITEMS | D4: ISP | K4: DSP
A5: 31 | C5: ASKING RATE W.R.T MP | D5: ON DATE | E5: TILL DATE | F5: M. RATE | G5: APP | H5: MP | I5: %APP | J5: %MP | K5: ON DATE | L5: TILL DATE | M5: M. RATE | N5: APP | O5: MP | P5: %APP | Q5: %MP
A6: =#REF! -> #REF! | B6: CHP TIPPLING (NOS) | C6: =+(H6-E6)/$A$7 -> #REF! | D6: =+RAWMATERIALS!G20+RAWMATERIALS!G33+RAWMATERIALS!G34 -> 88 | E6: =+#REF! -> #REF! | F6: =+(E6/$A$6)*$A$5 -> #REF! | G6: 2974 | H6: 2922 | I6: =+(F6/G6)*100 -> #REF! | J6: =+(F6/H6)*100 -> #REF!
A7: =+A5-A6 -> #REF! | B7: COB#10 PUSHING (NOS) | C7: =+#REF! -> #REF! | D7: =+#REF! -> #REF! | E7: =+#REF! -> #REF! | F7: =+#REF! -> #REF! | G7: 98 | H7: 96.6 | I7: =+(F7/G7)*100 -> #REF! | J7: =+(F7/H7)*100 -> #REF!
B8: COB#11 PUSHING (NOS) | C8: =+#REF! -> #REF! | D8: =+#REF! -> #REF! | E8: =+#REF! -> #REF! | F8: =+#REF! -> #REF! | G8: 96 | H8: 94.2 | I8: =+(F8/G8)*100 -> #REF! | J8: =+(F8/H8)*100 -> #REF!
A9: 31 | B9: EQUIVALENT OVEN PUSHING (NOS.) | C9: =+#REF! -> #REF! | D9: =+D7+D8*(31.55/17.2) -> #REF! | E9: =+#REF! -> #REF! | F9: =+F7+F8*(31.55/17.2) -> #REF! | G9: =+G7+G8*(31.55/17.2) -> 274.09302 | H9: =+H7+H8*(31.55/17.2) -> 269.39128 | I9: =+(F9/G9)*100 -> #REF! | J9: =+(F9/H9)*100 -> #REF! | S9: =1206*356 -> 429336
A10: =+A6 -> #REF! | B10: RMHP TIPPLING (NOS) | C10: =+(H10-E10)/$A$7 -> #REF! | D10: =+RAWMATERIALS!F45+RAWMATERIALS!F46+RAWMATERIALS!F48+RAWMATERIALS!F49+RAWMATERIALS!F50+RAWMATERIALS!F51+RAWMATERIALS!F52+RAWMATERIALS!F53 -> 279 | E10: =+#REF! -> #REF! | F10: =+(E10/$A$6)*$A$5 -> #REF! | G10: 5716 | H10: 3973.6856 | I10: =+(F10/G10)*100 -> #REF! | J10: =+(F10/H10)*100 -> #REF!
A11: =+A9-A10 -> #REF! | B11: BLEND MIX PRODUCTION | C11: =+(H11-E11)/$A$14 -> #REF! | D11: =+'RAWMATERIAL & CONSTRAINTS'!N34 -> 14450 | E11: =+'RAWMATERIAL & CONSTRAINTS'!O34 -> 193476 | F11: =+(E11/A13)*A12 -> #REF! | G11: 311702 | H11: 216691 | I11: =+(F11/G11)*100 -> #REF! | J11: =+(F11/H11)*100 -> #REF!
A12: 31 | B12: BLEND MIX DESPATCH | C12: =+(H12-E12)/$A$14 -> #REF! | D12: =+'RAWMATERIAL & CONSTRAINTS'!N35 -> 13936 | E12: =+'RAWMATERIAL & CONSTRAINTS'!O35 -> 175747 | F12: =+(E12/$A$13)*$A$12 -> #REF! | G12: 311702 | H12: 216691 | I12: =+(F12/G12)*100 -> #REF! | J12: =+(F12/H12)*100 -> #REF!
A13: =A6 -> #REF! | B13: TOTAL SINTER | C13: =+#REF! -> #REF! | D13: =+D14+D15 -> #REF! | E13: =+E14+E15 -> #REF! | F13: =+F14+F15 -> #REF! | G13: =+G14+G15 -> 262229 | H13: =+H14+H15 -> 182298 | I13: =+(F13/G13)*100 -> #REF! | J13: =+(F13/H13)*100 -> #REF!
A14: =A12-A13 -> #REF! | B14: SINTER PLANT -1 | D14: =+#REF! -> #REF! | E14: =+#REF! -> #REF! | F14: =#REF! -> #REF! | G14: 131114.5 | H14: 91149 | I14: =+(F14/G14)*100 -> #REF! | J14: =+(F14/H14)*100 -> #REF! | S14: =+G32-H32 -> 60000
B15: SINTER PLANT -2 | D15: =+#REF! -> #REF! | E15: =+#REF! -> #REF! | F15: =#REF! -> #REF! | G15: 131114.5 | H15: 91149 | I15: =+(F15/G15)*100 -> #REF! | J15: =+(F15/H15)*100 -> #REF!
A16: 31 | B16: HOT METAL | C16: =+#REF! -> #REF! | D16: =+#REF! -> #REF! | E16: =+#REF! -> #REF! | F16: =+#REF! -> #REF! | G16: 187000 | H16: 130000 | I16: =+(F16/G16)*100 -> #REF! | J16: =+(F16/H16)*100 -> #REF!
A17: =A6 -> #REF! | B17: HOT METAL TO BOF | D17: =+#REF! -> #REF! | E17: =+#REF! -> #REF! | F17: =#REF! -> #REF! | G17: =G16-G19-G20 -> 181500 | H17: =H16-H19-H20 -> 120450 | S17: =+G23-221000 -> -50096
A18: =A16-A17 -> #REF! | B18: HOT METAL TO ASP
B19: PIG IRON | D19: =+DAILYREPORT1!C19 -> 0 | E19: =+DAILYREPORT1!D19 -> 2039.571 | G19: 5500 | H19: 9550 | I19: =+(F19/G19)*100 -> 0 | J19: =+(F19/H19)*100 -> 0
B20: DRY PIT/SAND PIT | D20: =+#REF! -> #REF! | E20: =+#REF! -> #REF! | G20: 0 | H20: 0 | I20: =+(F20/G20)*100 -> #DIV/0! | J20: =+(F20/H20)*100 -> #DIV/0!
B21: CRUDE STEEL | C21: =+#REF! -> #REF! | D21: =+D24+D25 -> #REF! | E21: =+E24+E25 -> #REF! | F21: =+F24+F25 -> #REF! | G21: =G23 -> 170904 | H21: =H23 -> 113418 | I21: =+(F21/G21)*100 -> #REF! | J21: =+(F21/H21)*100 -> #REF!
B22: BOTTOM-POURING INGOTS | S22: 220338.98
A23: ` | B23: TOTAL CASTER | C23: =+C21 -> #REF! | D23: =+D24+D25 -> #REF! | E23: =+E24+E25 -> #REF! | F23: =+F24+F25 -> #REF! | G23: =+G24+G25 -> 170904 | H23: =+H24+H25 -> 113418 | I23: =+(F23/G23)*100 -> #REF! | J23: =+(F23/H23)*100 -> #REF! | S23: =+S22-151000 -> 69338.983
B24: BILLET | C24: =+#REF! -> #REF! | D24: =+#REF! -> #REF! | E24: =+#REF! -> #REF! | F24: =#REF! -> #REF! | G24: 108107 | H24: 80700 | I24: =+(F24/G24)*100 -> #REF! | J24: =+(F24/H24)*100 -> #REF!
B25: BLOOM/BEAM BLANK | C25: =+#REF! -> #REF! | D25: =+#REF! -> #REF! | E25: =+#REF! -> #REF! | F25: =#REF! -> #REF! | G25: 62797 | H25: 32718 | I25: =+(F25/G25)*100 -> #REF! | J25: =+(F25/H25)*100 -> #REF!
B26: BRC BLOOM | S26: 213252.95
B27: BRC ROUND | S27: =+S26-151000 -> 62252.953
B28: WRM / SECTION MILL | C28: =+#REF! -> #REF! | D28: =+#REF! -> #REF! | E28: =+#REF! -> #REF! | F28: =#REF! -> #REF! | G28: 37500 | H28: 30000 | I28: =+(F28/G28)*100 -> #REF! | J28: =+(F28/H28)*100 -> #REF!
B29: BAR MILL / MERCHANT MILL | C29: =+#REF! -> #REF! | D29: =+#REF! -> #REF! | E29: =+#REF! -> #REF! | F29: =#REF! -> #REF! | G29: 71000 | H29: 47000 | I29: =+(F29/G29)*100 -> #REF! | J29: =+(F29/H29)*100 -> #REF!
B30: USM / MSM | C30: =+#REF! -> #REF! | D30: =+#REF! -> #REF! | E30: =+#REF! -> #REF! | F30: =#REF! -> #REF! | G30: 59500 | H30: 31000 | I30: =+(F30/G30)*100 -> #REF! | J30: =+(F30/H30)*100 -> #REF! | S30: =+H32-G32 -> -60000
B31: WHEEL & AXLE
B32: SALEABLE STEEL | C32: =+#REF! -> #REF! | D32: =+D33+D34 -> #REF! | E32: =+E33+E34 -> #REF! | F32: =+F33+F34 -> #REF! | G32: =+G33+G34 -> 168000 | H32: =+H33+H34 -> 108000 | I32: =+(F32/G32)*100 -> #REF! | J32: =+(F32/H32)*100 -> #REF!
B33: FINISHED STEEL | C33: =+C28+C29+C30 -> #REF! | D33: =+D28+D29+D30 -> #REF! | E33: =+E28+E29+E30 -> #REF! | F33: =+F28+F29+F30 -> #REF! | G33: =+G28+G29+G30 -> 168000 | H33: =+H28+H29+H30 -> 108000 | I33: =+(F33/G33)*100 -> #REF! | J33: =+(F33/H33)*100 -> #REF! | S33: =339-250 -> 89
B34: SEMI FINISHED STEEL | C34: =+C32-C33 -> #REF! | D34: =+#REF! -> #REF! | E34: =+#REF! -> #REF! | F34: =+#REF! -> #REF! | G34: 0 | H34: 0 | I34: =+(F34/G34)*100 -> #REF! | J34: =+(F34/H34)*100 -> #REF!
B35: DESPATCH ITEMS | C35: ISP | K35: DSP
C36: ASKING RATE W.R.T CMO PLAN | D36: ON DATE | E36: TILL DATE | F36: M. RATE | H36: CMO PLAN | J36: % FF | K36: ON DATE | L36: TILL DATE | M36: M. RATE | O36: CMO PLAN | Q36: % FF
B37: WRM / SECTION MILL | C37: =+(H37-E37)/$A$7 -> #REF! | D37: =+#REF! -> #REF! | E37: =+#REF! -> #REF! | F37: =+#REF! -> #REF! | H37: 30000 | J37: =+(F37/H37)*100 -> #REF!
B38: BAR MILL / MERCHANT MILL | C38: =+(H38-E38)/$A$7 -> #REF! | D38: =+#REF! -> #REF! | E38: =+#REF! -> #REF! | F38: =+#REF! -> #REF! | H38: 47000 | J38: =+(F38/H38)*100 -> #REF!
B39: USM / MSM | C39: =+(H39-E39)/$A$7 -> #REF! | D39: =+#REF! -> #REF! | E39: =+#REF! -> #REF! | F39: =+#REF! -> #REF! | H39: 31000 | J39: =+(F39/H39)*100 -> #REF!
B40: WHEEL & AXLE
B41: FINISHED STEEL | C41: =+C37+C38+C39 -> #REF! | D41: =SUM(D37:D40) -> #REF! | E41: =+E37+E38+E39 -> #REF! | F41: =+F37+F38+F39 -> #REF! | H41: =++H37+H38+H39 -> 108000 | J41: =+(F41/H41)*100 -> #REF!
B42: BILLET | C42: =+(H42-E42)/$A$7 -> #REF! | D42: =+DAILYREPORT1!C44 -> 0 | E42: =+DAILYREPORT1!D44 -> 22035.5 | F42: =+DAILYREPORT1!E44 -> 22035.5 | H42: 21000 | J42: =+(F42/H42)*100 -> 104.93095
B43: BLOOM (INC. BEAM BLANKS) | C43: =+(H43-E43)/$A$7 -> #REF! | D43: =+DAILYREPORT1!C45 -> 0 | E43: =+DAILYREPORT1!D45 -> 3877.8 | F43: =+DAILYREPORT1!E45 -> 3877.8 | H43: 0 | J43: =+(F43/H43)*100 -> #DIV/0! | S43: =253-150 -> 103
B44: BRC BLOOM (INCL. ROUND)
B45: SPECIAL STEEL INGOTS (ASP)
B46: SEMI FINISHED STEEL | C46: =+C42+C43 -> #REF! | D46: =+D42+D43 -> 0 | E46: =+E42+E43 -> 25913.3 | F46: =+F42+F43 -> 25913.3 | H46: =+H42+H43 -> 21000 | J46: =+(F46/H46)*100 -> 123.39667
B47: TOTAL SALEABLE STEEL | C47: =+C41+C46 -> #REF! | D47: =+D41+D46 -> #REF! | E47: =+E41+E46 -> #REF! | F47: =+F41+F46 -> #REF! | H47: =+H41+H46 -> 129000 | J47: =+(F47/H47)*100 -> #REF!
B48: STOCK DETAILS | C48: ISP | K48: DSP
C49: 01.04.24 | E49: 1ST DAY | F49: ON DATE | H49: VAR. W.R.T. 1ST | K49: 01.04.24 | L49: 1ST DAY | M49: ON DATE | O49: VAR. W.R.T. 1ST
B50: WRM / SECTION MILL | C50: =+#REF! -> #REF! | E50: =+#REF! -> #REF! | F50: =+#REF! -> #REF! | H50: =+F50-E50 -> #REF!
B51: BAR MILL / MERCHANT MILL | C51: =+#REF! -> #REF! | E51: =+#REF! -> #REF! | F51: =+#REF! -> #REF! | H51: =+F51-E51 -> #REF!
B52: USM / MSM | C52: =+#REF! -> #REF! | E52: =+#REF! -> #REF! | F52: =+#REF! -> #REF! | H52: =+F52-E52 -> #REF!
B53: WHEEL & AXLE
B54: FINISHED STEEL | C54: =+C50+C51+C52 -> #REF! | E54: =+E50+E51+E52 -> #REF! | F54: =+F50+F51+F52 -> #REF! | H54: =+F54-E54 -> #REF!
B55: BILLET | C55: =+#REF! -> #REF! | E55: =+#REF! -> #REF! | F55: =+#REF! -> #REF! | H55: =+F55-E55 -> #REF!
B56: BLOOM ( INCLUDING BEAM BLANK) | C56: =+C59-C55 -> #REF! | E56: =+E59-E55 -> #REF! | F56: =+F59-F55 -> #REF! | H56: =+F56-E56 -> #REF!
B57: BRC BLOOM (INCL. ROUND)
B58: SPECIAL STEEL INGOTS (ASP)
B59: SEMI FINISHED STEEL | C59: =+#REF! -> #REF! | E59: =+#REF! -> #REF! | F59: =+#REF! -> #REF! | H59: =+F59-E59 -> #REF!
B60: TOTAL SALEABLE STEEL | C60: =+C54+C59 -> #REF! | E60: =+E54+E59 -> #REF! | F60: =+F54+F59 -> #REF! | H60: =+F60-E60 -> #REF!

Sheet DIC REPORT-2
B2: DAILY PERFORMANCE SUMMARY
B3: =+'DIC REPORT-1'!B3 -> 46173
B4: TECHNO ECONOMIC PARAMETERS | C4: UNIT | D4: ISP | I4: DSP
D5: APP | E5: ON DATE | F5: TILL DATE | G5: PREV MONTH | I5: APP | J5: ON DATE | K5: TILL DATE | L5: PREV MONTH
B6: COKE OVEN TECHNO PARAMETERS
B7: BF Coke yield | C7: % | D7: 69.5 | E7: =+#REF! -> #REF! | F7: =+#REF! -> #REF! | G7: 69.5
B8: Imported Coal in Blend- COB-10 | C8: % | D8: 89 | E8: =+#REF! -> #REF! | F8: =+#REF! -> #REF! | G8: 90.000035
B9: Imported Coal in Blend-COB-11 | C9: % | D9: 95 | E9: =+#REF! -> #REF! | F9: =+#REF! -> #REF! | G9: 95
B10: BLAST FURNACE TECHNO PARAMETERS
B11: BF Coke Rate | C11: Kg/THM | D11: 356 | E11: =+#REF! -> #REF! | F11: =+#REF! -> #REF! | G11: 370.29487
B12: Nut Coke Rate | C12: Kg/THM | D12: 29 | E12: =+#REF! -> #REF! | F12: =+#REF! -> #REF! | G12: 31.739807
B13: CDI Rate | C13: Kg/THM | D13: 140 | E13: =+#REF! -> #REF! | F13: =+#REF! -> #REF! | G13: 125.22347
B14: Fuel Rate | C14: Kg/THM | D14: 525 | E14: =SUM(E11:E13) -> #REF! | F14: =SUM(F11:F13) -> #REF! | G14: 527.25815
B15: Sinter in Burden | C15: % | D15: 70 | E15: =+#REF! -> #REF! | F15: =+#REF! -> #REF! | G15: 71.411524
B16: Pellet in Burden | C16: % | D16: 17 | E16: =DAILYREPORT1!$I$72 -> 20 | F16: =DAILYREPORT1!$J$72 -> 17.949839 | G16: 15.252492
B17: BF Productivity | C17: T/M³/Day | D17: 2.394 | E17: =+#REF! -> #REF! | F17: =+#REF! -> #REF! | G17: 2.2569069
B18: BF Slag Rate | C18: Kg/THM | D18: 357 | E18: =+#REF! -> #REF! | F18: =+#REF! -> #REF! | G18: 326.93618
B19: Si in Hot Metal | C19: % | D19: 0.53 | E19: =+#REF! -> #REF! | F19: =+#REF! -> #REF! | G19: 0.65666268
B20: S in Hot Metal | C20: % | D20: 0.05 | E20: =D105 -> 0.048 | F20: =E105 -> 0.0519 | G20: 0.0519
B21: Hot Blast Temperature | C21: ⁰C | D21: 1200 | E21: =+#REF! -> #REF! | F21: =+#REF! -> #REF! | G21: 1148.142
B22: Avg. Hot Metal Temperature | C22: ⁰C | D22: 1500 | E22: =+#REF! -> #REF! | F22: =+#REF! -> #REF! | G22: 1513.2473
B23: ALUMINA IN SLAG (%) | C23: % | D23: 15 | E23: =DAILYREPORT1!E76 -> 605.89 | F23: =DAILYREPORT1!E78 -> 555.29 | G23: 18.572
B24: SMS TECHNO PARAMETERS
B25: TMI | C25: Kg/TCS | D25: 1096 | E25: =+E26+E27 -> #REF! | F25: =+F26+F27 -> #REF! | G25: 1096
B26: Gross Hot Metal Consumption | C26: Kg/TCS | D26: 1062 | E26: =+#REF! -> #REF! | F26: =+#REF! -> #REF! | G26: 1055.92
B27: Scrap Consumption | C27: Kg/TCS | D27: 34 | E27: =+#REF! -> #REF! | F27: =+#REF! -> #REF! | G27: 40.08
B28: Sp. Lime Consumption | C28: Kg/TCS | D28: 70 | E28: =+#REF! -> #REF! | F28: =+#REF! -> #REF! | G28: 68.29
B29: BOF Slag Rate | C29: Kg/TLS | D29: 124 | E29: =+#REF! -> #REF! | F29: =+#REF! -> #REF! | G29: 158.78
B30: Sp. Energy Consumption | C30: Gcal/TCS | D30: 6.15 | E30: =+#REF! -> #REF! | F30: =+#REF! -> #REF! | G30: 6.027
B31: Specific Power consumption | C31: KWH/TSS | D31: 516 | E31: =+DAILYREPORT1!I86 -> 798.97 | F31: =+DAILYREPORT1!J86 -> 801.24 | G31: 497.37
B33: ON DATE QUALITY | C33: ISP | H33: DSP
B34: Coke | C34: CSR | D34: CRI | E34: M10 | F34: M40 | G34: % Moist/Ash | H34: CSR | I34: CRI | J34: M10 | K34: M40 | L34: % Moisture
B35: Mixed Coke | C35: =C108 -> 65.49 | D35: =D108 -> 21.93 | E35: =E108 -> 6.29 | F35: =F108 -> 87.52 | G35: =G108 -> 1.9
B36: Ore | C36: Fe | D36: SiO2 | E36: Al2O3 | F36: OS | G36: US | H36: % Fe | I36: % Si | J36: %Al | K36: OS | L36: US
B37: Lump | C37: =+DAILYREPORT1!E89 -> 62.84 | D37: =+DAILYREPORT1!C89 -> 3 | E37: =+DAILYREPORT1!D89 -> 2.31 | F37: =D111 -> 22.266305 | G37: =E111 -> 14.589996
B38: Fines | C38: =+DAILYREPORT1!E88 -> 62.13 | D38: =+DAILYREPORT1!C88 -> 3.69 | E38: =+DAILYREPORT1!D88 -> 2.75 | F38: =D112 -> 6.658051 | G38: =E112 -> 44.703752
B40: RAW MATERIAL DETAILS | C40: ISP | H40: DSP
C41: RECEIVED | E41: STOCK | G41: STOCK LEVEL (DAYS) | H41: RECEIVED | J41: STOCK | L41: STOCK LEVEL (DAYS)
C42: ON DATE | D42: TILL DATE | E42: 1ST DAY | F42: ON DATE | H42: ON DATE | I42: TILL DATE | J42: 1ST DAY | K42: ON DATE
B43: IRON ORE LUMPS | C43: =+'RAWMATERIAL & CONSTRAINTS'!E22 -> 2160 | D43: =+'RAWMATERIAL & CONSTRAINTS'!F22 -> 46810 | E43: =+'RAWMATERIAL & CONSTRAINTS'!D22 -> 54581 | F43: =+'RAWMATERIAL & CONSTRAINTS'!H22 -> 63369 | G43: =+'RAWMATERIAL & CONSTRAINTS'!K22 -> 31.6845
B44: IRON ORE FINES | C44: =+'RAWMATERIAL & CONSTRAINTS'!E23 -> 12300 | D44: =+'RAWMATERIAL & CONSTRAINTS'!F23 -> 245012 | E44: =+'RAWMATERIAL & CONSTRAINTS'!D23 -> 8667 | F44: =+'RAWMATERIAL & CONSTRAINTS'!H23 -> 120627 | G44: =+'RAWMATERIAL & CONSTRAINTS'!K23 -> 12.0627
B45: LIMESTONE (SMS Grade) | C45: =+'RAWMATERIAL & CONSTRAINTS'!E24 -> 0 | D45: =+'RAWMATERIAL & CONSTRAINTS'!F24 -> 32653 | E45: =+'RAWMATERIAL & CONSTRAINTS'!D24 -> 2364 | F45: =+'RAWMATERIAL & CONSTRAINTS'!H24 -> 5481 | G45: =+'RAWMATERIAL & CONSTRAINTS'!K24 -> 2.8847368
B46: DOLOMITE (SP Grade) | C46: =+'RAWMATERIAL & CONSTRAINTS'!E25 -> 0 | D46: =+'RAWMATERIAL & CONSTRAINTS'!F25 -> 17449 | E46: =+'RAWMATERIAL & CONSTRAINTS'!D25 -> 5512 | F46: =+'RAWMATERIAL & CONSTRAINTS'!H25 -> 4230 | G46: =+'RAWMATERIAL & CONSTRAINTS'!K25 -> 5.2875
B47: DOLOMITE (SMS Grade) | C47: =+'RAWMATERIAL & CONSTRAINTS'!E26 -> 0 | D47: =+'RAWMATERIAL & CONSTRAINTS'!F26 -> 11911 | E47: =+'RAWMATERIAL & CONSTRAINTS'!D26 -> 10674 | F47: =+'RAWMATERIAL & CONSTRAINTS'!H26 -> 19181 | G47: =+'RAWMATERIAL & CONSTRAINTS'!K26 -> 34.874545
B48: DOLOMITE Fines | C48: =+'RAWMATERIAL & CONSTRAINTS'!O26 -> 0 | D48: =+'RAWMATERIAL & CONSTRAINTS'!P26 -> 0 | E48: =+'RAWMATERIAL & CONSTRAINTS'!N26 -> 0 | F48: =+'RAWMATERIAL & CONSTRAINTS'!S26 -> 0 | G48: =+'RAWMATERIAL & CONSTRAINTS'!V26 -> -
B49: CDI | C49: =+'RAWMATERIAL & CONSTRAINTS'!O22 -> 0 | D49: =+'RAWMATERIAL & CONSTRAINTS'!P22 -> 11354 | E49: =+'RAWMATERIAL & CONSTRAINTS'!N22 -> 10250 | F49: =+'RAWMATERIAL & CONSTRAINTS'!S22 -> 9800 | G49: =+'RAWMATERIAL & CONSTRAINTS'!V22 -> 8.9090909
B50: BOILER COAL/MIDDLINGS | C50: =+'RAWMATERIAL & CONSTRAINTS'!O23 -> 0 | D50: =+'RAWMATERIAL & CONSTRAINTS'!P23 -> 0 | E50: =+'RAWMATERIAL & CONSTRAINTS'!N23 -> 300 | F50: =+'RAWMATERIAL & CONSTRAINTS'!S23 -> 300 | G50: =+'RAWMATERIAL & CONSTRAINTS'!V23 -> -
B51: QUARTZITE | C51: =+'RAWMATERIAL & CONSTRAINTS'!O24 -> 0 | D51: =+'RAWMATERIAL & CONSTRAINTS'!P24 -> 0 | E51: =+'RAWMATERIAL & CONSTRAINTS'!N24 -> 2549 | F51: =+'RAWMATERIAL & CONSTRAINTS'!S24 -> 1750 | G51: =+'RAWMATERIAL & CONSTRAINTS'!V24 -> 14
B53: RAW MATERIAL DETAILS | C53: ISP | H53: DSP
B54: COB-10 / COB-DSP | C54: RECEIVED | E54: STOCK | G54: STOCK LEVEL (DAYS) | H54: RECEIVED | J54: STOCK | L54: STOCK LEVEL (DAYS)
C55: ON DATE | D55: TILL DATE | E55: 1ST DAY | F55: ON DATE | H55: ON DATE | I55: TILL DATE | J55: 1ST DAY | K55: ON DATE
B56: AUS - HARD | C56: =+'RAWMATERIAL & CONSTRAINTS'!E5 -> 1800 | D56: =+'RAWMATERIAL & CONSTRAINTS'!F5 -> 28972 | E56: =+'RAWMATERIAL & CONSTRAINTS'!D5 -> 1300 | F56: =+'RAWMATERIAL & CONSTRAINTS'!H5 -> 5400 | G56: =+'RAWMATERIAL & CONSTRAINTS'!J5 -> 7.3744701
B57: US - HARD | C57: =+'RAWMATERIAL & CONSTRAINTS'!E6 -> 0 | D57: =+'RAWMATERIAL & CONSTRAINTS'!F6 -> 7412 | E57: =+'RAWMATERIAL & CONSTRAINTS'!D6 -> 200 | F57: =+'RAWMATERIAL & CONSTRAINTS'!H6 -> 3800 | G57: =+'RAWMATERIAL & CONSTRAINTS'!J6 -> 25.94721
B58: MOZ-HARD/LVHR-HARD/MLV HARD | C58: =+'RAWMATERIAL & CONSTRAINTS'!E7+'RAWMATERIAL & CONSTRAINTS'!E9 -> 0 | D58: =+'RAWMATERIAL & CONSTRAINTS'!F7+'RAWMATERIAL & CONSTRAINTS'!F9 -> 7895 | E58: =+'RAWMATERIAL & CONSTRAINTS'!D7+'RAWMATERIAL & CONSTRAINTS'!D9 -> 3300 | F58: =+'RAWMATERIAL & CONSTRAINTS'!H7+'RAWMATERIAL & CONSTRAINTS'!H9 -> 5700 | G58: =+'RAWMATERIAL & CONSTRAINTS'!J9 -> 25.264388
B59: INDO-HARD/CAVAL-HARD | C59: =+'RAWMATERIAL & CONSTRAINTS'!E8 -> 0 | D59: =+'RAWMATERIAL & CONSTRAINTS'!F8 -> 3726 | E59: =+'RAWMATERIAL & CONSTRAINTS'!D8 -> 1200 | F59: =+'RAWMATERIAL & CONSTRAINTS'!H8 -> 200 | G59: =+'RAWMATERIAL & CONSTRAINTS'!J8 -> 1.3656426
B60: ICC HARD | C60: =SUM(C56:C59) -> 1800 | D60: =SUM(D56:D59) -> 48005 | E60: =SUM(E56:E59) -> 6000 | F60: =SUM(F56:F59) -> 15100
B61: AUS- SOFT | C61: =+'RAWMATERIAL & CONSTRAINTS'!E11 -> 5280 | D61: =+'RAWMATERIAL & CONSTRAINTS'!F11 -> 12949 | E61: =+'RAWMATERIAL & CONSTRAINTS'!D11 -> 1600 | F61: =+'RAWMATERIAL & CONSTRAINTS'!H11 -> 7600 | G61: =+'RAWMATERIAL & CONSTRAINTS'!J11 -> 24.420903
B62: KESTREL - SOFT | C62: =+'RAWMATERIAL & CONSTRAINTS'!E12 -> 0 | D62: =+'RAWMATERIAL & CONSTRAINTS'!F12 -> 0 | E62: =+'RAWMATERIAL & CONSTRAINTS'!D12 -> 0 | F62: =+'RAWMATERIAL & CONSTRAINTS'!H12 -> 0 | G62: =+'RAWMATERIAL & CONSTRAINTS'!J12 -> -
B63: USA-SOFT | C63: =+'RAWMATERIAL & CONSTRAINTS'!E13 -> 0 | D63: =+'RAWMATERIAL & CONSTRAINTS'!F13 -> 0 | E63: =+'RAWMATERIAL & CONSTRAINTS'!D13 -> 0 | F63: =+'RAWMATERIAL & CONSTRAINTS'!H13 -> 0 | G63: =+'RAWMATERIAL & CONSTRAINTS'!J13 -> -
B64: RUS-SOFT | C64: ='RAWMATERIAL & CONSTRAINTS'!$E$14 -> 0 | D64: ='RAWMATERIAL & CONSTRAINTS'!$F$14 -> 0 | E64: ='RAWMATERIAL & CONSTRAINTS'!$D$14 -> 6300 | F64: ='RAWMATERIAL & CONSTRAINTS'!$H$14 -> 1400 | G64: ='RAWMATERIAL & CONSTRAINTS'!$J$14 -> -
B65: ICC SOFT | C65: =SUM(C61:C64) -> 5280 | D65: =SUM(D61:D64) -> 12949 | E65: =SUM(E61:E64) -> 7900 | F65: =SUM(F61:F64) -> 9000
B66: BELHATAND
B67: JAMADOBA
B68: CHASNALLA
B69: TOTAL PCC | C69: =+'RAWMATERIAL & CONSTRAINTS'!E18 -> 0 | D69: =+'RAWMATERIAL & CONSTRAINTS'!F18 -> 3886 | E69: =+'RAWMATERIAL & CONSTRAINTS'!D18 -> 3200 | F69: =+'RAWMATERIAL & CONSTRAINTS'!H18 -> 1100 | G69: =+'RAWMATERIAL & CONSTRAINTS'!J18 -> 5.4625705
B70: GRAND TOTAL | C70: =+C60+C65+C69 -> 7080 | D70: =+D60+D65+D69 -> 64840 | E70: =+E60+E65+E69 -> 17100 | F70: =+F60+F65+F69 -> 25200
B71: COB-11 | H71: Specific Power Consumption (ISP) | I71: Dept | J71: Unit | K71: May'26 ABP | L71: May'26 (Till date)
B72: AUS - HARD | C72: =+'RAWMATERIAL & CONSTRAINTS'!N5 -> 0 | D72: =+'RAWMATERIAL & CONSTRAINTS'!O5 -> 39067 | E72: =+'RAWMATERIAL & CONSTRAINTS'!M5 -> 9070 | F72: ='RAWMATERIAL & CONSTRAINTS'!Q5 -> 10080 | G72: =+'RAWMATERIAL & CONSTRAINTS'!U5 -> 7.2107151 | I72: SMS | J72: KwH/T | K72: 84.84 | L72: =G116 -> 0
B73: US - HARD | C73: =+'RAWMATERIAL & CONSTRAINTS'!N6 -> 0 | D73: =+'RAWMATERIAL & CONSTRAINTS'!O6 -> 3803 | E73: =+'RAWMATERIAL & CONSTRAINTS'!M6 -> 0 | F73: ='RAWMATERIAL & CONSTRAINTS'!Q6 -> 3800 | G73: =+'RAWMATERIAL & CONSTRAINTS'!U6 -> - | I73: Blast Furnace | K73: 46.13 | L73: =G117 -> 0
B74: MOZ-HARD/LVHR-HARD/MLV HARD | C74: =+'RAWMATERIAL & CONSTRAINTS'!N7+'RAWMATERIAL & CONSTRAINTS'!N9 -> 0 | D74: =+'RAWMATERIAL & CONSTRAINTS'!O7+'RAWMATERIAL & CONSTRAINTS'!O9 -> 15768 | E74: =+'RAWMATERIAL & CONSTRAINTS'!M7+'RAWMATERIAL & CONSTRAINTS'!M9 -> 6060 | F74: ='RAWMATERIAL & CONSTRAINTS'!Q7+'RAWMATERIAL & CONSTRAINTS'!Q9 -> 3600 | G74: =+'RAWMATERIAL & CONSTRAINTS'!U9 -> 9.7079975 | I74: Sinter Plant | K74: 30.37 | L74: =G118 -> 0
B75: INDO-HARD/CAVAL-HARD | C75: =+'RAWMATERIAL & CONSTRAINTS'!N8 -> 0 | D75: =+'RAWMATERIAL & CONSTRAINTS'!O8 -> 11355 | E75: =+'RAWMATERIAL & CONSTRAINTS'!M8 -> 2190 | F75: ='RAWMATERIAL & CONSTRAINTS'!Q8 -> 180 | G75: =+'RAWMATERIAL & CONSTRAINTS'!U8 -> 0.43993946 | I75: COB-11 | J75: KwH/Pushing | K75: 1643.124 | L75: =G119 -> 0 | O75: =6.69*1000*24 -> 160560 | P75: =O75/99 -> 1621.8182
B76: ICC HARD | C76: =SUM(C72:C75) -> 0 | D76: =SUM(D72:D75) -> 69993 | E76: =SUM(E72:E75) -> 17320 | F76: =SUM(F72:F75) -> 17660 | H76: Av Arcing time | J76: Minutes/Heat | K76: - | L76: =G120 -> 0 | O76: =O75/99 -> 1621.8182
B77: AUS- SOFT | C77: =+'RAWMATERIAL & CONSTRAINTS'!N11 -> 0 | D77: =+'RAWMATERIAL & CONSTRAINTS'!O11 -> 11996 | E77: =+'RAWMATERIAL & CONSTRAINTS'!M11 -> 2720 | F77: ='RAWMATERIAL & CONSTRAINTS'!Q11 -> 4300 | G77: =+'RAWMATERIAL & CONSTRAINTS'!U11 -> 7.0064433 | H77: Major points - DSP: | O77: =O76/30 -> 54.060606
B78: KESTREL - SOFT | C78: =+'RAWMATERIAL & CONSTRAINTS'!N12 -> 0 | D78: =+'RAWMATERIAL & CONSTRAINTS'!O12 -> 0 | E78: =+'RAWMATERIAL & CONSTRAINTS'!M12 -> 0 | F78: ='RAWMATERIAL & CONSTRAINTS'!Q12 -> 0 | G78: =+'RAWMATERIAL & CONSTRAINTS'!U12 -> -
B79: USA-SOFT | C79: =+'RAWMATERIAL & CONSTRAINTS'!N13 -> 0 | D79: =+'RAWMATERIAL & CONSTRAINTS'!O13 -> 0 | E79: =+'RAWMATERIAL & CONSTRAINTS'!M13 -> 0 | F79: ='RAWMATERIAL & CONSTRAINTS'!Q13 -> 0 | G79: =+'RAWMATERIAL & CONSTRAINTS'!U13 -> -
B80: RUS-SOFT | C80: ='RAWMATERIAL & CONSTRAINTS'!$N$14 -> 0 | D80: ='RAWMATERIAL & CONSTRAINTS'!$O$14 -> 11512 | E80: ='RAWMATERIAL & CONSTRAINTS'!$M$14 -> 1430 | F80: ='RAWMATERIAL & CONSTRAINTS'!Q14 -> 3890 | G80: ='RAWMATERIAL & CONSTRAINTS'!$U$14 -> 16.29871
B81: ICC SOFT | C81: =SUM(C77:C80) -> 0 | D81: =SUM(D77:D80) -> 23508 | E81: =SUM(E77:E80) -> 4150 | F81: =SUM(F77:F80) -> 8190
B82: BELHATAND
B83: JAMADOBA
B84: CHASNALLA
B85: TOTAL PCC | C85: =+'RAWMATERIAL & CONSTRAINTS'!N18 -> 0 | D85: =+'RAWMATERIAL & CONSTRAINTS'!O18 -> 7491 | E85: =+'RAWMATERIAL & CONSTRAINTS'!M18 -> 350 | F85: ='RAWMATERIAL & CONSTRAINTS'!Q18 -> 3080 | G85: =+'RAWMATERIAL & CONSTRAINTS'!U18 -> 18.066847
B86: GRAND TOTAL | C86: =+C76+C81+C85 -> 0 | D86: =+D76+D81+D85 -> 100992 | E86: =+E76+E81+E85 -> 21820 | F86: =+F76+F81+F85 -> 28930
D104: On date | E104: Till date
C105: Sulphur | D105: 0.048 | E105: 0.0519
C107: CSR | D107: CRI | E107: M10 | F107: M40 | G107: % Moist/Ash
C108: 65.49 | D108: 21.93 | E108: 6.29 | F108: 87.52 | G108: 1.9
C110: Ore | D110: OS | E110: US
C111: Lump | D111: 22.266305 | E111: 14.589996
C112: Fines | D112: 6.658051 | E112: 44.703752
C115: Specific Power Consumption (ISP) | D115: Dept | E115: Unit | F115: Jun'25 ABP | G115: Jun'25 (Till date)
D116: SMS | E116: KwH/T | F116: 93.07
D117: Blast Furnace | F117: 47.6
D118: Sinter Plant | F118: 31.03
D119: COB-11 | E119: KwH/Pushing | F119: 1725.785
C120: Av Arcing time | E120: Minutes/Heat | F120: -

Sheet PROCESS FLOW
W3: SAIL - ISP PRODUCTION FLOW | AC3: =TODAY()-1 -> 46173
K6: COB-10 | W6: COB-11
F7: IRON ORE FINES | K7: =+DAILYREPORT1!C9 -> 98 | L7: =+#REF! -> #REF! | W7: =+DAILYREPORT1!C10 -> 99 | X7: =+#REF! -> #REF!
D9: FLUXES | F9: =+RAWMATERIALS!N36 -> 10704 | G9: =+RAWMATERIALS!O36 -> #REF! | H9: COKE FINES | P9: =+RAWMATERIALS!N47 -> 4654.85 | R9: =+RAWMATERIALS!O47 -> #REF!
D11: =+RAWMATERIALS!N37+RAWMATERIALS!N38 -> 2088 | E11: =+RAWMATERIALS!O37+RAWMATERIALS!O38 -> #REF! | H11: =+RAWMATERIALS!N39 -> 482 | I11: =+RAWMATERIALS!O39 -> #REF!
X13: STEEL MELTING SHOP
N14: LD SLAG
K15: IRON ORE LUMPS | N15: =+RAWMATERIALS!N51 -> 0 | O15: =+RAWMATERIALS!O51 -> #REF!
K16: =+RAWMATERIALS!N49 -> 2626 | L16: =+RAWMATERIALS!O49 -> #REF!
M17: QUARTZITE | S17: CDI | AI17: SALEABLE STEEL PRODUCTION | AM17: SALEABLE STEEL DESPATCH | AT17: CLOSING STOCK
I18: SINTER PLANT M/C-1 | M18: =+RAWMATERIALS!N50 -> 0 | N18: =+RAWMATERIALS!O50 -> #REF! | S18: =+RAWMATERIALS!F34 -> 1215 | T18: =+#REF! -> #REF! | AM18: ROAD | AO18: RAIL | AQ18: TOTAL
E19: BASE MIXPLANT | I19: =+DAILYREPORT1!C12 -> 5905 | J19: =+#REF! -> #REF! | X19: BOF-1 | Y19: =+DAILYREPORT1!C22 -> 23 | Z19: =+#REF! -> #REF! | AA19: CCM-1 | AB19: =+DAILYREPORT1!C26 -> 23 | AC19: =+#REF! -> #REF! | AI19: COILS | AJ19: =+DAILYREPORT1!C33 -> 1338.65 | AK19: =+#REF! -> #REF! | AM19: =+#REF!+#REF! -> #REF! | AN19: =+#REF!+#REF! -> #REF! | AO19: =+#REF! -> #REF! | AP19: =+#REF! -> #REF! | AQ19: =+#REF! -> #REF! | AR19: =+#REF! -> #REF! | AT19: =+#REF! -> #REF!
G20: =+RAWMATERIALS!N41 -> 13936 | H20: =+RAWMATERIALS!O41 -> #REF! | K20: TOTAL SINTER | S20: =+DAILYREPORT1!C16 -> 8804.7 | T20: =+#REF! -> #REF! | AB20: 150X150 BILLETS
K21: =+DAILYREPORT1!C14 -> 11940 | L21: =+#REF! -> #REF! | AC21: =+DAILYREPORT1!C30 -> 6236.64 | AD21: =+#REF! -> #REF!
E22: PREPARATION | AI22: BARS | AJ22: =+DAILYREPORT1!C34 -> 2341.525 | AK22: =+#REF! -> #REF! | AM22: =+#REF!+#REF! -> #REF! | AN22: =+#REF!+#REF! -> #REF! | AO22: =+#REF! -> #REF! | AP22: =+#REF! -> #REF! | AQ22: =+#REF! -> #REF! | AR22: =+#REF! -> #REF! | AT22: =+#REF! -> #REF!
E23: =+RAWMATERIALS!N40 -> 14450 | F23: =+RAWMATERIALS!O40 -> #REF! | I23: =+DAILYREPORT1!C13 -> 6035 | J23: =+#REF! -> #REF! | N23: =+RAWMATERIALS!N48 -> 11520 | O23: =+RAWMATERIALS!O48 -> #REF! | S23: =+DAILYREPORT1!C18 -> 0 | T23: =+#REF! -> #REF! | X23: BOF-2 | Y23: =+DAILYREPORT1!C23 -> 14 | Z23: =+#REF! -> #REF! | AA23: CCM-2 | AB23: =+DAILYREPORT1!C27 -> 17 | AC23: =+#REF! -> #REF!
I24: SINTER PLANT M/C-2 | AB24: 200X280 BLOOMS/BB-2/BB-3
AI25: STRUCTURALS
S26: =+DAILYREPORT1!C20 -> 0 | T26: =+#REF! -> #REF! | AC26: =+DAILYREPORT1!C31 -> 2340 | AD26: =+#REF! -> #REF! | AJ26: =+DAILYREPORT1!C35 -> 681.7 | AK26: =+#REF! -> #REF! | AM26: =+#REF!+#REF! -> #REF! | AN26: =+#REF!+#REF! -> #REF! | AO26: =+#REF! -> #REF! | AP26: =+#REF! -> #REF! | AQ26: =+#REF! -> #REF! | AR26: =+#REF! -> #REF! | AT26: =+#REF! -> #REF!
X28: BOF-3 | Y28: =+DAILYREPORT1!C24 -> 18 | Z28: =+#REF! -> #REF! | AA28: CCM-3 | AB28: =+DAILYREPORT1!C28 -> 15 | AC28: =+#REF! -> #REF! | AJ28: =+DAILYREPORT1!C37 -> 0 | AK28: =+DAILYREPORT1!D37 -> 19329 | AT28: =+#REF! -> #REF!
X29: TOTAL HEATS | Y29: =+DAILYREPORT1!C25 -> 55 | Z29: =+Z19+Z23+Z28 -> #REF! | AA29: TOTAL CASTS | AB29: =+DAILYREPORT1!C29 -> 55 | AC29: =+AC19+AC23+AC28 -> #REF! | AI29: SEMIS | AJ29: =+DAILYREPORT1!C38 -> 0 | AK29: =+DAILYREPORT1!D38 -> 3468 | AM29: =+#REF!+#REF! -> #REF! | AN29: =+#REF!+#REF! -> #REF! | AO29: =+#REF! -> #REF! | AP29: =+#REF! -> #REF! | AQ29: =+#REF! -> #REF! | AR29: =+#REF! -> #REF! | AT29: =+#REF! -> #REF!
F30: ON DATE | O30: BLAST FURNACE-5 | Z30: CRUDE STEEL | AC30: =+DAILYREPORT1!C32 -> 8576.64 | AD30: =+#REF! -> #REF!
F31: TO DATE | AG31: SALEBLE STEEL | AJ31: =+DAILYREPORT1!C39 -> 4361.875 | AK31: =+#REF! -> #REF! | AM31: =+#REF!+#REF! -> #REF! | AN31: =SUM(AN19:AN29) -> #REF! | AO31: =+#REF! -> #REF! | AP31: =SUM(AP19:AP29) -> #REF! | AQ31: =+#REF! -> #REF! | AR31: =SUM(AR19:AR29) -> #REF! | AT31: =+#REF! -> #REF!

Sheet SEMIS
F3: SAIL: Semis Stock ( In-process/Sale)- daily report
D5: 46173 | T5: Unit: 'T'
C6: Plant | D6: Blooms/Beam Blanks | G6: Billet | J6: Round | M6: Slab | P6: Ingot | S6: Pig Iron
D7: In process | E7: For sales (incl Non rollable assorted BB) | F7: *Total stock | G7: In process | H7: For sales | I7: *Total stock | J7: In process | K7: For sales | L7: Total stock | M7: In process | N7: For sales/IPT | O7: Total stock | P7: In process | Q7: For sales | R7: Total stock | S7: In process | T7: For sales | U7: Total stock
C8: BSP | F8: 0 | I8: 0 | L8: 0 | O8: 0 | R8: 0 | U8: 0
C9: DSP | F9: 0 | I9: 0 | L9: 0 | O9: 0 | R9: 0 | U9: 0
C10: RSP | F10: 0 | I10: 0 | L10: 0 | O10: 0 | R10: 0 | U10: 0
C11: BSL | F11: 0 | I11: 0 | L11: 0 | O11: 0 | R11: 0 | U11: 0
C12: ISP | D12: 46934.28 | E12: 1060.2 | F12: 48344.48 | G12: 33019.74 | H12: 13320.5 | I12: 49806.24 | T12: 2651.571 | U12: 2651.571
C13: SAIL | I13: includes F/C Discard,Bottom layer billets & DSP billets
I14: 3466
C15: Saleable Semis | E15: Finished Steel | I15: Saleable Steel | M15: ISP
C16: Movable | D16: Non-movable | E16: Movable | F16: On Hold | G16: Non-movable | I16: Movable | J16: Non-movable | M16: In-process | O16: Saleable
C17: 14380.7 | D17: 0 | E17: 17010.627 | F17: 246.5 | G17: 0 | I17: 31391.327 | J17: 0 | M17: Billets | N17: 33019.74 | O17: Billets | P17: 13320.5
M18: Blooms | N18: 3211.28 | O18: Blooms | P18: 670.2
M19: Beam Blank | N19: 43723 | O19: Non rollable assorted beam blank | P19: 390
N28: st (v)
N29: cr
